assembly_id,lod_index,mesh_count,native_mesh_count,native_coverage,explicit_triangles,explicit_triangles_known_sum,explicit_triangles_complete,effective_triangles,effective_triangles_known_sum,effective_triangles_complete,role_triangles,weapon_triangles,pet_triangles,summon_triangles,prop_triangles,incar_triangles,active_bones_proxy,active_bones_proxy_complete,primary_role_active_bones,reference_bones_unique,reference_bones_complete,skeleton_asset_bones_unique,skeleton_asset_bones_complete
Boss/AshleyBoss/Default,0,9,9,1.0,179965,179965,true,179965,179965,true,133816,46149,,,,,193,true,178,536,true,537,true
Boss/AshleyBoss/Default,1,9,8,0.8888888888888888,70025,70025,true,79110,79110,true,60130,18980,,,,,193,true,178,536,true,537,true
Boss/AshleyBoss/Default,2,9,8,0.8888888888888888,33661,33661,true,42746,42746,true,34395,8351,,,,,193,true,178,536,true,537,true
Boss/AshleyBoss/Default,3,9,8,0.8888888888888888,11205,11205,true,20290,20290,true,17681,2609,,,,,186,true,178,536,true,537,true
Boss/AshleyBoss/Default,4,9,7,0.7777777777777778,3569,3569,true,12718,12718,true,11630,1088,,,,,181,true,174,536,true,537,true
Boss/AshleyBoss/InCar,0,8,8,1.0,489003,489003,true,489003,489003,true,,,,,,489003,855,true,501,1654,true,1654,true
Boss/AshleyBoss/InCar,1,8,8,1.0,215772,215772,true,215772,215772,true,,,,,,215772,855,true,501,1654,true,1654,true
Boss/AshleyBoss/InCar,2,8,8,1.0,119996,119996,true,119996,119996,true,,,,,,119996,851,true,497,1654,true,1654,true
Boss/AshleyBoss/InCar,3,8,8,1.0,58946,58946,true,58946,58946,true,,,,,,58946,822,true,491,1654,true,1654,true
Boss/AshleyBoss/InCar,4,8,8,1.0,39399,39399,true,39399,39399,true,,,,,,39399,740,true,464,1654,true,1654,true
Boss/ChavAlex/Default,0,6,6,1.0,70398,70398,true,70398,70398,true,66848,3550,,,,,163,true,153,300,true,300,true
Boss/ChavAlex/Default,1,6,6,1.0,34870,34870,true,34870,34870,true,33139,1731,,,,,163,true,153,300,true,300,true
Boss/ChavAlex/Default,2,6,6,1.0,17610,17610,true,17610,17610,true,16816,794,,,,,163,true,153,300,true,300,true
Boss/ChavAlex/Default,3,6,6,1.0,7852,7852,true,7852,7852,true,7621,231,,,,,163,true,153,300,true,300,true
Boss/ChavAlex/Default,4,6,6,1.0,2423,2423,true,2423,2423,true,2353,70,,,,,157,true,147,300,true,300,true
Boss/ChavBobo/Default,0,5,5,1.0,51602,51602,true,51602,51602,true,47335,4267,,,,,113,true,107,248,true,249,true
Boss/ChavBobo/Default,1,5,5,1.0,26377,26377,true,26377,26377,true,24360,2017,,,,,113,true,107,248,true,249,true
Boss/ChavBobo/Default,2,5,5,1.0,14997,14997,true,14997,14997,true,13941,1056,,,,,113,true,107,248,true,249,true
Boss/ChavBobo/Default,3,5,5,1.0,5341,5341,true,5341,5341,true,5044,297,,,,,113,true,107,248,true,249,true
Boss/ChavBobo/Default,4,5,5,1.0,2094,2094,true,2094,2094,true,1933,161,,,,,113,true,107,248,true,249,true
Boss/ChavCaesar/Default,0,5,5,1.0,41023,41023,true,41023,41023,true,39511,1512,,,,,201,true,168,339,true,342,true
Boss/ChavCaesar/Default,1,5,5,1.0,21476,21476,true,21476,21476,true,20764,712,,,,,201,true,168,339,true,342,true
Boss/ChavCaesar/Default,2,5,5,1.0,15528,15528,true,15528,15528,true,15113,415,,,,,201,true,168,339,true,342,true
Boss/ChavCaesar/Default,3,5,5,1.0,5925,5925,true,5925,5925,true,5814,111,,,,,201,true,168,339,true,342,true
Boss/ChavCaesar/Default,4,5,5,1.0,2380,2380,true,2380,2380,true,2352,28,,,,,181,true,168,339,true,342,true
Boss/EliteKnight/Default,0,6,6,1.0,164739,164739,true,164739,164739,true,132542,32197,,,,,246,true,226,378,true,379,true
Boss/EliteKnight/Default,1,6,6,1.0,65887,65887,true,65887,65887,true,53016,12871,,,,,246,true,226,378,true,379,true
Boss/EliteKnight/Default,2,6,6,1.0,32936,32936,true,32936,32936,true,26507,6429,,,,,246,true,226,378,true,379,true
Boss/EliteKnight/Default,3,6,6,1.0,9874,9874,true,9874,9874,true,7952,1922,,,,,246,true,226,378,true,379,true
Boss/EliteKnight/Default,4,6,6,1.0,2956,2956,true,2956,2956,true,2385,571,,,,,210,true,193,378,true,379,true
Boss/KnightStatue/Default,0,3,3,1.0,112943,112943,true,112943,112943,true,88674,24269,,,,,163,true,158,213,true,213,true
Boss/KnightStatue/Default,1,3,3,1.0,50987,50987,true,50987,50987,true,39905,11082,,,,,163,true,158,213,true,213,true
Boss/KnightStatue/Default,2,3,3,1.0,27482,27482,true,27482,27482,true,21946,5536,,,,,163,true,158,213,true,213,true
Boss/KnightStatue/Default,3,3,3,1.0,10435,10435,true,10435,10435,true,8778,1657,,,,,163,true,158,213,true,213,true
Boss/KnightStatue/Default,4,3,3,1.0,1972,1972,true,1972,1972,true,1482,490,,,,,161,true,156,213,true,213,true
Boss/KnightStatueScb/Default,0,1,1,1.0,148763,148763,true,148763,148763,true,148763,,,,,,393,true,393,464,true,464,true
Boss/KnightStatueScb/Default,1,1,1,1.0,69403,69403,true,69403,69403,true,69403,,,,,,393,true,393,464,true,464,true
Boss/KnightStatueScb/Default,2,1,1,1.0,36668,36668,true,36668,36668,true,36668,,,,,,393,true,393,464,true,464,true
Boss/KnightStatueScb/Default,3,1,1,1.0,13566,13566,true,13566,13566,true,13566,,,,,,392,true,392,464,true,464,true
Boss/KnightStatueScb/Default,4,1,1,1.0,2981,2981,true,2981,2981,true,2981,,,,,,379,true,379,464,true,464,true
Boss/Manager/Default,0,8,8,1.0,245101,245101,true,245101,245101,true,90995,154106,,,,,389,true,272,582,true,582,true
Boss/Manager/Default,1,8,8,1.0,114762,114762,true,114762,114762,true,52680,62082,,,,,389,true,272,582,true,582,true
Boss/Manager/Default,2,8,8,1.0,63640,63640,true,63640,63640,true,32618,31022,,,,,389,true,272,582,true,582,true
Boss/Manager/Default,3,8,8,1.0,21265,21265,true,21265,21265,true,11531,9734,,,,,380,true,267,582,true,582,true
Boss/Manager/Default,4,8,8,1.0,7105,7105,true,7105,7105,true,4133,2972,,,,,367,true,260,582,true,582,true
Boss/Paraffin/Default,0,4,4,1.0,109864,109864,true,109864,109864,true,109864,,,,,,322,true,132,474,true,474,true
Boss/Paraffin/Default,1,4,4,1.0,43937,43937,true,43937,43937,true,43937,,,,,,322,true,132,474,true,474,true
Boss/Paraffin/Default,2,4,4,1.0,21964,21964,true,21964,21964,true,21964,,,,,,322,true,132,474,true,474,true
Boss/Paraffin/Default,3,4,4,1.0,6585,6585,true,6585,6585,true,6585,,,,,,320,true,131,474,true,474,true
Boss/Paraffin/Default,4,4,4,1.0,1971,1971,true,1971,1971,true,1971,,,,,,286,true,120,474,true,474,true
Boss/Predator/Default,0,1,1,1.0,98270,98270,true,98270,98270,true,98270,,,,,,229,true,229,308,true,331,true
Boss/Predator/Default,1,1,1,1.0,39858,39858,true,39858,39858,true,39858,,,,,,229,true,229,308,true,331,true
Boss/Predator/Default,2,1,1,1.0,20216,20216,true,20216,20216,true,20216,,,,,,229,true,229,308,true,331,true
Boss/Predator/Default,3,1,1,1.0,6023,6023,true,6023,6023,true,6023,,,,,,220,true,220,308,true,331,true
Boss/Predator/Default,4,1,1,1.0,2105,2105,true,2105,2105,true,2105,,,,,,217,true,217,308,true,331,true
Boss/QuarterBack/Default,0,3,3,1.0,77033,77033,true,77033,77033,true,72269,4764,,,,,157,true,155,222,true,235,true
Boss/QuarterBack/Default,1,3,3,1.0,36061,36061,true,36061,36061,true,34157,1904,,,,,157,true,155,222,true,235,true
Boss/QuarterBack/Default,2,3,3,1.0,19653,19653,true,19653,19653,true,18702,951,,,,,157,true,155,222,true,235,true
Boss/QuarterBack/Default,3,3,3,1.0,7486,7486,true,7486,7486,true,7201,285,,,,,152,true,150,222,true,235,true
Boss/QuarterBack/Default,4,3,3,1.0,2226,2226,true,2226,2226,true,2142,84,,,,,149,true,147,222,true,235,true
Boss/RedBack/Default,0,2,2,1.0,82393,82393,true,82393,82393,true,74223,8170,,,,,235,true,226,312,true,312,true
Boss/RedBack/Default,1,2,2,1.0,43444,43444,true,43444,43444,true,40177,3267,,,,,235,true,226,312,true,312,true
Boss/RedBack/Default,2,2,2,1.0,20468,20468,true,20468,20468,true,19864,604,,,,,234,true,226,312,true,312,true
Boss/RedBack/Default,3,2,2,1.0,14602,14602,true,14602,14602,true,6434,8168,,,,,231,true,222,312,true,312,true
Boss/RedBack/Default,4,2,2,1.0,10741,10741,true,10741,10741,true,2573,8168,,,,,210,true,201,312,true,312,true
Boss/RexBoss/Default,0,8,8,1.0,163801,163801,true,163801,163801,true,128361,13452,21988,,,,302,true,133,511,true,511,true
Boss/RexBoss/Default,1,8,7,0.875,76115,76115,true,81521,81521,true,66644,5380,9497,,,,300,true,133,511,true,511,true
Boss/RexBoss/Default,2,8,7,0.875,38859,38859,true,44265,44265,true,35613,2688,5964,,,,300,true,133,511,true,511,true
Boss/RexBoss/Default,3,8,7,0.875,12958,12958,true,18364,18364,true,15294,806,2264,,,,297,true,133,511,true,511,true
Boss/RexBoss/Default,4,8,7,0.875,4189,4189,true,9595,9595,true,8467,240,888,,,,288,true,133,511,true,511,true
Boss/Supervisor/Default,0,7,7,1.0,226701,226701,true,226701,226701,true,125417,101284,,,,,274,true,226,414,true,423,true
Boss/Supervisor/Default,1,7,7,1.0,116150,116150,true,116150,116150,true,73890,42260,,,,,273,true,226,414,true,423,true
Boss/Supervisor/Default,2,7,7,1.0,60721,60721,true,60721,60721,true,39453,21268,,,,,273,true,226,414,true,423,true
Boss/Supervisor/Default,3,7,7,1.0,18872,18872,true,18872,18872,true,12528,6344,,,,,272,true,225,414,true,423,true
Boss/Supervisor/Default,4,7,7,1.0,5298,5298,true,5298,5298,true,3482,1816,,,,,243,true,203,414,true,423,true
Boss/Vulture/Default,0,1,1,1.0,116707,116707,true,116707,116707,true,116707,,,,,,354,true,354,481,true,586,true
Boss/Vulture/Default,1,1,1,1.0,57490,57490,true,57490,57490,true,57490,,,,,,352,true,352,481,true,586,true
Boss/Vulture/Default,2,1,1,1.0,29396,29396,true,29396,29396,true,29396,,,,,,352,true,352,481,true,586,true
Boss/Vulture/Default,3,1,1,1.0,9083,9083,true,9083,9083,true,9083,,,,,,348,true,348,481,true,586,true
Boss/Vulture/Default,4,1,1,1.0,2861,2861,true,2861,2861,true,2861,,,,,,339,true,339,481,true,586,true
Hero/Alf/Default/Combat,0,8,8,1.0,148129,148129,true,148129,148129,true,95372,52757,,,,,286,true,199,538,true,538,true
Hero/Alf/Default/Combat,1,8,8,1.0,66862,66862,true,66862,66862,true,45472,21390,,,,,285,true,199,538,true,538,true
Hero/Alf/Default/Combat,2,8,8,1.0,39327,39327,true,39327,39327,true,21536,17791,,,,,285,true,199,538,true,538,true
Hero/Alf/Default/Combat,3,8,8,1.0,17288,17288,true,17288,17288,true,6342,10946,,,,,279,true,199,538,true,538,true
Hero/Alf/Default/Combat,4,8,8,1.0,11000,11000,true,11000,11000,true,1876,9124,,,,,259,true,199,538,true,538,true
Hero/Alf/Default/Show,0,2,2,1.0,10351,10351,true,10351,10351,true,7485,2866,,,,,49,true,45,437,true,437,true
Hero/Alf/Default/Show,1,2,1,0.5,1392,1392,true,8877,8877,true,7485,1392,,,,,49,true,45,437,true,437,true
Hero/Alf/Default/Show,2,2,1,0.5,702,702,true,8187,8187,true,7485,702,,,,,49,true,45,437,true,437,true
Hero/Alf/Default/Show,3,2,1,0.5,209,209,true,7694,7694,true,7485,209,,,,,49,true,45,437,true,437,true
Hero/Alf/Default/Show,4,2,1,0.5,62,62,true,7547,7547,true,7485,62,,,,,48,true,45,437,true,437,true
Hero/Argos/Default/Combat,0,9,9,1.0,119953,119953,true,119953,119953,true,77111,42842,,,,,200,true,171,409,true,410,true
Hero/Argos/Default/Combat,1,9,9,1.0,58404,58404,true,58404,58404,true,40492,17912,,,,,200,true,171,409,true,410,true
Hero/Argos/Default/Combat,2,9,9,1.0,28389,28389,true,28389,28389,true,19809,8580,,,,,200,true,171,409,true,410,true
Hero/Argos/Default/Combat,3,9,9,1.0,8537,8537,true,8537,8537,true,6079,2458,,,,,193,true,166,409,true,410,true
Hero/Argos/Default/Combat,4,9,9,1.0,2606,2606,true,2606,2606,true,1812,794,,,,,179,true,162,409,true,410,true
Hero/Argos/Default/Show,0,1,1,1.0,5082,5082,true,5082,5082,true,5082,,,,,,41,true,41,368,true,368,true
Hero/Ashley/Default/Combat,0,12,12,1.0,424760,424760,true,424760,424760,true,124731,300029,,,,,970,true,178,1528,true,1565,true
Hero/Ashley/Default/Combat,1,12,12,1.0,171666,171666,true,171666,171666,true,51045,120621,,,,,967,true,178,1528,true,1565,true
Hero/Ashley/Default/Combat,2,12,12,1.0,84478,84478,true,84478,84478,true,25310,59168,,,,,961,true,178,1528,true,1565,true
Hero/Ashley/Default/Combat,3,12,12,1.0,26491,26491,true,26491,26491,true,8596,17895,,,,,909,true,178,1528,true,1565,true
Hero/Ashley/Default/Combat,4,12,12,1.0,8207,8207,true,8207,8207,true,2545,5662,,,,,745,true,174,1528,true,1565,true
Hero/Ashley/Default/Show,0,2,2,1.0,307879,307879,true,307879,307879,true,7679,300200,,,,,348,true,39,862,true,862,true
Hero/Ashley/Default/Show,1,2,1,0.5,120079,120079,true,127758,127758,true,7679,120079,,,,,348,true,39,862,true,862,true
Hero/Ashley/Default/Show,2,2,1,0.5,60039,60039,true,67718,67718,true,7679,60039,,,,,348,true,39,862,true,862,true
Hero/Ashley/Default/Show,3,2,1,0.5,18011,18011,true,25690,25690,true,7679,18011,,,,,332,true,39,862,true,862,true
Hero/Ashley/Default/Show,4,2,1,0.5,5403,5403,true,13082,13082,true,7679,5403,,,,,282,true,39,862,true,862,true
Hero/Ashley/World/Combat,0,4,4,1.0,113432,113432,true,113432,113432,true,113432,,,,,,228,true,228,466,true,466,true
Hero/Ashley/World/Combat,1,4,4,1.0,52919,52919,true,52919,52919,true,52919,,,,,,228,true,228,466,true,466,true
Hero/Ashley/World/Combat,2,4,4,1.0,21650,21650,true,21650,21650,true,21650,,,,,,214,true,214,466,true,466,true
Hero/Ashley/World/Combat,3,4,4,1.0,7155,7155,true,7155,7155,true,7155,,,,,,226,true,226,466,true,466,true
Hero/Ashley/World/Combat,4,4,4,1.0,2352,2352,true,2352,2352,true,2352,,,,,,213,true,213,466,true,466,true
Hero/Bentham/Default/Combat,0,5,5,1.0,118118,118118,true,118118,118118,true,108284,9834,,,,,240,true,209,484,true,486,true
Hero/Bentham/Default/Combat,1,5,5,1.0,51564,51564,true,51564,51564,true,47646,3918,,,,,242,true,211,484,true,486,true
Hero/Bentham/Default/Combat,2,5,5,1.0,27515,27515,true,27515,27515,true,24929,2586,,,,,242,true,211,484,true,486,true
Hero/Bentham/Default/Combat,3,5,5,1.0,8224,8224,true,8224,8224,true,7479,745,,,,,240,true,209,484,true,486,true
Hero/Bentham/Default/Combat,4,5,5,1.0,2571,2571,true,2571,2571,true,2253,318,,,,,240,true,209,484,true,486,true
Hero/Bentham/Default/Show,0,3,3,1.0,21539,21539,true,21539,21539,true,5496,16043,,,,,101,true,41,514,true,516,true
Hero/Bentham/Default/Show,1,3,2,0.6666666666666666,6941,6941,true,12437,12437,true,5496,6941,,,,,101,true,41,514,true,516,true
Hero/Bentham/Default/Show,2,3,2,0.6666666666666666,4051,4051,true,9547,9547,true,5496,4051,,,,,100,true,41,514,true,516,true
Hero/Bentham/Default/Show,3,3,2,0.6666666666666666,1183,1183,true,6679,6679,true,5496,1183,,,,,100,true,41,514,true,516,true
Hero/Bentham/Default/Show,4,3,2,0.6666666666666666,448,448,true,5944,5944,true,5496,448,,,,,100,true,41,514,true,516,true
Hero/Cynthia/Default/Combat,0,11,11,1.0,155079,155079,true,155079,155079,true,110213,28047,16819,,,,423,true,186,706,true,728,true
Hero/Cynthia/Default/Combat,1,11,11,1.0,72616,72616,true,72616,72616,true,53442,11592,7582,,,,421,true,186,706,true,728,true
Hero/Cynthia/Default/Combat,2,11,11,1.0,33990,33990,true,33990,33990,true,24417,5622,3951,,,,421,true,186,706,true,728,true
Hero/Cynthia/Default/Combat,3,11,11,1.0,11016,11016,true,11016,11016,true,7719,1600,1697,,,,395,true,186,706,true,728,true
Hero/Cynthia/Default/Combat,4,11,11,1.0,3749,3749,true,3749,3749,true,2544,519,686,,,,344,true,184,706,true,728,true
Hero/Cynthia/Default/Show,0,2,2,1.0,6467,6467,true,6467,6467,true,6407,60,,,,,56,true,54,382,true,382,true
Hero/Cynthia/Default/Show,1,2,1,0.5,38,38,true,6445,6445,true,6407,38,,,,,56,true,54,382,true,382,true
Hero/Cynthia/Default/Show,2,2,1,0.5,26,26,true,6433,6433,true,6407,26,,,,,56,true,54,382,true,382,true
Hero/Cynthia/Default/Show,3,2,1,0.5,14,14,true,6421,6421,true,6407,14,,,,,56,true,54,382,true,382,true
Hero/Cynthia/Default/Show,4,2,1,0.5,8,8,true,6415,6415,true,6407,8,,,,,56,true,54,382,true,382,true
Hero/Firtho/Default/Combat,0,5,5,1.0,81179,81179,true,81179,81179,true,71871,9308,,,,,190,true,178,398,true,398,true
Hero/Firtho/Default/Combat,1,5,5,1.0,47824,47824,true,47824,47824,true,44108,3716,,,,,190,true,178,398,true,398,true
Hero/Firtho/Default/Combat,2,5,5,1.0,22905,22905,true,22905,22905,true,21058,1847,,,,,190,true,178,398,true,398,true
Hero/Firtho/Default/Combat,3,5,5,1.0,6796,6796,true,6796,6796,true,6291,505,,,,,188,true,177,398,true,398,true
Hero/Firtho/Default/Combat,4,5,5,1.0,2299,2299,true,2299,2299,true,2004,295,,,,,185,true,173,398,true,398,true
Hero/Firtho/Default/Show,0,1,1,1.0,4956,4956,true,4956,4956,true,4956,,,,,,44,true,44,379,true,379,true
Hero/Gratia/Default/Combat,0,8,8,1.0,288094,288094,true,288094,288094,true,242705,45389,,,,,292,true,270,546,true,559,true
Hero/Gratia/Default/Combat,1,8,8,1.0,117168,117168,true,117168,117168,true,99252,17916,,,,,292,true,270,546,true,559,true
Hero/Gratia/Default/Combat,2,8,8,1.0,57612,57612,true,57612,57612,true,48622,8990,,,,,290,true,268,546,true,559,true
Hero/Gratia/Default/Combat,3,8,8,1.0,17457,17457,true,17457,17457,true,15085,2372,,,,,292,true,270,546,true,559,true
Hero/Gratia/Default/Combat,4,8,8,1.0,5385,5385,true,5385,5385,true,4498,887,,,,,287,true,265,546,true,559,true
Hero/Gratia/Default/Show,0,1,1,1.0,5571,5571,true,5571,5571,true,5571,,,,,,53,true,53,511,true,524,true
Hero/Grimm/Default/Combat,0,12,12,1.0,115989,115989,true,115989,115989,true,95741,20248,,,,,204,true,166,411,true,417,true
Hero/Grimm/Default/Combat,1,12,12,1.0,64426,64426,true,64426,64426,true,55297,9129,,,,,204,true,166,411,true,417,true
Hero/Grimm/Default/Combat,2,12,12,1.0,32048,32048,true,32048,32048,true,27500,4548,,,,,204,true,166,411,true,417,true
Hero/Grimm/Default/Combat,3,12,12,1.0,10020,10020,true,10020,10020,true,8438,1582,,,,,203,true,166,411,true,417,true
Hero/Grimm/Default/Combat,4,12,12,1.0,3047,3047,true,3047,3047,true,2517,530,,,,,192,true,164,411,true,417,true
Hero/Grimm/Default/Show,0,1,1,1.0,4728,4728,true,4728,4728,true,4728,,,,,,49,true,49,376,true,376,true
Hero/Guna/Default/Combat,0,5,5,1.0,119955,119955,true,119955,119955,true,105250,14705,,,,,279,true,279,499,true,510,true
Hero/Guna/Default/Combat,1,5,5,1.0,48950,48950,true,48950,48950,true,42974,5976,,,,,279,true,279,499,true,510,true
Hero/Guna/Default/Combat,2,5,5,1.0,23907,23907,true,23907,23907,true,20971,2936,,,,,279,true,279,499,true,510,true
Hero/Guna/Default/Combat,3,5,5,1.0,7389,7389,true,7389,7389,true,6509,880,,,,,279,true,279,499,true,510,true
Hero/Guna/Default/Combat,4,5,5,1.0,2187,2187,true,2187,2187,true,2032,155,,,,,273,true,273,499,true,510,true
Hero/Guna/Default/Show,0,4,4,1.0,10934,10934,true,10934,10934,true,5104,5830,,,,,78,true,55,536,true,536,true
Hero/Guna/Default/Show,1,4,3,0.75,2329,2329,true,7433,7433,true,5104,2329,,,,,78,true,55,536,true,536,true
Hero/Guna/Default/Show,2,4,3,0.75,1161,1161,true,6265,6265,true,5104,1161,,,,,78,true,55,536,true,536,true
Hero/Guna/Default/Show,3,4,3,0.75,347,347,true,5451,5451,true,5104,347,,,,,78,true,55,536,true,536,true
Hero/Guna/Default/Show,4,4,3,0.75,99,99,true,5203,5203,true,5104,99,,,,,78,true,55,536,true,536,true
Hero/Hugin/Default/Combat,0,8,8,1.0,264477,264477,true,264477,264477,true,221554,42923,,,,,267,true,250,536,true,536,true
Hero/Hugin/Default/Combat,1,8,8,1.0,130444,130444,true,130444,130444,true,113645,16799,,,,,267,true,250,536,true,536,true
Hero/Hugin/Default/Combat,2,8,8,1.0,65056,65056,true,65056,65056,true,57108,7948,,,,,267,true,250,536,true,536,true
Hero/Hugin/Default/Combat,3,8,8,1.0,20635,20635,true,20635,20635,true,18293,2342,,,,,264,true,249,536,true,536,true
Hero/Hugin/Default/Combat,4,8,8,1.0,6936,6936,true,6936,6936,true,6218,718,,,,,262,true,248,536,true,536,true
Hero/Hugin/Default/Show,0,3,3,1.0,14609,14609,true,14609,14609,true,4942,9667,,,,,67,true,54,509,true,509,true
Hero/Hugin/Default/Show,1,3,2,0.6666666666666666,4369,4369,true,9311,9311,true,4942,4369,,,,,67,true,54,509,true,509,true
Hero/Hugin/Default/Show,2,3,2,0.6666666666666666,1868,1868,true,6810,6810,true,4942,1868,,,,,67,true,54,509,true,509,true
Hero/Hugin/Default/Show,3,3,2,0.6666666666666666,605,605,true,5547,5547,true,4942,605,,,,,67,true,54,509,true,509,true
Hero/Hugin/Default/Show,4,3,2,0.6666666666666666,208,208,true,5150,5150,true,4942,208,,,,,66,true,54,509,true,509,true
Hero/Lisa/Default/Combat,0,13,13,1.0,161977,161977,true,161977,161977,true,85282,59237,17458,,,,674,true,257,1112,true,1117,true
Hero/Lisa/Default/Combat,1,13,12,0.9230769230769231,68387,68387,true,85845,85845,true,44581,23806,17458,,,,672,true,257,1112,true,1117,true
Hero/Lisa/Default/Combat,2,13,12,0.9230769230769231,33702,33702,true,51160,51160,true,21772,11930,17458,,,,671,true,257,1112,true,1117,true
Hero/Lisa/Default/Combat,3,13,12,0.9230769230769231,10232,10232,true,27690,27690,true,6608,3624,17458,,,,669,true,254,1112,true,1117,true
Hero/Lisa/Default/Combat,4,13,12,0.9230769230769231,3027,3027,true,20485,20485,true,2011,1016,17458,,,,612,true,239,1112,true,1117,true
Hero/Lisa/Default/Show,0,1,1,1.0,5722,5722,true,5722,5722,true,5722,,,,,,47,true,47,509,true,514,true
Hero/Lorin/Default/Combat,0,6,6,1.0,86276,86276,true,86276,86276,true,83200,3076,,,,,173,true,166,336,true,336,true
Hero/Lorin/Default/Combat,1,6,6,1.0,47779,47779,true,47779,47779,true,46422,1357,,,,,173,true,166,336,true,336,true
Hero/Lorin/Default/Combat,2,6,6,1.0,23336,23336,true,23336,23336,true,22674,662,,,,,172,true,165,336,true,336,true
Hero/Lorin/Default/Combat,3,6,6,1.0,7115,7115,true,7115,7115,true,6919,196,,,,,169,true,162,336,true,336,true
Hero/Lorin/Default/Combat,4,6,6,1.0,2334,2334,true,2334,2334,true,2281,53,,,,,166,true,160,336,true,336,true
Hero/Lorin/Default/Show,0,1,1,1.0,4866,4866,true,4866,4866,true,4866,,,,,,39,true,39,312,true,312,true
Hero/Munin/Default/Combat,0,8,8,1.0,257188,257188,true,257188,257188,true,214494,42694,,,,,189,true,172,434,true,438,true
Hero/Munin/Default/Combat,1,8,8,1.0,135738,135738,true,135738,135738,true,118673,17065,,,,,189,true,172,434,true,438,true
Hero/Munin/Default/Combat,2,8,8,1.0,66502,66502,true,66502,66502,true,58719,7783,,,,,189,true,172,434,true,438,true
Hero/Munin/Default/Combat,3,8,8,1.0,19726,19726,true,19726,19726,true,17443,2283,,,,,188,true,172,434,true,438,true
Hero/Munin/Default/Combat,4,8,8,1.0,6105,6105,true,6105,6105,true,5394,711,,,,,184,true,170,434,true,438,true
Hero/Munin/Default/Show,0,8,8,1.0,62783,62783,true,62783,62783,true,4982,57801,,,,,108,true,58,456,true,481,true
Hero/Munin/Default/Show,1,8,7,0.875,28475,28475,true,33457,33457,true,4982,28475,,,,,108,true,58,456,true,481,true
Hero/Munin/Default/Show,2,8,7,0.875,13580,13580,true,18562,18562,true,4982,13580,,,,,108,true,58,456,true,481,true
Hero/Munin/Default/Show,3,8,7,0.875,10223,10223,true,15205,15205,true,4982,10223,,,,,108,true,58,456,true,481,true
Hero/Munin/Default/Show,4,8,7,0.875,7713,7713,true,12695,12695,true,4982,7713,,,,,102,true,58,456,true,481,true
Hero/Rex/Default/Combat,0,6,6,1.0,138809,138809,true,138809,138809,true,122955,15854,,,,,177,true,177,410,true,410,true
Hero/Rex/Default/Combat,1,6,6,1.0,67589,67589,true,67589,67589,true,61238,6351,,,,,177,true,177,410,true,410,true
Hero/Rex/Default/Combat,2,6,6,1.0,33382,33382,true,33382,33382,true,30207,3175,,,,,177,true,177,410,true,410,true
Hero/Rex/Default/Combat,3,6,6,1.0,10835,10835,true,10835,10835,true,9888,947,,,,,177,true,177,410,true,410,true
Hero/Rex/Default/Combat,4,6,6,1.0,3346,3346,true,3346,3346,true,3061,285,,,,,177,true,177,410,true,410,true
Hero/Rex/Default/Show,0,1,1,1.0,5406,5406,true,5406,5406,true,5406,,,,,,45,true,45,410,true,410,true
Hero/Rosy/Default/Combat,0,12,12,1.0,248373,248373,true,248373,248373,true,184061,64312,,,,,463,true,264,690,true,714,true
Hero/Rosy/Default/Combat,1,12,12,1.0,110631,110631,true,110631,110631,true,82917,27714,,,,,463,true,264,690,true,714,true
Hero/Rosy/Default/Combat,2,12,12,1.0,61347,61347,true,61347,61347,true,45573,15774,,,,,463,true,264,690,true,714,true
Hero/Rosy/Default/Combat,3,12,12,1.0,22337,22337,true,22337,22337,true,14788,7549,,,,,456,true,258,690,true,714,true
Hero/Rosy/Default/Combat,4,12,12,1.0,10125,10125,true,10125,10125,true,4564,5561,,,,,409,true,217,690,true,714,true
Hero/Rosy/Default/Show,0,9,9,1.0,24528,24528,true,24528,24528,true,5936,18592,,,,,128,true,43,581,true,828,true
Hero/Rosy/Default/Show,1,9,8,0.8888888888888888,10859,10859,true,16795,16795,true,5936,10859,,,,,128,true,43,581,true,828,true
Hero/Rosy/Default/Show,2,9,8,0.8888888888888888,7028,7028,true,12964,12964,true,5936,7028,,,,,128,true,43,581,true,828,true
Hero/Rosy/Default/Show,3,9,8,0.8888888888888888,4653,4653,true,10589,10589,true,5936,4653,,,,,128,true,43,581,true,828,true
Hero/Rosy/Default/Show,4,9,8,0.8888888888888888,3939,3939,true,9875,9875,true,5936,3939,,,,,128,true,43,581,true,828,true
Mob/Bayonet/MaidBayonet/Default,0,6,6,1.0,157289,157289,true,157289,157289,true,145020,12269,,,,,248,true,234,384,true,384,true
Mob/Bayonet/MaidBayonet/Default,1,6,6,1.0,86740,86740,true,86740,86740,true,80745,5995,,,,,248,true,234,384,true,384,true
Mob/Bayonet/MaidBayonet/Default,2,6,6,1.0,44918,44918,true,44918,44918,true,41607,3311,,,,,248,true,234,384,true,384,true
Mob/Bayonet/MaidBayonet/Default,3,6,6,1.0,17322,17322,true,17322,17322,true,16361,961,,,,,243,true,230,384,true,384,true
Mob/Bayonet/MaidBayonet/Default,4,6,6,1.0,9092,9092,true,9092,9092,true,8744,348,,,,,242,true,230,384,true,384,true
Mob/CandleMob/CandleStub/Default,0,1,1,1.0,5756,5756,true,5756,5756,true,5756,,,,,,19,true,19,32,true,32,true
Mob/CandleMob/CandleStub/Default,1,1,1,1.0,2878,2878,true,2878,2878,true,2878,,,,,,19,true,19,32,true,32,true
Mob/CandleMob/CandleStub/Default,2,1,1,1.0,1440,1440,true,1440,1440,true,1440,,,,,,19,true,19,32,true,32,true
Mob/CandleMob/CandleStub/Default,3,1,1,1.0,432,432,true,432,432,true,432,,,,,,19,true,19,32,true,32,true
Mob/CandleMob/CandleStub/Default,4,1,1,1.0,128,128,true,128,128,true,128,,,,,,17,true,17,32,true,32,true
Mob/CandleMob/Candleman/Default,0,3,3,1.0,,28911,false,,28911,false,,,,,,,,false,85,316,true,323,true
Mob/CandleMob/Candleman/Default,1,3,3,1.0,,11562,false,,11562,false,,,,,,,,false,83,316,true,323,true
Mob/CandleMob/Candleman/Default,2,3,3,1.0,20224,20224,true,20224,20224,true,20224,,,,,,169,true,81,316,true,323,true
Mob/CandleMob/Candleman/Default,3,3,3,1.0,5532,5532,true,5532,5532,true,5532,,,,,,153,true,65,316,true,323,true
Mob/CandleMob/Candleman/Default,4,3,3,1.0,2329,2329,true,2329,2329,true,2329,,,,,,145,true,57,316,true,323,true
Mob/Cargo/CargoProtector/Default,0,1,1,1.0,77157,77157,true,77157,77157,true,77157,,,,,,84,true,84,162,true,162,true
Mob/Cargo/CargoProtector/Default,1,1,1,1.0,39579,39579,true,39579,39579,true,39579,,,,,,84,true,84,162,true,162,true
Mob/Cargo/CargoProtector/Default,2,1,1,1.0,19082,19082,true,19082,19082,true,19082,,,,,,84,true,84,162,true,162,true
Mob/Cargo/CargoProtector/Default,3,1,1,1.0,5843,5843,true,5843,5843,true,5843,,,,,,84,true,84,162,true,162,true
Mob/Cargo/CargoProtector/Default,4,1,1,1.0,1718,1718,true,1718,1718,true,1718,,,,,,84,true,84,162,true,162,true
Mob/ChastDefault/Chastener/Default,0,1,1,1.0,56442,56442,true,56442,56442,true,56442,,,,,,83,true,83,185,true,191,true
Mob/ChastDefault/Chastener/Default,1,1,1,1.0,30526,30526,true,30526,30526,true,30526,,,,,,83,true,83,185,true,191,true
Mob/ChastDefault/Chastener/Default,2,1,1,1.0,16873,16873,true,16873,16873,true,16873,,,,,,83,true,83,185,true,191,true
Mob/ChastDefault/Chastener/Default,3,1,1,1.0,6483,6483,true,6483,6483,true,6483,,,,,,82,true,82,185,true,191,true
Mob/ChastDefault/Chastener/Default,4,1,1,1.0,2726,2726,true,2726,2726,true,2726,,,,,,80,true,80,185,true,191,true
Mob/Chav/ChavChubby/Default,0,1,1,1.0,55415,55415,true,55415,55415,true,55415,,,,,,117,true,117,160,true,208,true
Mob/Chav/ChavChubby/Default,1,1,1,1.0,38758,38758,true,38758,38758,true,38758,,,,,,117,true,117,160,true,208,true
Mob/Chav/ChavChubby/Default,2,1,1,1.0,19485,19485,true,19485,19485,true,19485,,,,,,117,true,117,160,true,208,true
Mob/Chav/ChavChubby/Default,3,1,1,1.0,5399,5399,true,5399,5399,true,5399,,,,,,117,true,117,160,true,208,true
Mob/Chav/ChavChubby/Default,4,1,1,1.0,1610,1610,true,1610,1610,true,1610,,,,,,113,true,113,160,true,208,true
Mob/Cicada/Default,0,2,2,1.0,32768,32768,true,32768,32768,true,32768,,,,,,143,true,142,201,true,201,true
Mob/Cicada/Default,1,2,2,1.0,13103,13103,true,13103,13103,true,13103,,,,,,143,true,142,201,true,201,true
Mob/Cicada/Default,2,2,2,1.0,6549,6549,true,6549,6549,true,6549,,,,,,132,true,131,201,true,201,true
Mob/Cicada/Default,3,2,2,1.0,1962,1962,true,1962,1962,true,1962,,,,,,119,true,118,201,true,201,true
Mob/Cicada/Default,4,2,2,1.0,585,585,true,585,585,true,585,,,,,,103,true,102,201,true,201,true
Mob/Debt/DebtCollector/Default,0,2,2,1.0,70601,70601,true,70601,70601,true,60965,9636,,,,,142,true,136,247,true,247,true
Mob/Debt/DebtCollector/Default,1,2,2,1.0,37797,37797,true,37797,37797,true,33309,4488,,,,,142,true,136,247,true,247,true
Mob/Debt/DebtCollector/Default,2,2,2,1.0,21552,21552,true,21552,21552,true,19143,2409,,,,,142,true,136,247,true,247,true
Mob/Debt/DebtCollector/Default,3,2,2,1.0,6409,6409,true,6409,6409,true,5492,917,,,,,140,true,134,247,true,247,true
Mob/Debt/DebtCollector/Default,4,2,2,1.0,1964,1964,true,1964,1964,true,1711,253,,,,,136,true,130,247,true,247,true
Mob/DroneDefault/Default,0,2,2,1.0,25929,25929,true,25929,25929,true,24005,1924,,,,,27,true,24,33,true,33,true
Mob/DroneDefault/Default,1,2,2,1.0,12884,12884,true,12884,12884,true,12128,756,,,,,27,true,24,33,true,33,true
Mob/DroneDefault/Default,2,2,2,1.0,6570,6570,true,6570,6570,true,6102,468,,,,,27,true,24,33,true,33,true
Mob/DroneDefault/Default,3,2,2,1.0,1918,1918,true,1918,1918,true,1782,136,,,,,27,true,24,33,true,33,true
Mob/DroneDefault/Default,4,2,2,1.0,579,579,true,579,579,true,537,42,,,,,27,true,24,33,true,33,true
Mob/Female/EnforcerFemale/Default,0,3,3,1.0,49550,49550,true,49550,49550,true,39214,10336,,,,,101,true,80,145,true,153,true
Mob/Female/EnforcerFemale/Default,1,3,3,1.0,26087,26087,true,26087,26087,true,20935,5152,,,,,101,true,80,145,true,153,true
Mob/Female/EnforcerFemale/Default,2,3,3,1.0,13679,13679,true,13679,13679,true,11135,2544,,,,,101,true,80,145,true,153,true
Mob/Female/EnforcerFemale/Default,3,3,3,1.0,4613,4613,true,4613,4613,true,3849,764,,,,,101,true,80,145,true,153,true
Mob/Female/EnforcerFemale/Default,4,3,3,1.0,1267,1267,true,1267,1267,true,1064,203,,,,,100,true,80,145,true,153,true
Mob/Female/EnforcerIron/Default,0,2,2,1.0,63885,63885,true,63885,63885,true,51922,11963,,,,,174,true,172,274,true,274,true
Mob/Female/EnforcerIron/Default,1,2,2,1.0,34640,34640,true,34640,34640,true,28659,5981,,,,,174,true,172,274,true,274,true
Mob/Female/EnforcerIron/Default,2,2,2,1.0,19351,19351,true,19351,19351,true,16321,3030,,,,,174,true,172,274,true,274,true
Mob/Female/EnforcerIron/Default,3,2,2,1.0,6441,6441,true,6441,6441,true,5553,888,,,,,174,true,172,274,true,274,true
Mob/Female/EnforcerIron/Default,4,2,2,1.0,1928,1928,true,1928,1928,true,1671,257,,,,,174,true,172,274,true,274,true
Mob/Female/HoodieWoman/Default,0,3,3,1.0,51576,51576,true,51576,51576,true,44752,6824,,,,,116,true,107,152,true,152,true
Mob/Female/HoodieWoman/Default,1,3,3,1.0,24504,24504,true,24504,24504,true,21332,3172,,,,,116,true,107,152,true,152,true
Mob/Female/HoodieWoman/Default,2,3,3,1.0,11146,11146,true,11146,11146,true,9494,1652,,,,,116,true,107,152,true,152,true
Mob/Female/HoodieWoman/Default,3,3,2,0.6666666666666666,3420,3420,true,4246,4246,true,3184,1062,,,,,112,true,103,152,true,152,true
Mob/Female/HoodieWoman/Default,4,3,2,0.6666666666666666,1439,1439,true,2265,2265,true,1349,916,,,,,109,true,100,152,true,152,true
Mob/Fish/SilverFish/Default,0,1,1,1.0,8132,8132,true,8132,8132,true,8132,,,,,,16,true,16,16,true,16,true
Mob/Fish/SilverFish/Default,1,1,1,1.0,3252,3252,true,3252,3252,true,3252,,,,,,16,true,16,16,true,16,true
Mob/Fish/SilverFish/Default,2,1,1,1.0,1625,1625,true,1625,1625,true,1625,,,,,,16,true,16,16,true,16,true
Mob/Fish/SilverFish/Default,3,1,1,1.0,487,487,true,487,487,true,487,,,,,,16,true,16,16,true,16,true
Mob/Fish/SilverFish/Default,4,1,1,1.0,145,145,true,145,145,true,145,,,,,,16,true,16,16,true,16,true
Mob/Fish/SilverFishEletrical/Default,0,1,1,1.0,8132,8132,true,8132,8132,true,8132,,,,,,16,true,16,16,true,16,true
Mob/Fish/SilverFishEletrical/Default,1,1,1,1.0,3252,3252,true,3252,3252,true,3252,,,,,,16,true,16,16,true,16,true
Mob/Fish/SilverFishEletrical/Default,2,1,1,1.0,1625,1625,true,1625,1625,true,1625,,,,,,16,true,16,16,true,16,true
Mob/Fish/SilverFishEletrical/Default,3,1,1,1.0,487,487,true,487,487,true,487,,,,,,16,true,16,16,true,16,true
Mob/Fish/SilverFishEletrical/Default,4,1,1,1.0,145,145,true,145,145,true,145,,,,,,16,true,16,16,true,16,true
Mob/Fish/SilverFishFallout/Default,0,1,1,1.0,8132,8132,true,8132,8132,true,8132,,,,,,16,true,16,16,true,16,true
Mob/Fish/SilverFishFallout/Default,1,1,1,1.0,3252,3252,true,3252,3252,true,3252,,,,,,16,true,16,16,true,16,true
Mob/Fish/SilverFishFallout/Default,2,1,1,1.0,1625,1625,true,1625,1625,true,1625,,,,,,16,true,16,16,true,16,true
Mob/Fish/SilverFishFallout/Default,3,1,1,1.0,487,487,true,487,487,true,487,,,,,,16,true,16,16,true,16,true
Mob/Fish/SilverFishFallout/Default,4,1,1,1.0,145,145,true,145,145,true,145,,,,,,16,true,16,16,true,16,true
Mob/Fish/SilverFishFire/Default,0,1,1,1.0,8132,8132,true,8132,8132,true,8132,,,,,,16,true,16,16,true,16,true
Mob/Fish/SilverFishFire/Default,1,1,1,1.0,3252,3252,true,3252,3252,true,3252,,,,,,16,true,16,16,true,16,true
Mob/Fish/SilverFishFire/Default,2,1,1,1.0,1625,1625,true,1625,1625,true,1625,,,,,,16,true,16,16,true,16,true
Mob/Fish/SilverFishFire/Default,3,1,1,1.0,487,487,true,487,487,true,487,,,,,,16,true,16,16,true,16,true
Mob/Fish/SilverFishFire/Default,4,1,1,1.0,145,145,true,145,145,true,145,,,,,,16,true,16,16,true,16,true
Mob/Fish/SilverFishGravity/Default,0,1,1,1.0,8132,8132,true,8132,8132,true,8132,,,,,,16,true,16,16,true,16,true
Mob/Fish/SilverFishGravity/Default,1,1,1,1.0,3252,3252,true,3252,3252,true,3252,,,,,,16,true,16,16,true,16,true
Mob/Fish/SilverFishGravity/Default,2,1,1,1.0,1625,1625,true,1625,1625,true,1625,,,,,,16,true,16,16,true,16,true
Mob/Fish/SilverFishGravity/Default,3,1,1,1.0,487,487,true,487,487,true,487,,,,,,16,true,16,16,true,16,true
Mob/Fish/SilverFishGravity/Default,4,1,1,1.0,145,145,true,145,145,true,145,,,,,,16,true,16,16,true,16,true
Mob/Fish/SilverFishIce/Default,0,1,1,1.0,8132,8132,true,8132,8132,true,8132,,,,,,16,true,16,16,true,16,true
Mob/Fish/SilverFishIce/Default,1,1,1,1.0,3252,3252,true,3252,3252,true,3252,,,,,,16,true,16,16,true,16,true
Mob/Fish/SilverFishIce/Default,2,1,1,1.0,1625,1625,true,1625,1625,true,1625,,,,,,16,true,16,16,true,16,true
Mob/Fish/SilverFishIce/Default,3,1,1,1.0,487,487,true,487,487,true,487,,,,,,16,true,16,16,true,16,true
Mob/Fish/SilverFishIce/Default,4,1,1,1.0,145,145,true,145,145,true,145,,,,,,16,true,16,16,true,16,true
Mob/Fish/SilverFishRust/Default,0,1,1,1.0,8132,8132,true,8132,8132,true,8132,,,,,,16,true,16,16,true,16,true
Mob/Fish/SilverFishRust/Default,1,1,1,1.0,3252,3252,true,3252,3252,true,3252,,,,,,16,true,16,16,true,16,true
Mob/Fish/SilverFishRust/Default,2,1,1,1.0,1625,1625,true,1625,1625,true,1625,,,,,,16,true,16,16,true,16,true
Mob/Fish/SilverFishRust/Default,3,1,1,1.0,487,487,true,487,487,true,487,,,,,,16,true,16,16,true,16,true
Mob/Fish/SilverFishRust/Default,4,1,1,1.0,145,145,true,145,145,true,145,,,,,,16,true,16,16,true,16,true
Mob/Fish/SilverFishSilver/Default,0,1,1,1.0,8132,8132,true,8132,8132,true,8132,,,,,,16,true,16,16,true,16,true
Mob/Fish/SilverFishSilver/Default,1,1,1,1.0,3252,3252,true,3252,3252,true,3252,,,,,,16,true,16,16,true,16,true
Mob/Fish/SilverFishSilver/Default,2,1,1,1.0,1625,1625,true,1625,1625,true,1625,,,,,,16,true,16,16,true,16,true
Mob/Fish/SilverFishSilver/Default,3,1,1,1.0,487,487,true,487,487,true,487,,,,,,16,true,16,16,true,16,true
Mob/Fish/SilverFishSilver/Default,4,1,1,1.0,145,145,true,145,145,true,145,,,,,,16,true,16,16,true,16,true
Mob/Guard/GuardKnight/Default,0,2,2,1.0,59677,59677,true,59677,59677,true,49911,9766,,,,,130,true,128,175,true,175,true
Mob/Guard/GuardKnight/Default,1,2,2,1.0,27979,27979,true,27979,27979,true,23097,4882,,,,,130,true,128,175,true,175,true
Mob/Guard/GuardKnight/Default,2,2,2,1.0,16680,16680,true,16680,16680,true,14242,2438,,,,,130,true,128,175,true,175,true
Mob/Guard/GuardKnight/Default,3,2,2,1.0,5693,5693,true,5693,5693,true,4963,730,,,,,130,true,128,175,true,175,true
Mob/Guard/GuardKnight/Default,4,2,2,1.0,1672,1672,true,1672,1672,true,1452,220,,,,,130,true,128,175,true,175,true
Mob/Harpy/HarpyDefault/Default,0,1,1,1.0,50452,50452,true,50452,50452,true,50452,,,,,,201,true,201,320,true,320,true
Mob/Harpy/HarpyDefault/Default,1,1,1,1.0,27202,27202,true,27202,27202,true,27202,,,,,,201,true,201,320,true,320,true
Mob/Harpy/HarpyDefault/Default,2,1,1,1.0,14742,14742,true,14742,14742,true,14742,,,,,,201,true,201,320,true,320,true
Mob/Harpy/HarpyDefault/Default,3,1,1,1.0,4969,4969,true,4969,4969,true,4969,,,,,,198,true,198,320,true,320,true
Mob/Harpy/HarpyDefault/Default,4,1,1,1.0,1665,1665,true,1665,1665,true,1665,,,,,,182,true,182,320,true,320,true
Mob/Male/Butler/Default,0,5,5,1.0,48946,48946,true,48946,48946,true,37518,11428,,,,,106,true,102,156,true,161,true
Mob/Male/Butler/Default,1,5,5,1.0,28888,28888,true,28888,28888,true,23256,5632,,,,,106,true,102,156,true,161,true
Mob/Male/Butler/Default,2,5,5,1.0,14949,14949,true,14949,14949,true,12113,2836,,,,,106,true,102,156,true,161,true
Mob/Male/Butler/Default,3,5,3,0.6,4754,4754,true,6214,6214,true,4344,1870,,,,,102,true,98,156,true,161,true
Mob/Male/Butler/Default,4,5,3,0.6,1683,1683,true,3143,3143,true,1503,1640,,,,,102,true,98,156,true,161,true
Mob/Male/Enforcer/Default,0,10,10,1.0,157728,157728,true,157728,157728,true,134638,23090,,,,,282,true,83,412,true,412,true
Mob/Male/Enforcer/Default,1,10,10,1.0,76838,76838,true,76838,76838,true,64762,12076,,,,,282,true,83,412,true,412,true
Mob/Male/Enforcer/Default,2,10,10,1.0,38359,38359,true,38359,38359,true,31715,6644,,,,,282,true,83,412,true,412,true
Mob/Male/Enforcer/Default,3,10,10,1.0,12233,12233,true,12233,12233,true,10396,1837,,,,,278,true,83,412,true,412,true
Mob/Male/Enforcer/Default,4,10,10,1.0,4984,4984,true,4984,4984,true,4410,574,,,,,262,true,83,412,true,412,true
Mob/Male/EnforcerLeader/Default,0,3,3,1.0,96952,96952,true,96952,96952,true,88512,8440,,,,,99,true,92,185,true,185,true
Mob/Male/EnforcerLeader/Default,1,3,3,1.0,42552,42552,true,42552,42552,true,38332,4220,,,,,99,true,92,185,true,185,true
Mob/Male/EnforcerLeader/Default,2,3,3,1.0,21134,21134,true,21134,21134,true,19022,2112,,,,,99,true,92,185,true,185,true
Mob/Male/EnforcerLeader/Default,3,3,3,1.0,10028,10028,true,10028,10028,true,9396,632,,,,,99,true,92,185,true,185,true
Mob/Male/EnforcerLeader/Default,4,3,3,1.0,3199,3199,true,3199,3199,true,3024,175,,,,,99,true,92,185,true,185,true
Mob/Male/HoodieLeader/Default,0,5,5,1.0,62082,62082,true,62082,62082,true,46546,15536,,,,,110,true,100,142,true,151,true
Mob/Male/HoodieLeader/Default,1,5,5,1.0,28866,28866,true,28866,28866,true,21372,7494,,,,,110,true,100,142,true,151,true
Mob/Male/HoodieLeader/Default,2,5,5,1.0,14585,14585,true,14585,14585,true,10835,3750,,,,,110,true,100,142,true,151,true
Mob/Male/HoodieLeader/Default,3,5,3,0.6,4204,4204,true,6079,6079,true,3657,2422,,,,,106,true,96,142,true,151,true
Mob/Male/HoodieLeader/Default,4,5,3,0.6,1595,1595,true,3470,3470,true,1426,2044,,,,,106,true,96,142,true,151,true
Mob/Male/HoodieMan/Default,0,3,3,1.0,47693,47693,true,47693,47693,true,41753,5940,,,,,98,true,96,130,true,130,true
Mob/Male/HoodieMan/Default,1,3,3,1.0,21645,21645,true,21645,21645,true,18713,2932,,,,,100,true,98,130,true,130,true
Mob/Male/HoodieMan/Default,2,3,3,1.0,11020,11020,true,11020,11020,true,9604,1416,,,,,100,true,98,130,true,130,true
Mob/Male/HoodieMan/Default,3,3,2,0.6666666666666666,3491,3491,true,4199,4199,true,3286,913,,,,,96,true,94,130,true,130,true
Mob/Male/HoodieMan/Default,4,3,2,0.6666666666666666,1335,1335,true,2043,2043,true,1273,770,,,,,92,true,90,130,true,130,true
Mob/Male/Ork/Default,0,7,7,1.0,76565,76565,true,76565,76565,true,48663,27902,,,,,100,true,89,136,true,136,true
Mob/Male/Ork/Default,1,7,7,1.0,38344,38344,true,38344,38344,true,24522,13822,,,,,100,true,89,136,true,136,true
Mob/Male/Ork/Default,2,7,7,1.0,19175,19175,true,19175,19175,true,12513,6662,,,,,100,true,89,136,true,136,true
Mob/Male/Ork/Default,3,7,4,0.5714285714285714,5298,5298,true,8636,8636,true,4286,4350,,,,,99,true,89,136,true,136,true
Mob/Male/Ork/Default,4,7,4,0.5714285714285714,1617,1617,true,4955,4955,true,1341,3614,,,,,97,true,89,136,true,136,true
Mob/Male/Thug/Default,0,5,5,1.0,44881,44881,true,44881,44881,true,38419,6462,,,,,91,true,87,127,true,127,true
Mob/Male/Thug/Default,1,5,5,1.0,25512,25512,true,25512,25512,true,22328,3184,,,,,91,true,87,127,true,127,true
Mob/Male/Thug/Default,2,5,5,1.0,13022,13022,true,13022,13022,true,11462,1560,,,,,91,true,87,127,true,127,true
Mob/Male/Thug/Default,3,5,3,0.6,4591,4591,true,5371,5371,true,4370,1001,,,,,91,true,87,127,true,127,true
Mob/Male/Thug/Default,4,5,3,0.6,1551,1551,true,2331,2331,true,1463,868,,,,,91,true,87,127,true,127,true
Mob/Male/TraineeKnight/Default,0,4,4,1.0,60184,60184,true,60184,60184,true,47688,12496,,,,,166,true,160,243,true,244,true
Mob/Male/TraineeKnight/Default,1,4,4,1.0,32327,32327,true,32327,32327,true,26024,6303,,,,,166,true,160,243,true,244,true
Mob/Male/TraineeKnight/Default,2,4,4,1.0,16970,16970,true,16970,16970,true,13690,3280,,,,,166,true,160,243,true,244,true
Mob/Male/TraineeKnight/Default,3,4,4,1.0,5749,5749,true,5749,5749,true,4817,932,,,,,162,true,156,243,true,244,true
Mob/Male/TraineeKnight/Default,4,4,4,1.0,1592,1592,true,1592,1592,true,1320,272,,,,,158,true,152,243,true,244,true
Mob/Manhole/ManholeCover/Default,0,2,2,1.0,19289,19289,true,19289,19289,true,19289,,,,,,15,true,13,17,true,17,true
Mob/Manhole/ManholeCover/Default,1,2,2,1.0,8966,8966,true,8966,8966,true,8966,,,,,,15,true,13,17,true,17,true
Mob/Manhole/ManholeCover/Default,2,2,2,1.0,4810,4810,true,4810,4810,true,4810,,,,,,15,true,13,17,true,17,true
Mob/Manhole/ManholeCover/Default,3,2,2,1.0,1441,1441,true,1441,1441,true,1441,,,,,,15,true,13,17,true,17,true
Mob/Manhole/ManholeCover/Default,4,2,2,1.0,399,399,true,399,399,true,399,,,,,,15,true,13,17,true,17,true
Mob/RabiesFemale/RabiesMaba/Default,0,2,2,1.0,41102,41102,true,41102,41102,true,40766,336,,,,,125,true,122,171,true,171,true
Mob/RabiesFemale/RabiesMaba/Default,1,2,2,1.0,23626,23626,true,23626,23626,true,23492,134,,,,,125,true,122,171,true,171,true
Mob/RabiesFemale/RabiesMaba/Default,2,2,2,1.0,11311,11311,true,11311,11311,true,11245,66,,,,,125,true,122,171,true,171,true
Mob/RabiesFemale/RabiesMaba/Default,3,2,2,1.0,4134,4134,true,4134,4134,true,4116,18,,,,,123,true,120,171,true,171,true
Mob/RabiesFemale/RabiesMaba/Default,4,2,2,1.0,1232,1232,true,1232,1232,true,1228,4,,,,,122,true,119,171,true,171,true
Mob/RabiesMale/RabiesPaba/Default,0,1,1,1.0,36335,36335,true,36335,36335,true,36335,,,,,,102,true,102,141,true,141,true
Mob/RabiesMale/RabiesPaba/Default,1,1,1,1.0,20729,20729,true,20729,20729,true,20729,,,,,,102,true,102,141,true,141,true
Mob/RabiesMale/RabiesPaba/Default,2,1,1,1.0,10946,10946,true,10946,10946,true,10946,,,,,,102,true,102,141,true,141,true
Mob/RabiesMale/RabiesPaba/Default,3,1,1,1.0,4021,4021,true,4021,4021,true,4021,,,,,,100,true,100,141,true,141,true
Mob/RabiesMale/RabiesPaba/Default,4,1,1,1.0,1543,1543,true,1543,1543,true,1543,,,,,,100,true,100,141,true,141,true
Mob/Shield/MaidShield/Default,0,6,6,1.0,112011,112011,true,112011,112011,true,72735,39276,,,,,341,true,317,475,true,475,true
Mob/Shield/MaidShield/Default,1,6,6,1.0,60819,60819,true,60819,60819,true,41612,19207,,,,,341,true,317,475,true,475,true
Mob/Shield/MaidShield/Default,2,6,6,1.0,31294,31294,true,31294,31294,true,21975,9319,,,,,339,true,315,475,true,475,true
Mob/Shield/MaidShield/Default,3,6,6,1.0,10082,10082,true,10082,10082,true,7025,3057,,,,,335,true,311,475,true,475,true
Mob/Shield/MaidShield/Default,4,6,6,1.0,3214,3214,true,3214,3214,true,2290,924,,,,,315,true,294,475,true,475,true
Mob/WaxMaskMan/WaxMaskMale/Default,0,1,1,1.0,32241,32241,true,32241,32241,true,32241,,,,,,65,true,65,141,true,141,true
Mob/WaxMaskMan/WaxMaskMale/Default,1,1,1,1.0,18428,18428,true,18428,18428,true,18428,,,,,,65,true,65,141,true,141,true
Mob/WaxMaskMan/WaxMaskMale/Default,2,1,1,1.0,10787,10787,true,10787,10787,true,10787,,,,,,65,true,65,141,true,141,true
Mob/WaxMaskMan/WaxMaskMale/Default,3,1,1,1.0,4386,4386,true,4386,4386,true,4386,,,,,,65,true,65,141,true,141,true
Mob/WaxMaskMan/WaxMaskMale/Default,4,1,1,1.0,1297,1297,true,1297,1297,true,1297,,,,,,65,true,65,141,true,141,true
Mob/WaxMaskWoman/WaxMaskFemale/Default,0,2,2,1.0,30483,30483,true,30483,30483,true,29247,1236,,,,,119,true,112,229,true,266,true
Mob/WaxMaskWoman/WaxMaskFemale/Default,1,2,2,1.0,17066,17066,true,17066,17066,true,16778,288,,,,,117,true,110,229,true,266,true
Mob/WaxMaskWoman/WaxMaskFemale/Default,2,2,2,1.0,10165,10165,true,10165,10165,true,9995,170,,,,,117,true,110,229,true,266,true
Mob/WaxMaskWoman/WaxMaskFemale/Default,3,2,2,1.0,3850,3850,true,3850,3850,true,3772,78,,,,,115,true,108,229,true,266,true
Mob/WaxMaskWoman/WaxMaskFemale/Default,4,2,2,1.0,992,992,true,992,992,true,948,44,,,,,100,true,93,229,true,266,true
Mob/Werewolf/WerewolfDefault/Default,0,1,1,1.0,75019,75019,true,75019,75019,true,75019,,,,,,166,true,166,222,true,224,true
Mob/Werewolf/WerewolfDefault/Default,1,1,1,1.0,35240,35240,true,35240,35240,true,35240,,,,,,166,true,166,222,true,224,true
Mob/Werewolf/WerewolfDefault/Default,2,1,1,1.0,22153,22153,true,22153,22153,true,22153,,,,,,166,true,166,222,true,224,true
Mob/Werewolf/WerewolfDefault/Default,3,1,1,1.0,5683,5683,true,5683,5683,true,5683,,,,,,159,true,159,222,true,224,true
Mob/Werewolf/WerewolfDefault/Default,4,1,1,1.0,2046,2046,true,2046,2046,true,2046,,,,,,156,true,156,222,true,224,true
NPC/Class_A/201005/Default,0,3,3,1.0,39596,39596,true,39596,39596,true,39596,,,,,,212,true,212,337,true,337,true
NPC/Class_A/201005/Default,1,3,3,1.0,17779,17779,true,17779,17779,true,17779,,,,,,212,true,212,337,true,337,true
NPC/Class_A/201005/Default,2,3,3,1.0,8216,8216,true,8216,8216,true,8216,,,,,,212,true,212,337,true,337,true
NPC/Class_A/201005/Default,3,3,3,1.0,2563,2563,true,2563,2563,true,2563,,,,,,204,true,204,337,true,337,true
NPC/Class_A/201005/Default,4,3,3,1.0,897,897,true,897,897,true,897,,,,,,192,true,192,337,true,337,true
NPC/Class_A/201016/Default,0,4,4,1.0,40540,40540,true,40540,40540,true,40540,,,,,,114,true,114,219,true,219,true
NPC/Class_A/201016/Default,1,4,4,1.0,18126,18126,true,18126,18126,true,18126,,,,,,114,true,114,219,true,219,true
NPC/Class_A/201016/Default,2,4,4,1.0,8411,8411,true,8411,8411,true,8411,,,,,,114,true,114,219,true,219,true
NPC/Class_A/201016/Default,3,4,4,1.0,2618,2618,true,2618,2618,true,2618,,,,,,113,true,113,219,true,219,true
NPC/Class_A/201016/Default,4,4,4,1.0,863,863,true,863,863,true,863,,,,,,97,true,97,219,true,219,true
NPC/Class_A/203016/Default,0,1,1,1.0,4614,4614,true,4614,4614,true,4614,,,,,,79,true,79,90,true,90,true
NPC/Class_A/203016/Default,1,1,1,1.0,1845,1845,true,1845,1845,true,1845,,,,,,78,true,78,90,true,90,true
NPC/Class_A/203016/Default,2,1,1,1.0,922,922,true,922,922,true,922,,,,,,77,true,77,90,true,90,true
NPC/Class_A/203016/Default,3,1,1,1.0,276,276,true,276,276,true,276,,,,,,59,true,59,90,true,90,true
NPC/Class_A/203016/Default,4,1,1,1.0,82,82,true,82,82,true,82,,,,,,42,true,42,90,true,90,true
NPC/Class_A/203017/Default,0,1,1,1.0,4614,4614,true,4614,4614,true,4614,,,,,,79,true,79,90,true,90,true
NPC/Class_A/203017/Default,1,1,1,1.0,1845,1845,true,1845,1845,true,1845,,,,,,78,true,78,90,true,90,true
NPC/Class_A/203017/Default,2,1,1,1.0,922,922,true,922,922,true,922,,,,,,77,true,77,90,true,90,true
NPC/Class_A/203017/Default,3,1,1,1.0,276,276,true,276,276,true,276,,,,,,59,true,59,90,true,90,true
NPC/Class_A/203017/Default,4,1,1,1.0,82,82,true,82,82,true,82,,,,,,42,true,42,90,true,90,true
NPC/Class_A/203018/Default,0,1,1,1.0,7756,7756,true,7756,7756,true,7756,,,,,,78,true,78,90,true,90,true
NPC/Class_A/203018/Default,1,1,1,1.0,3101,3101,true,3101,3101,true,3101,,,,,,78,true,78,90,true,90,true
NPC/Class_A/203018/Default,2,1,1,1.0,1550,1550,true,1550,1550,true,1550,,,,,,70,true,70,90,true,90,true
NPC/Class_A/203018/Default,3,1,1,1.0,465,465,true,465,465,true,465,,,,,,60,true,60,90,true,90,true
NPC/Class_A/203018/Default,4,1,1,1.0,138,138,true,138,138,true,138,,,,,,41,true,41,90,true,90,true
NPC/Class_A/210001/Default,0,4,4,1.0,20786,20786,true,20786,20786,true,20786,,,,,,139,true,139,217,true,217,true
NPC/Class_A/210001/Default,1,4,4,1.0,10232,10232,true,10232,10232,true,10232,,,,,,139,true,139,217,true,217,true
NPC/Class_A/210001/Default,2,4,4,1.0,4446,4446,true,4446,4446,true,4446,,,,,,139,true,139,217,true,217,true
NPC/Class_A/210001/Default,3,4,4,1.0,1432,1432,true,1432,1432,true,1432,,,,,,136,true,136,217,true,217,true
NPC/Class_A/210001/Default,4,4,4,1.0,556,556,true,556,556,true,556,,,,,,95,true,95,217,true,217,true
NPC/Class_A/210002/Default,0,4,4,1.0,30258,30258,true,30258,30258,true,30258,,,,,,161,true,161,325,true,325,true
NPC/Class_A/210002/Default,1,4,4,1.0,13971,13971,true,13971,13971,true,13971,,,,,,161,true,161,325,true,325,true
NPC/Class_A/210002/Default,2,4,4,1.0,6326,6326,true,6326,6326,true,6326,,,,,,161,true,161,325,true,325,true
NPC/Class_A/210002/Default,3,4,4,1.0,1992,1992,true,1992,1992,true,1992,,,,,,149,true,149,325,true,325,true
NPC/Class_A/210002/Default,4,4,4,1.0,721,721,true,721,721,true,721,,,,,,109,true,109,325,true,325,true
NPC/Class_A/210003/Default,0,3,3,1.0,21722,21722,true,21722,21722,true,21722,,,,,,110,true,110,246,true,246,true
NPC/Class_A/210003/Default,1,3,3,1.0,10604,10604,true,10604,10604,true,10604,,,,,,110,true,110,246,true,246,true
NPC/Class_A/210003/Default,2,3,3,1.0,4634,4634,true,4634,4634,true,4634,,,,,,110,true,110,246,true,246,true
NPC/Class_A/210003/Default,3,3,3,1.0,1484,1484,true,1484,1484,true,1484,,,,,,106,true,106,246,true,246,true
NPC/Class_A/210003/Default,4,3,3,1.0,573,573,true,573,573,true,573,,,,,,85,true,85,246,true,246,true
NPC/Class_A/210004/Default,0,4,4,1.0,24725,24725,true,24725,24725,true,24725,,,,,,92,true,92,233,true,235,true
NPC/Class_A/210004/Default,1,4,4,1.0,11783,11783,true,11783,11783,true,11783,,,,,,92,true,92,233,true,235,true
NPC/Class_A/210004/Default,2,4,4,1.0,5141,5141,true,5141,5141,true,5141,,,,,,92,true,92,233,true,235,true
NPC/Class_A/210004/Default,3,4,4,1.0,1567,1567,true,1567,1567,true,1567,,,,,,91,true,91,233,true,235,true
NPC/Class_A/210004/Default,4,4,4,1.0,508,508,true,508,508,true,508,,,,,,68,true,68,233,true,235,true
NPC/Class_A/210005/Default,0,4,4,1.0,25453,25453,true,25453,25453,true,25453,,,,,,108,true,108,202,true,202,true
NPC/Class_A/210005/Default,1,4,4,1.0,12089,12089,true,12089,12089,true,12089,,,,,,108,true,108,202,true,202,true
NPC/Class_A/210005/Default,2,4,4,1.0,5390,5390,true,5390,5390,true,5390,,,,,,108,true,108,202,true,202,true
NPC/Class_A/210005/Default,3,4,4,1.0,1710,1710,true,1710,1710,true,1710,,,,,,106,true,106,202,true,202,true
NPC/Class_A/210005/Default,4,4,4,1.0,590,590,true,590,590,true,590,,,,,,84,true,84,202,true,202,true
NPC/Class_A/210006/Default,0,3,3,1.0,28691,28691,true,28691,28691,true,28691,,,,,,152,true,152,242,true,325,true
NPC/Class_A/210006/Default,1,3,3,1.0,13396,13396,true,13396,13396,true,13396,,,,,,152,true,152,242,true,325,true
NPC/Class_A/210006/Default,2,3,3,1.0,6029,6029,true,6029,6029,true,6029,,,,,,152,true,152,242,true,325,true
NPC/Class_A/210006/Default,3,3,3,1.0,1908,1908,true,1908,1908,true,1908,,,,,,150,true,150,242,true,325,true
NPC/Class_A/210006/Default,4,3,3,1.0,699,699,true,699,699,true,699,,,,,,121,true,121,242,true,325,true
NPC/Class_A/210007/Default,0,4,4,1.0,25778,25778,true,25778,25778,true,25778,,,,,,136,true,136,276,true,276,true
NPC/Class_A/210007/Default,1,4,4,1.0,12204,12204,true,12204,12204,true,12204,,,,,,136,true,136,276,true,276,true
NPC/Class_A/210007/Default,2,4,4,1.0,5353,5353,true,5353,5353,true,5353,,,,,,136,true,136,276,true,276,true
NPC/Class_A/210007/Default,3,4,4,1.0,1630,1630,true,1630,1630,true,1630,,,,,,135,true,135,276,true,276,true
NPC/Class_A/210007/Default,4,4,4,1.0,526,526,true,526,526,true,526,,,,,,105,true,105,276,true,276,true
NPC/Class_A/210008/Default,0,4,4,1.0,29112,29112,true,29112,29112,true,29112,,,,,,140,true,140,254,true,256,true
NPC/Class_A/210008/Default,1,4,4,1.0,15496,15496,true,15496,15496,true,15496,,,,,,140,true,140,254,true,256,true
NPC/Class_A/210008/Default,2,4,4,1.0,7048,7048,true,7048,7048,true,7048,,,,,,140,true,140,254,true,256,true
NPC/Class_A/210008/Default,3,4,4,1.0,2035,2035,true,2035,2035,true,2035,,,,,,135,true,135,254,true,256,true
NPC/Class_A/210008/Default,4,4,4,1.0,785,785,true,785,785,true,785,,,,,,128,true,128,254,true,256,true
NPC/Class_A/210009/Default,0,3,3,1.0,23375,23375,true,23375,23375,true,23375,,,,,,114,true,114,221,true,221,true
NPC/Class_A/210009/Default,1,3,3,1.0,11266,11266,true,11266,11266,true,11266,,,,,,114,true,114,221,true,221,true
NPC/Class_A/210009/Default,2,3,3,1.0,4965,4965,true,4965,4965,true,4965,,,,,,114,true,114,221,true,221,true
NPC/Class_A/210009/Default,3,3,3,1.0,1584,1584,true,1584,1584,true,1584,,,,,,112,true,112,221,true,221,true
NPC/Class_A/210009/Default,4,3,3,1.0,604,604,true,604,604,true,604,,,,,,85,true,85,221,true,221,true
NPC/Class_A/210010/Default,0,3,3,1.0,21183,21183,true,21183,21183,true,21183,,,,,,124,true,124,236,true,236,true
NPC/Class_A/210010/Default,1,3,3,1.0,10405,10405,true,10405,10405,true,10405,,,,,,124,true,124,236,true,236,true
NPC/Class_A/210010/Default,2,3,3,1.0,4541,4541,true,4541,4541,true,4541,,,,,,124,true,124,236,true,236,true
NPC/Class_A/210010/Default,3,3,3,1.0,1453,1453,true,1453,1453,true,1453,,,,,,123,true,123,236,true,236,true
NPC/Class_A/210010/Default,4,3,3,1.0,554,554,true,554,554,true,554,,,,,,97,true,97,236,true,236,true
NPC/Class_A/210011/Default,0,3,3,1.0,35783,35783,true,35783,35783,true,35783,,,,,,113,true,113,206,true,206,true
NPC/Class_A/210011/Default,1,3,3,1.0,16179,16179,true,16179,16179,true,16179,,,,,,113,true,113,206,true,206,true
NPC/Class_A/210011/Default,2,3,3,1.0,7452,7452,true,7452,7452,true,7452,,,,,,113,true,113,206,true,206,true
NPC/Class_A/210011/Default,3,3,3,1.0,2335,2335,true,2335,2335,true,2335,,,,,,112,true,112,206,true,206,true
NPC/Class_A/210011/Default,4,3,3,1.0,769,769,true,769,769,true,769,,,,,,106,true,106,206,true,206,true
NPC/Class_A/210012/Default,0,3,3,1.0,35719,35719,true,35719,35719,true,35719,,,,,,113,true,113,206,true,247,true
NPC/Class_A/210012/Default,1,3,3,1.0,16243,16243,true,16243,16243,true,16243,,,,,,113,true,113,206,true,247,true
NPC/Class_A/210012/Default,2,3,3,1.0,7432,7432,true,7432,7432,true,7432,,,,,,113,true,113,206,true,247,true
NPC/Class_A/210012/Default,3,3,3,1.0,2305,2305,true,2305,2305,true,2305,,,,,,112,true,112,206,true,247,true
NPC/Class_A/210012/Default,4,3,3,1.0,828,828,true,828,828,true,828,,,,,,106,true,106,206,true,247,true
NPC/Class_A/210013/Default,0,3,3,1.0,42290,42290,true,42290,42290,true,42290,,,,,,108,true,108,191,true,191,true
NPC/Class_A/210013/Default,1,3,3,1.0,18826,18826,true,18826,18826,true,18826,,,,,,108,true,108,191,true,191,true
NPC/Class_A/210013/Default,2,3,3,1.0,8761,8761,true,8761,8761,true,8761,,,,,,108,true,108,191,true,191,true
NPC/Class_A/210013/Default,3,3,3,1.0,2721,2721,true,2721,2721,true,2721,,,,,,106,true,106,191,true,191,true
NPC/Class_A/210013/Default,4,3,3,1.0,895,895,true,895,895,true,895,,,,,,104,true,104,191,true,191,true
NPC/Class_A/210014/Default,0,4,4,1.0,40572,40572,true,40572,40572,true,40572,,,,,,114,true,114,241,true,327,true
NPC/Class_A/210014/Default,1,4,4,1.0,20860,20860,true,20860,20860,true,20860,,,,,,114,true,114,241,true,327,true
NPC/Class_A/210014/Default,2,4,4,1.0,12019,12019,true,12019,12019,true,12019,,,,,,114,true,114,241,true,327,true
NPC/Class_A/210014/Default,3,4,4,1.0,6850,6850,true,6850,6850,true,6850,,,,,,113,true,113,241,true,327,true
NPC/Class_A/210014/Default,4,4,4,1.0,5324,5324,true,5324,5324,true,5324,,,,,,97,true,97,241,true,327,true
NPC/Class_A/210015/Default,0,4,4,1.0,40820,40820,true,40820,40820,true,40820,,,,,,114,true,114,202,true,287,true
NPC/Class_A/210015/Default,1,4,4,1.0,18254,18254,true,18254,18254,true,18254,,,,,,114,true,114,202,true,287,true
NPC/Class_A/210015/Default,2,4,4,1.0,8465,8465,true,8465,8465,true,8465,,,,,,114,true,114,202,true,287,true
NPC/Class_A/210015/Default,3,4,4,1.0,2632,2632,true,2632,2632,true,2632,,,,,,113,true,113,202,true,287,true
NPC/Class_A/210015/Default,4,4,4,1.0,906,906,true,906,906,true,906,,,,,,97,true,97,202,true,287,true
NPC/Class_A/210016/Default,0,3,3,1.0,24811,24811,true,24811,24811,true,24811,,,,,,113,true,113,244,true,244,true
NPC/Class_A/210016/Default,1,3,3,1.0,16380,16380,true,16380,16380,true,16380,,,,,,113,true,113,244,true,244,true
NPC/Class_A/210016/Default,2,3,3,1.0,11379,11379,true,11379,11379,true,11379,,,,,,113,true,113,244,true,244,true
NPC/Class_A/210016/Default,3,3,3,1.0,8869,8869,true,8869,8869,true,8869,,,,,,112,true,112,244,true,244,true
NPC/Class_A/210016/Default,4,3,3,1.0,8087,8087,true,8087,8087,true,8087,,,,,,82,true,82,244,true,244,true
NPC/Class_A/210017/Default,0,3,3,1.0,35783,35783,true,35783,35783,true,35783,,,,,,114,true,114,207,true,207,true
NPC/Class_A/210017/Default,1,3,3,1.0,16178,16178,true,16178,16178,true,16178,,,,,,114,true,114,207,true,207,true
NPC/Class_A/210017/Default,2,3,3,1.0,7450,7450,true,7450,7450,true,7450,,,,,,114,true,114,207,true,207,true
NPC/Class_A/210017/Default,3,3,3,1.0,2335,2335,true,2335,2335,true,2335,,,,,,113,true,113,207,true,207,true
NPC/Class_A/210017/Default,4,3,3,1.0,770,770,true,770,770,true,770,,,,,,109,true,109,207,true,207,true
NPC/Class_A/210018/Default,0,1,1,1.0,49255,49255,true,49255,49255,true,49255,,,,,,130,true,130,190,true,190,true
NPC/Class_A/210018/Default,1,1,1,1.0,19701,19701,true,19701,19701,true,19701,,,,,,130,true,130,190,true,190,true
NPC/Class_A/210018/Default,2,1,1,1.0,9849,9849,true,9849,9849,true,9849,,,,,,130,true,130,190,true,190,true
NPC/Class_A/210018/Default,3,1,1,1.0,2953,2953,true,2953,2953,true,2953,,,,,,124,true,124,190,true,190,true
NPC/Class_A/210018/Default,4,1,1,1.0,884,884,true,884,884,true,884,,,,,,117,true,117,190,true,190,true
NPC/Class_A/210019/Default,0,4,4,1.0,40572,40572,true,40572,40572,true,40572,,,,,,116,true,116,241,true,327,true
NPC/Class_A/210019/Default,1,4,4,1.0,20861,20861,true,20861,20861,true,20861,,,,,,116,true,116,241,true,327,true
NPC/Class_A/210019/Default,2,4,4,1.0,12021,12021,true,12021,12021,true,12021,,,,,,116,true,116,241,true,327,true
NPC/Class_A/210019/Default,3,4,4,1.0,6850,6850,true,6850,6850,true,6850,,,,,,115,true,115,241,true,327,true
NPC/Class_A/210019/Default,4,4,4,1.0,5324,5324,true,5324,5324,true,5324,,,,,,96,true,96,241,true,327,true
NPC/Class_A/210020/Default,0,4,4,1.0,22695,22695,true,22695,22695,true,22695,,,,,,104,true,104,195,true,195,true
NPC/Class_A/210020/Default,1,4,4,1.0,10997,10997,true,10997,10997,true,10997,,,,,,104,true,104,195,true,195,true
NPC/Class_A/210020/Default,2,4,4,1.0,4829,4829,true,4829,4829,true,4829,,,,,,104,true,104,195,true,195,true
NPC/Class_A/210020/Default,3,4,4,1.0,1548,1548,true,1548,1548,true,1548,,,,,,104,true,104,195,true,195,true
NPC/Class_A/210020/Default,4,4,4,1.0,592,592,true,592,592,true,592,,,,,,88,true,88,195,true,195,true
NPC/Class_A/210021/Default,0,4,4,1.0,23924,23924,true,23924,23924,true,23924,,,,,,132,true,132,237,true,237,true
NPC/Class_A/210021/Default,1,4,4,1.0,11500,11500,true,11500,11500,true,11500,,,,,,132,true,132,237,true,237,true
NPC/Class_A/210021/Default,2,4,4,1.0,5087,5087,true,5087,5087,true,5087,,,,,,132,true,132,237,true,237,true
NPC/Class_A/210021/Default,3,4,4,1.0,1617,1617,true,1617,1617,true,1617,,,,,,129,true,129,237,true,237,true
NPC/Class_A/210021/Default,4,4,4,1.0,603,603,true,603,603,true,603,,,,,,103,true,103,237,true,237,true
NPC/Class_A/210022/Default,0,3,3,1.0,28203,28203,true,28203,28203,true,28203,,,,,,147,true,147,264,true,264,true
NPC/Class_A/210022/Default,1,3,3,1.0,13176,13176,true,13176,13176,true,13176,,,,,,147,true,147,264,true,264,true
NPC/Class_A/210022/Default,2,3,3,1.0,5946,5946,true,5946,5946,true,5946,,,,,,147,true,147,264,true,264,true
NPC/Class_A/210022/Default,3,3,3,1.0,1871,1871,true,1871,1871,true,1871,,,,,,145,true,145,264,true,264,true
NPC/Class_A/210022/Default,4,3,3,1.0,638,638,true,638,638,true,638,,,,,,104,true,104,264,true,264,true
NPC/Class_A/210023/Default,0,4,4,1.0,32295,32295,true,32295,32295,true,32295,,,,,,142,true,142,285,true,285,true
NPC/Class_A/210023/Default,1,4,4,1.0,14810,14810,true,14810,14810,true,14810,,,,,,142,true,142,285,true,285,true
NPC/Class_A/210023/Default,2,4,4,1.0,6762,6762,true,6762,6762,true,6762,,,,,,142,true,142,285,true,285,true
NPC/Class_A/210023/Default,3,4,4,1.0,2115,2115,true,2115,2115,true,2115,,,,,,140,true,140,285,true,285,true
NPC/Class_A/210023/Default,4,4,4,1.0,710,710,true,710,710,true,710,,,,,,117,true,117,285,true,285,true
NPC/Class_A/210024/Default,0,3,3,1.0,39243,39243,true,39243,39243,true,39243,,,,,,122,true,122,208,true,307,true
NPC/Class_A/210024/Default,1,3,3,1.0,17616,17616,true,17616,17616,true,17616,,,,,,122,true,122,208,true,307,true
NPC/Class_A/210024/Default,2,3,3,1.0,8140,8140,true,8140,8140,true,8140,,,,,,121,true,121,208,true,307,true
NPC/Class_A/210024/Default,3,3,3,1.0,2542,2542,true,2542,2542,true,2542,,,,,,118,true,118,208,true,307,true
NPC/Class_A/210024/Default,4,3,3,1.0,892,892,true,892,892,true,892,,,,,,100,true,100,208,true,307,true
NPC/Class_A/210025/Default,0,3,3,1.0,25741,25741,true,25741,25741,true,25741,,,,,,140,true,140,249,true,370,true
NPC/Class_A/210025/Default,1,3,3,1.0,12190,12190,true,12190,12190,true,12190,,,,,,140,true,140,249,true,370,true
NPC/Class_A/210025/Default,2,3,3,1.0,5347,5347,true,5347,5347,true,5347,,,,,,140,true,140,249,true,370,true
NPC/Class_A/210025/Default,3,3,3,1.0,1631,1631,true,1631,1631,true,1631,,,,,,134,true,134,249,true,370,true
NPC/Class_A/210025/Default,4,3,3,1.0,527,527,true,527,527,true,527,,,,,,92,true,92,249,true,370,true
NPC/Class_A/210026/Default,0,3,3,1.0,24207,24207,true,24207,24207,true,24207,,,,,,131,true,131,292,true,292,true
NPC/Class_A/210026/Default,1,3,3,1.0,11577,11577,true,11577,11577,true,11577,,,,,,131,true,131,292,true,292,true
NPC/Class_A/210026/Default,2,3,3,1.0,5039,5039,true,5039,5039,true,5039,,,,,,131,true,131,292,true,292,true
NPC/Class_A/210026/Default,3,3,3,1.0,1537,1537,true,1537,1537,true,1537,,,,,,131,true,131,292,true,292,true
NPC/Class_A/210026/Default,4,3,3,1.0,499,499,true,499,499,true,499,,,,,,110,true,110,292,true,292,true
NPC/Class_A/210027/Default,0,3,3,1.0,24527,24527,true,24527,24527,true,24527,,,,,,103,true,103,223,true,223,true
NPC/Class_A/210027/Default,1,3,3,1.0,11764,11764,true,11764,11764,true,11764,,,,,,103,true,103,223,true,223,true
NPC/Class_A/210027/Default,2,3,3,1.0,5191,5191,true,5191,5191,true,5191,,,,,,103,true,103,223,true,223,true
NPC/Class_A/210027/Default,3,3,3,1.0,1659,1659,true,1659,1659,true,1659,,,,,,103,true,103,223,true,223,true
NPC/Class_A/210027/Default,4,3,3,1.0,626,626,true,626,626,true,626,,,,,,83,true,83,223,true,223,true
NPC/Class_A/210028/Default,0,4,4,1.0,21523,21523,true,21523,21523,true,21523,,,,,,126,true,126,236,true,236,true
NPC/Class_A/210028/Default,1,4,4,1.0,10527,10527,true,10527,10527,true,10527,,,,,,126,true,126,236,true,236,true
NPC/Class_A/210028/Default,2,4,4,1.0,4593,4593,true,4593,4593,true,4593,,,,,,126,true,126,236,true,236,true
NPC/Class_A/210028/Default,3,4,4,1.0,1476,1476,true,1476,1476,true,1476,,,,,,121,true,121,236,true,236,true
NPC/Class_A/210028/Default,4,4,4,1.0,570,570,true,570,570,true,570,,,,,,92,true,92,236,true,236,true
NPC/Class_A/210029/Default,0,3,3,1.0,23034,23034,true,23034,23034,true,23034,,,,,,136,true,136,260,true,260,true
NPC/Class_A/210029/Default,1,3,3,1.0,11131,11131,true,11131,11131,true,11131,,,,,,134,true,134,260,true,260,true
NPC/Class_A/210029/Default,2,3,3,1.0,4898,4898,true,4898,4898,true,4898,,,,,,134,true,134,260,true,260,true
NPC/Class_A/210029/Default,3,3,3,1.0,1565,1565,true,1565,1565,true,1565,,,,,,132,true,132,260,true,260,true
NPC/Class_A/210029/Default,4,3,3,1.0,596,596,true,596,596,true,596,,,,,,100,true,100,260,true,260,true
NPC/Class_A/210030/Default,0,3,3,1.0,21643,21643,true,21643,21643,true,21643,,,,,,124,true,124,256,true,256,true
NPC/Class_A/210030/Default,1,3,3,1.0,10577,10577,true,10577,10577,true,10577,,,,,,124,true,124,256,true,256,true
NPC/Class_A/210030/Default,2,3,3,1.0,4620,4620,true,4620,4620,true,4620,,,,,,124,true,124,256,true,256,true
NPC/Class_A/210030/Default,3,3,3,1.0,1486,1486,true,1486,1486,true,1486,,,,,,115,true,115,256,true,256,true
NPC/Class_A/210030/Default,4,3,3,1.0,573,573,true,573,573,true,573,,,,,,86,true,86,256,true,256,true
NPC/Class_A/210031/Default,0,3,3,1.0,39518,39518,true,39518,39518,true,39518,,,,,,108,true,108,191,true,191,true
NPC/Class_A/210031/Default,1,3,3,1.0,17672,17672,true,17672,17672,true,17672,,,,,,108,true,108,191,true,191,true
NPC/Class_A/210031/Default,2,3,3,1.0,8198,8198,true,8198,8198,true,8198,,,,,,108,true,108,191,true,191,true
NPC/Class_A/210031/Default,3,3,3,1.0,2559,2559,true,2559,2559,true,2559,,,,,,106,true,106,191,true,191,true
NPC/Class_A/210031/Default,4,3,3,1.0,839,839,true,839,839,true,839,,,,,,99,true,99,191,true,191,true
NPC/Class_A/210032/Default,0,3,3,1.0,32471,32471,true,32471,32471,true,32471,,,,,,113,true,113,191,true,191,true
NPC/Class_A/210032/Default,1,3,3,1.0,14943,14943,true,14943,14943,true,14943,,,,,,113,true,113,191,true,191,true
NPC/Class_A/210032/Default,2,3,3,1.0,6783,6783,true,6783,6783,true,6783,,,,,,113,true,113,191,true,191,true
NPC/Class_A/210032/Default,3,3,3,1.0,2109,2109,true,2109,2109,true,2109,,,,,,113,true,113,191,true,191,true
NPC/Class_A/210032/Default,4,3,3,1.0,770,770,true,770,770,true,770,,,,,,106,true,106,191,true,191,true
NPC/Class_A/210033/Default,0,3,3,1.0,34848,34848,true,34848,34848,true,34848,,,,,,113,true,113,228,true,234,true
NPC/Class_A/210033/Default,1,3,3,1.0,15859,15859,true,15859,15859,true,15859,,,,,,113,true,113,228,true,234,true
NPC/Class_A/210033/Default,2,3,3,1.0,7262,7262,true,7262,7262,true,7262,,,,,,113,true,113,228,true,234,true
NPC/Class_A/210033/Default,3,3,3,1.0,2277,2277,true,2277,2277,true,2277,,,,,,113,true,113,228,true,234,true
NPC/Class_A/210033/Default,4,3,3,1.0,811,811,true,811,811,true,811,,,,,,105,true,105,228,true,234,true
NPC/Class_A/210034/Default,0,4,4,1.0,32855,32855,true,32855,32855,true,32855,,,,,,142,true,142,286,true,286,true
NPC/Class_A/210034/Default,1,4,4,1.0,17005,17005,true,17005,17005,true,17005,,,,,,142,true,142,286,true,286,true
NPC/Class_A/210034/Default,2,4,4,1.0,7809,7809,true,7809,7809,true,7809,,,,,,142,true,142,286,true,286,true
NPC/Class_A/210034/Default,3,4,4,1.0,2254,2254,true,2254,2254,true,2254,,,,,,136,true,136,286,true,286,true
NPC/Class_A/210034/Default,4,4,4,1.0,840,840,true,840,840,true,840,,,,,,129,true,129,286,true,286,true
NPC/Class_A/210035/Default,0,4,4,1.0,35495,35495,true,35495,35495,true,35495,,,,,,163,true,163,319,true,319,true
NPC/Class_A/210035/Default,1,4,4,1.0,16090,16090,true,16090,16090,true,16090,,,,,,163,true,163,319,true,319,true
NPC/Class_A/210035/Default,2,4,4,1.0,7295,7295,true,7295,7295,true,7295,,,,,,161,true,161,319,true,319,true
NPC/Class_A/210035/Default,3,4,4,1.0,2214,2214,true,2214,2214,true,2214,,,,,,148,true,148,319,true,319,true
NPC/Class_A/210035/Default,4,4,4,1.0,703,703,true,703,703,true,703,,,,,,103,true,103,319,true,319,true
NPC/Class_A/210036/Default,0,4,4,1.0,30718,30718,true,30718,30718,true,30718,,,,,,123,true,123,236,true,337,true
NPC/Class_A/210036/Default,1,4,4,1.0,14240,14240,true,14240,14240,true,14240,,,,,,123,true,123,236,true,337,true
NPC/Class_A/210036/Default,2,4,4,1.0,6430,6430,true,6430,6430,true,6430,,,,,,123,true,123,236,true,337,true
NPC/Class_A/210036/Default,3,4,4,1.0,2003,2003,true,2003,2003,true,2003,,,,,,119,true,119,236,true,337,true
NPC/Class_A/210036/Default,4,4,4,1.0,737,737,true,737,737,true,737,,,,,,103,true,103,236,true,337,true
NPC/Class_A/210037/Default,0,3,3,1.0,23539,23539,true,23539,23539,true,23539,,,,,,104,true,104,201,true,201,true
NPC/Class_A/210037/Default,1,3,3,1.0,11281,11281,true,11281,11281,true,11281,,,,,,104,true,104,201,true,201,true
NPC/Class_A/210037/Default,2,3,3,1.0,5004,5004,true,5004,5004,true,5004,,,,,,104,true,104,201,true,201,true
NPC/Class_A/210037/Default,3,3,3,1.0,1600,1600,true,1600,1600,true,1600,,,,,,103,true,103,201,true,201,true
NPC/Class_A/210037/Default,4,3,3,1.0,550,550,true,550,550,true,550,,,,,,82,true,82,201,true,201,true
NPC/Class_A/210038/Default,0,4,4,1.0,28757,28757,true,28757,28757,true,28757,,,,,,140,true,140,266,true,266,true
NPC/Class_A/210038/Default,1,4,4,1.0,15355,15355,true,15355,15355,true,15355,,,,,,140,true,140,266,true,266,true
NPC/Class_A/210038/Default,2,4,4,1.0,6977,6977,true,6977,6977,true,6977,,,,,,140,true,140,266,true,266,true
NPC/Class_A/210038/Default,3,4,4,1.0,2012,2012,true,2012,2012,true,2012,,,,,,135,true,135,266,true,266,true
NPC/Class_A/210038/Default,4,4,4,1.0,778,778,true,778,778,true,778,,,,,,128,true,128,266,true,266,true
NPC/Class_A/210039/Default,0,4,4,1.0,24344,24344,true,24344,24344,true,24344,,,,,,117,true,117,209,true,209,true
NPC/Class_A/210039/Default,1,4,4,1.0,11614,11614,true,11614,11614,true,11614,,,,,,117,true,117,209,true,209,true
NPC/Class_A/210039/Default,2,4,4,1.0,5176,5176,true,5176,5176,true,5176,,,,,,117,true,117,209,true,209,true
NPC/Class_A/210039/Default,3,4,4,1.0,1645,1645,true,1645,1645,true,1645,,,,,,110,true,110,209,true,209,true
NPC/Class_A/210039/Default,4,4,4,1.0,622,622,true,622,622,true,622,,,,,,83,true,83,209,true,209,true
NPC/Class_A/210040/Default,0,3,3,1.0,21903,21903,true,21903,21903,true,21903,,,,,,113,true,113,240,true,240,true
NPC/Class_A/210040/Default,1,3,3,1.0,10640,10640,true,10640,10640,true,10640,,,,,,113,true,113,240,true,240,true
NPC/Class_A/210040/Default,2,3,3,1.0,4692,4692,true,4692,4692,true,4692,,,,,,113,true,113,240,true,240,true
NPC/Class_A/210040/Default,3,3,3,1.0,1502,1502,true,1502,1502,true,1502,,,,,,109,true,109,240,true,240,true
NPC/Class_A/210040/Default,4,3,3,1.0,581,581,true,581,581,true,581,,,,,,80,true,80,240,true,240,true
NPC/Class_A/210041/Default,0,3,3,1.0,42538,42538,true,42538,42538,true,42538,,,,,,106,true,106,223,true,223,true
NPC/Class_A/210041/Default,1,3,3,1.0,18851,18851,true,18851,18851,true,18851,,,,,,106,true,106,223,true,223,true
NPC/Class_A/210041/Default,2,3,3,1.0,8800,8800,true,8800,8800,true,8800,,,,,,106,true,106,223,true,223,true
NPC/Class_A/210041/Default,3,3,3,1.0,2738,2738,true,2738,2738,true,2738,,,,,,104,true,104,223,true,223,true
NPC/Class_A/210041/Default,4,3,3,1.0,900,900,true,900,900,true,900,,,,,,98,true,98,223,true,223,true
NPC/Class_A/210042/Default,0,3,3,1.0,21757,21757,true,21757,21757,true,21757,,,,,,113,true,113,221,true,221,true
NPC/Class_A/210042/Default,1,3,3,1.0,10639,10639,true,10639,10639,true,10639,,,,,,113,true,113,221,true,221,true
NPC/Class_A/210042/Default,2,3,3,1.0,4634,4634,true,4634,4634,true,4634,,,,,,113,true,113,221,true,221,true
NPC/Class_A/210042/Default,3,3,3,1.0,1484,1484,true,1484,1484,true,1484,,,,,,111,true,111,221,true,221,true
NPC/Class_A/210042/Default,4,3,3,1.0,568,568,true,568,568,true,568,,,,,,89,true,89,221,true,221,true
NPC/Class_A/210043/Default,0,3,3,1.0,26487,26487,true,26487,26487,true,26487,,,,,,104,true,104,190,true,190,true
NPC/Class_A/210043/Default,1,3,3,1.0,12515,12515,true,12515,12515,true,12515,,,,,,104,true,104,190,true,190,true
NPC/Class_A/210043/Default,2,3,3,1.0,5589,5589,true,5589,5589,true,5589,,,,,,104,true,104,190,true,190,true
NPC/Class_A/210043/Default,3,3,3,1.0,1778,1778,true,1778,1778,true,1778,,,,,,103,true,103,190,true,190,true
NPC/Class_A/210043/Default,4,3,3,1.0,661,661,true,661,661,true,661,,,,,,82,true,82,190,true,190,true
NPC/Class_A/210044/Default,0,3,3,1.0,40174,40174,true,40174,40174,true,40174,,,,,,106,true,106,191,true,191,true
NPC/Class_A/210044/Default,1,3,3,1.0,18025,18025,true,18025,18025,true,18025,,,,,,106,true,106,191,true,191,true
NPC/Class_A/210044/Default,2,3,3,1.0,8322,8322,true,8322,8322,true,8322,,,,,,106,true,106,191,true,191,true
NPC/Class_A/210044/Default,3,3,3,1.0,2573,2573,true,2573,2573,true,2573,,,,,,104,true,104,191,true,191,true
NPC/Class_A/210044/Default,4,3,3,1.0,909,909,true,909,909,true,909,,,,,,94,true,94,191,true,191,true
NPC/Class_A/210045/Default,0,4,4,1.0,24207,24207,true,24207,24207,true,24207,,,,,,132,true,132,258,true,354,true
NPC/Class_A/210045/Default,1,4,4,1.0,11612,11612,true,11612,11612,true,11612,,,,,,132,true,132,258,true,354,true
NPC/Class_A/210045/Default,2,4,4,1.0,5142,5142,true,5142,5142,true,5142,,,,,,132,true,132,258,true,354,true
NPC/Class_A/210045/Default,3,4,4,1.0,1634,1634,true,1634,1634,true,1634,,,,,,129,true,129,258,true,354,true
NPC/Class_A/210045/Default,4,4,4,1.0,608,608,true,608,608,true,608,,,,,,99,true,99,258,true,354,true
NPC/Class_A/210046/Default,0,4,4,1.0,24187,24187,true,24187,24187,true,24187,,,,,,160,true,160,346,true,346,true
NPC/Class_A/210046/Default,1,4,4,1.0,11543,11543,true,11543,11543,true,11543,,,,,,160,true,160,346,true,346,true
NPC/Class_A/210046/Default,2,4,4,1.0,5111,5111,true,5111,5111,true,5111,,,,,,160,true,160,346,true,346,true
NPC/Class_A/210046/Default,3,4,4,1.0,1628,1628,true,1628,1628,true,1628,,,,,,151,true,151,346,true,346,true
NPC/Class_A/210046/Default,4,4,4,1.0,611,611,true,611,611,true,611,,,,,,92,true,92,346,true,346,true
NPC/Class_A/210047/Default,0,4,4,1.0,34470,34470,true,34470,34470,true,34470,,,,,,184,true,184,387,true,387,true
NPC/Class_A/210047/Default,1,4,4,1.0,15657,15657,true,15657,15657,true,15657,,,,,,184,true,184,387,true,387,true
NPC/Class_A/210047/Default,2,4,4,1.0,7169,7169,true,7169,7169,true,7169,,,,,,184,true,184,387,true,387,true
NPC/Class_A/210047/Default,3,4,4,1.0,2248,2248,true,2248,2248,true,2248,,,,,,173,true,173,387,true,387,true
NPC/Class_A/210047/Default,4,4,4,1.0,799,799,true,799,799,true,799,,,,,,149,true,149,387,true,387,true
NPC/Class_A/210048/Default,0,4,4,1.0,28800,28800,true,28800,28800,true,28800,,,,,,160,true,160,352,true,352,true
NPC/Class_A/210048/Default,1,4,4,1.0,13436,13436,true,13436,13436,true,13436,,,,,,160,true,160,352,true,352,true
NPC/Class_A/210048/Default,2,4,4,1.0,6051,6051,true,6051,6051,true,6051,,,,,,160,true,160,352,true,352,true
NPC/Class_A/210048/Default,3,4,4,1.0,1909,1909,true,1909,1909,true,1909,,,,,,154,true,154,352,true,352,true
NPC/Class_A/210048/Default,4,4,4,1.0,700,700,true,700,700,true,700,,,,,,130,true,130,352,true,352,true
NPC/Class_A/210049/Default,0,4,4,1.0,20310,20310,true,20310,20310,true,20310,,,,,,119,true,119,214,true,214,true
NPC/Class_A/210049/Default,1,4,4,1.0,10035,10035,true,10035,10035,true,10035,,,,,,119,true,119,214,true,214,true
NPC/Class_A/210049/Default,2,4,4,1.0,4364,4364,true,4364,4364,true,4364,,,,,,119,true,119,214,true,214,true
NPC/Class_A/210049/Default,3,4,4,1.0,1402,1402,true,1402,1402,true,1402,,,,,,112,true,112,214,true,214,true
NPC/Class_A/210049/Default,4,4,4,1.0,499,499,true,499,499,true,499,,,,,,80,true,80,214,true,214,true
NPC/Class_A/210050/Default,0,4,4,1.0,29893,29893,true,29893,29893,true,29893,,,,,,143,true,143,267,true,267,true
NPC/Class_A/210050/Default,1,4,4,1.0,13850,13850,true,13850,13850,true,13850,,,,,,143,true,143,267,true,267,true
NPC/Class_A/210050/Default,2,4,4,1.0,6175,6175,true,6175,6175,true,6175,,,,,,143,true,143,267,true,267,true
NPC/Class_A/210050/Default,3,4,4,1.0,1877,1877,true,1877,1877,true,1877,,,,,,135,true,135,267,true,267,true
NPC/Class_A/210050/Default,4,4,4,1.0,601,601,true,601,601,true,601,,,,,,101,true,101,267,true,267,true
NPC/Class_A/210051/Default,0,3,3,1.0,24023,24023,true,24023,24023,true,24023,,,,,,114,true,114,242,true,242,true
NPC/Class_A/210051/Default,1,3,3,1.0,11460,11460,true,11460,11460,true,11460,,,,,,114,true,114,242,true,242,true
NPC/Class_A/210051/Default,2,3,3,1.0,5113,5113,true,5113,5113,true,5113,,,,,,114,true,114,242,true,242,true
NPC/Class_A/210051/Default,3,3,3,1.0,1629,1629,true,1629,1629,true,1629,,,,,,112,true,112,242,true,242,true
NPC/Class_A/210051/Default,4,3,3,1.0,565,565,true,565,565,true,565,,,,,,78,true,78,242,true,242,true
NPC/Class_A/210052/Default,0,3,3,1.0,22819,22819,true,22819,22819,true,22819,,,,,,133,true,133,240,true,240,true
NPC/Class_A/210052/Default,1,3,3,1.0,11022,11022,true,11022,11022,true,11022,,,,,,133,true,133,240,true,240,true
NPC/Class_A/210052/Default,2,3,3,1.0,4763,4763,true,4763,4763,true,4763,,,,,,133,true,133,240,true,240,true
NPC/Class_A/210052/Default,3,3,3,1.0,1455,1455,true,1455,1455,true,1455,,,,,,133,true,133,240,true,240,true
NPC/Class_A/210052/Default,4,3,3,1.0,474,474,true,474,474,true,474,,,,,,102,true,102,240,true,240,true
NPC/Class_A/210053/Default,0,4,4,1.0,22621,22621,true,22621,22621,true,22621,,,,,,134,true,134,291,true,291,true
NPC/Class_A/210053/Default,1,4,4,1.0,10916,10916,true,10916,10916,true,10916,,,,,,132,true,132,291,true,291,true
NPC/Class_A/210053/Default,2,4,4,1.0,4799,4799,true,4799,4799,true,4799,,,,,,132,true,132,291,true,291,true
NPC/Class_A/210053/Default,3,4,4,1.0,1537,1537,true,1537,1537,true,1537,,,,,,130,true,130,291,true,291,true
NPC/Class_A/210053/Default,4,4,4,1.0,585,585,true,585,585,true,585,,,,,,109,true,109,291,true,291,true
NPC/Class_A/210054/Default,0,3,3,1.0,24785,24785,true,24785,24785,true,24785,,,,,,112,true,112,239,true,239,true
NPC/Class_A/210054/Default,1,3,3,1.0,11825,11825,true,11825,11825,true,11825,,,,,,112,true,112,239,true,239,true
NPC/Class_A/210054/Default,2,3,3,1.0,5226,5226,true,5226,5226,true,5226,,,,,,112,true,112,239,true,239,true
NPC/Class_A/210054/Default,3,3,3,1.0,1664,1664,true,1664,1664,true,1664,,,,,,111,true,111,239,true,239,true
NPC/Class_A/210054/Default,4,3,3,1.0,628,628,true,628,628,true,628,,,,,,91,true,91,239,true,239,true
NPC/Class_A/210055/Default,0,3,3,1.0,29090,29090,true,29090,29090,true,29090,,,,,,123,true,123,234,true,335,true
NPC/Class_A/210055/Default,1,3,3,1.0,13567,13567,true,13567,13567,true,13567,,,,,,123,true,123,234,true,335,true
NPC/Class_A/210055/Default,2,3,3,1.0,6123,6123,true,6123,6123,true,6123,,,,,,123,true,123,234,true,335,true
NPC/Class_A/210055/Default,3,3,3,1.0,1928,1928,true,1928,1928,true,1928,,,,,,121,true,121,234,true,335,true
NPC/Class_A/210055/Default,4,3,3,1.0,697,697,true,697,697,true,697,,,,,,105,true,105,234,true,335,true
NPC/Class_A/210056/Default,0,3,3,1.0,34688,34688,true,34688,34688,true,34688,,,,,,163,true,163,313,true,327,true
NPC/Class_A/210056/Default,1,3,3,1.0,15814,15814,true,15814,15814,true,15814,,,,,,163,true,163,313,true,327,true
NPC/Class_A/210056/Default,2,3,3,1.0,7234,7234,true,7234,7234,true,7234,,,,,,159,true,159,313,true,327,true
NPC/Class_A/210056/Default,3,3,3,1.0,2267,2267,true,2267,2267,true,2267,,,,,,148,true,148,313,true,327,true
NPC/Class_A/210056/Default,4,3,3,1.0,808,808,true,808,808,true,808,,,,,,92,true,92,313,true,327,true
NPC/Class_A/210057/Default,0,3,3,1.0,22404,22404,true,22404,22404,true,22404,,,,,,112,true,112,191,true,290,true
NPC/Class_A/210057/Default,1,3,3,1.0,10914,10914,true,10914,10914,true,10914,,,,,,112,true,112,191,true,290,true
NPC/Class_A/210057/Default,2,3,3,1.0,4767,4767,true,4767,4767,true,4767,,,,,,112,true,112,191,true,290,true
NPC/Class_A/210057/Default,3,3,3,1.0,1531,1531,true,1531,1531,true,1531,,,,,,107,true,107,191,true,290,true
NPC/Class_A/210057/Default,4,3,3,1.0,588,588,true,588,588,true,588,,,,,,82,true,82,191,true,290,true
NPC/Class_A/210058/Default,0,4,4,1.0,40108,40108,true,40108,40108,true,40108,,,,,,114,true,114,241,true,327,true
NPC/Class_A/210058/Default,1,4,4,1.0,20540,20540,true,20540,20540,true,20540,,,,,,114,true,114,241,true,327,true
NPC/Class_A/210058/Default,2,4,4,1.0,14017,14017,true,14017,14017,true,14017,,,,,,114,true,114,241,true,327,true
NPC/Class_A/210058/Default,3,4,4,1.0,6622,6622,true,6622,6622,true,6622,,,,,,113,true,113,241,true,327,true
NPC/Class_A/210058/Default,4,4,4,1.0,5106,5106,true,5106,5106,true,5106,,,,,,97,true,97,241,true,327,true
NPC/Class_A/210059/Default,0,1,1,1.0,49255,49255,true,49255,49255,true,49255,,,,,,130,true,130,190,true,190,true
NPC/Class_A/210059/Default,1,1,1,1.0,19701,19701,true,19701,19701,true,19701,,,,,,130,true,130,190,true,190,true
NPC/Class_A/210059/Default,2,1,1,1.0,9849,9849,true,9849,9849,true,9849,,,,,,130,true,130,190,true,190,true
NPC/Class_A/210059/Default,3,1,1,1.0,2953,2953,true,2953,2953,true,2953,,,,,,124,true,124,190,true,190,true
NPC/Class_A/210059/Default,4,1,1,1.0,882,882,true,882,882,true,882,,,,,,117,true,117,190,true,190,true
NPC/Class_A/210060/Default,0,3,3,1.0,20500,20500,true,20500,20500,true,20500,,,,,,111,true,111,203,true,203,true
NPC/Class_A/210060/Default,1,3,3,1.0,10109,10109,true,10109,10109,true,10109,,,,,,111,true,111,203,true,203,true
NPC/Class_A/210060/Default,2,3,3,1.0,4368,4368,true,4368,4368,true,4368,,,,,,111,true,111,203,true,203,true
NPC/Class_A/210060/Default,3,3,3,1.0,1406,1406,true,1406,1406,true,1406,,,,,,111,true,111,203,true,203,true
NPC/Class_A/210060/Default,4,3,3,1.0,550,550,true,550,550,true,550,,,,,,79,true,79,203,true,203,true
NPC/Class_A/210061/Default,0,4,4,1.0,24687,24687,true,24687,24687,true,24687,,,,,,126,true,126,207,true,209,true
NPC/Class_A/210061/Default,1,4,4,1.0,12031,12031,true,12031,12031,true,12031,,,,,,126,true,126,207,true,209,true
NPC/Class_A/210061/Default,2,4,4,1.0,7811,7811,true,7811,7811,true,7811,,,,,,126,true,126,207,true,209,true
NPC/Class_A/210061/Default,3,4,4,1.0,1658,1658,true,1658,1658,true,1658,,,,,,124,true,124,207,true,209,true
NPC/Class_A/210061/Default,4,4,4,1.0,624,624,true,624,624,true,624,,,,,,96,true,96,207,true,209,true
NPC/Class_A/210062/Default,0,3,3,1.0,27159,27159,true,27159,27159,true,27159,,,,,,148,true,148,315,true,315,true
NPC/Class_A/210062/Default,1,3,3,1.0,12773,12773,true,12773,12773,true,12773,,,,,,148,true,148,315,true,315,true
NPC/Class_A/210062/Default,2,3,3,1.0,5701,5701,true,5701,5701,true,5701,,,,,,148,true,148,315,true,315,true
NPC/Class_A/210062/Default,3,3,3,1.0,1807,1807,true,1807,1807,true,1807,,,,,,129,true,129,315,true,315,true
NPC/Class_A/210062/Default,4,3,3,1.0,671,671,true,671,671,true,671,,,,,,101,true,101,315,true,315,true
NPC/Class_A/210063/Default,0,4,4,1.0,32918,32918,true,32918,32918,true,32918,,,,,,142,true,142,297,true,297,true
NPC/Class_A/210063/Default,1,4,4,1.0,15083,15083,true,15083,15083,true,15083,,,,,,142,true,142,297,true,297,true
NPC/Class_A/210063/Default,2,4,4,1.0,6872,6872,true,6872,6872,true,6872,,,,,,141,true,141,297,true,297,true
NPC/Class_A/210063/Default,3,4,4,1.0,2155,2155,true,2155,2155,true,2155,,,,,,138,true,138,297,true,297,true
NPC/Class_A/210063/Default,4,4,4,1.0,774,774,true,774,774,true,774,,,,,,108,true,108,297,true,297,true
NPC/Class_A/210064/Default,0,4,4,1.0,37430,37430,true,37430,37430,true,37430,,,,,,121,true,121,230,true,230,true
NPC/Class_A/210064/Default,1,4,4,1.0,16760,16760,true,16760,16760,true,16760,,,,,,121,true,121,230,true,230,true
NPC/Class_A/210064/Default,2,4,4,1.0,9873,9873,true,9873,9873,true,9873,,,,,,121,true,121,230,true,230,true
NPC/Class_A/210064/Default,3,4,4,1.0,2460,2460,true,2460,2460,true,2460,,,,,,119,true,119,230,true,230,true
NPC/Class_A/210064/Default,4,4,4,1.0,850,850,true,850,850,true,850,,,,,,93,true,93,230,true,230,true
NPC/Class_A/210065/Default,0,4,4,1.0,31904,31904,true,31904,31904,true,31904,,,,,,142,true,142,288,true,288,true
NPC/Class_A/210065/Default,1,4,4,1.0,18399,18399,true,18399,18399,true,18399,,,,,,142,true,142,288,true,288,true
NPC/Class_A/210065/Default,2,4,4,1.0,8428,8428,true,8428,8428,true,8428,,,,,,142,true,142,288,true,288,true
NPC/Class_A/210065/Default,3,4,4,1.0,2568,2568,true,2568,2568,true,2568,,,,,,139,true,139,288,true,288,true
NPC/Class_A/210065/Default,4,4,4,1.0,769,769,true,769,769,true,769,,,,,,127,true,127,288,true,288,true
NPC/Class_A/210066/Default,0,4,4,1.0,26416,26416,true,26416,26416,true,26416,,,,,,140,true,140,257,true,257,true
NPC/Class_A/210066/Default,1,4,4,1.0,12462,12462,true,12462,12462,true,12462,,,,,,140,true,140,257,true,257,true
NPC/Class_A/210066/Default,2,4,4,1.0,5589,5589,true,5589,5589,true,5589,,,,,,140,true,140,257,true,257,true
NPC/Class_A/210066/Default,3,4,4,1.0,1764,1764,true,1764,1764,true,1764,,,,,,138,true,138,257,true,257,true
NPC/Class_A/210066/Default,4,4,4,1.0,605,605,true,605,605,true,605,,,,,,111,true,111,257,true,257,true
NPC/Class_A/210067/Default,0,3,3,1.0,24525,24525,true,24525,24525,true,24525,,,,,,137,true,137,249,true,249,true
NPC/Class_A/210067/Default,1,3,3,1.0,11727,11727,true,11727,11727,true,11727,,,,,,137,true,137,249,true,249,true
NPC/Class_A/210067/Default,2,3,3,1.0,5196,5196,true,5196,5196,true,5196,,,,,,137,true,137,249,true,249,true
NPC/Class_A/210067/Default,3,3,3,1.0,1654,1654,true,1654,1654,true,1654,,,,,,125,true,125,249,true,249,true
NPC/Class_A/210067/Default,4,3,3,1.0,625,625,true,625,625,true,625,,,,,,91,true,91,249,true,249,true
NPC/Class_A/210068/Default,0,3,3,1.0,25521,25521,true,25521,25521,true,25521,,,,,,120,true,120,237,true,239,true
NPC/Class_A/210068/Default,1,3,3,1.0,12120,12120,true,12120,12120,true,12120,,,,,,120,true,120,237,true,239,true
NPC/Class_A/210068/Default,2,3,3,1.0,5410,5410,true,5410,5410,true,5410,,,,,,120,true,120,237,true,239,true
NPC/Class_A/210068/Default,3,3,3,1.0,1718,1718,true,1718,1718,true,1718,,,,,,116,true,116,237,true,239,true
NPC/Class_A/210068/Default,4,3,3,1.0,594,594,true,594,594,true,594,,,,,,95,true,95,237,true,239,true
NPC/Class_A/210069/Default,0,3,3,1.0,39518,39518,true,39518,39518,true,39518,,,,,,106,true,106,189,true,189,true
NPC/Class_A/210069/Default,1,3,3,1.0,17672,17672,true,17672,17672,true,17672,,,,,,106,true,106,189,true,189,true
NPC/Class_A/210069/Default,2,3,3,1.0,8199,8199,true,8199,8199,true,8199,,,,,,106,true,106,189,true,189,true
NPC/Class_A/210069/Default,3,3,3,1.0,2560,2560,true,2560,2560,true,2560,,,,,,104,true,104,189,true,189,true
NPC/Class_A/210069/Default,4,3,3,1.0,838,838,true,838,838,true,838,,,,,,93,true,93,189,true,189,true
NPC/Class_A/210070/Default,0,3,3,1.0,26082,26082,true,26082,26082,true,26082,,,,,,112,true,112,213,true,213,true
NPC/Class_A/210070/Default,1,3,3,1.0,12368,12368,true,12368,12368,true,12368,,,,,,112,true,112,213,true,213,true
NPC/Class_A/210070/Default,2,3,3,1.0,5499,5499,true,5499,5499,true,5499,,,,,,112,true,112,213,true,213,true
NPC/Class_A/210070/Default,3,3,3,1.0,1744,1744,true,1744,1744,true,1744,,,,,,111,true,111,213,true,213,true
NPC/Class_A/210070/Default,4,3,3,1.0,647,647,true,647,647,true,647,,,,,,93,true,93,213,true,213,true
NPC/Class_A/210071/Default,0,3,3,1.0,25910,25910,true,25910,25910,true,25910,,,,,,112,true,112,206,true,206,true
NPC/Class_A/210071/Default,1,3,3,1.0,12277,12277,true,12277,12277,true,12277,,,,,,112,true,112,206,true,206,true
NPC/Class_A/210071/Default,2,3,3,1.0,5487,5487,true,5487,5487,true,5487,,,,,,112,true,112,206,true,206,true
NPC/Class_A/210071/Default,3,3,3,1.0,1740,1740,true,1740,1740,true,1740,,,,,,104,true,104,206,true,206,true
NPC/Class_A/210071/Default,4,3,3,1.0,599,599,true,599,599,true,599,,,,,,81,true,81,206,true,206,true
NPC/Class_A/210072/Default,0,4,4,1.0,33732,33732,true,33732,33732,true,33732,,,,,,179,true,179,354,true,362,true
NPC/Class_A/210072/Default,1,4,4,1.0,15362,15362,true,15362,15362,true,15362,,,,,,179,true,179,354,true,362,true
NPC/Class_A/210072/Default,2,4,4,1.0,7020,7020,true,7020,7020,true,7020,,,,,,177,true,177,354,true,362,true
NPC/Class_A/210072/Default,3,4,4,1.0,2202,2202,true,2202,2202,true,2202,,,,,,160,true,160,354,true,362,true
NPC/Class_A/210072/Default,4,4,4,1.0,785,785,true,785,785,true,785,,,,,,113,true,113,354,true,362,true
NPC/Class_A/210073/Default,0,4,4,1.0,29561,29561,true,29561,29561,true,29561,,,,,,230,true,230,441,true,441,true
NPC/Class_A/210073/Default,1,4,4,1.0,13762,13762,true,13762,13762,true,13762,,,,,,230,true,230,441,true,441,true
NPC/Class_A/210073/Default,2,4,4,1.0,6206,6206,true,6206,6206,true,6206,,,,,,230,true,230,441,true,441,true
NPC/Class_A/210073/Default,3,4,4,1.0,1958,1958,true,1958,1958,true,1958,,,,,,220,true,220,441,true,441,true
NPC/Class_A/210073/Default,4,4,4,1.0,714,714,true,714,714,true,714,,,,,,161,true,161,441,true,441,true
NPC/Class_A/210074/Default,0,1,1,1.0,50452,50452,true,50452,50452,true,50452,,,,,,201,true,201,320,true,320,true
NPC/Class_A/210074/Default,1,1,1,1.0,20155,20155,true,20155,20155,true,20155,,,,,,201,true,201,320,true,320,true
NPC/Class_A/210074/Default,2,1,1,1.0,10077,10077,true,10077,10077,true,10077,,,,,,200,true,200,320,true,320,true
NPC/Class_A/210074/Default,3,1,1,1.0,3023,3023,true,3023,3023,true,3023,,,,,,188,true,188,320,true,320,true
NPC/Class_A/210074/Default,4,1,1,1.0,905,905,true,905,905,true,905,,,,,,153,true,153,320,true,320,true
NPC/Class_A/210075/Default,0,3,3,1.0,23256,23256,true,23256,23256,true,23256,,,,,,155,true,155,276,true,276,true
NPC/Class_A/210075/Default,1,3,3,1.0,11171,11171,true,11171,11171,true,11171,,,,,,155,true,155,276,true,276,true
NPC/Class_A/210075/Default,2,3,3,1.0,4928,4928,true,4928,4928,true,4928,,,,,,155,true,155,276,true,276,true
NPC/Class_A/210075/Default,3,3,3,1.0,1575,1575,true,1575,1575,true,1575,,,,,,153,true,153,276,true,276,true
NPC/Class_A/210075/Default,4,3,3,1.0,599,599,true,599,599,true,599,,,,,,113,true,113,276,true,276,true
NPC/Class_A/210076/Default,0,4,4,1.0,23755,23755,true,23755,23755,true,23755,,,,,,115,true,115,229,true,234,true
NPC/Class_A/210076/Default,1,4,4,1.0,11397,11397,true,11397,11397,true,11397,,,,,,115,true,115,229,true,234,true
NPC/Class_A/210076/Default,2,4,4,1.0,5056,5056,true,5056,5056,true,5056,,,,,,115,true,115,229,true,234,true
NPC/Class_A/210076/Default,3,4,4,1.0,1605,1605,true,1605,1605,true,1605,,,,,,115,true,115,229,true,234,true
NPC/Class_A/210076/Default,4,4,4,1.0,556,556,true,556,556,true,556,,,,,,76,true,76,229,true,234,true
NPC/Class_A/210077/Default,0,4,4,1.0,22202,22202,true,22202,22202,true,22202,,,,,,119,true,119,266,true,268,true
NPC/Class_A/210077/Default,1,4,4,1.0,10790,10790,true,10790,10790,true,10790,,,,,,119,true,119,266,true,268,true
NPC/Class_A/210077/Default,2,4,4,1.0,4709,4709,true,4709,4709,true,4709,,,,,,118,true,118,266,true,268,true
NPC/Class_A/210077/Default,3,4,4,1.0,1508,1508,true,1508,1508,true,1508,,,,,,117,true,117,266,true,268,true
NPC/Class_A/210077/Default,4,4,4,1.0,579,579,true,579,579,true,579,,,,,,85,true,85,266,true,268,true
NPC/Class_A/210078/Default,0,4,4,1.0,33121,33121,true,33121,33121,true,33121,,,,,,158,true,158,313,true,313,true
NPC/Class_A/210078/Default,1,4,4,1.0,15163,15163,true,15163,15163,true,15163,,,,,,158,true,158,313,true,313,true
NPC/Class_A/210078/Default,2,4,4,1.0,6914,6914,true,6914,6914,true,6914,,,,,,158,true,158,313,true,313,true
NPC/Class_A/210078/Default,3,4,4,1.0,2169,2169,true,2169,2169,true,2169,,,,,,149,true,149,313,true,313,true
NPC/Class_A/210078/Default,4,4,4,1.0,778,778,true,778,778,true,778,,,,,,123,true,123,313,true,313,true
NPC/Class_A/210079/Default,0,1,1,1.0,50452,50452,true,50452,50452,true,50452,,,,,,201,true,201,320,true,320,true
NPC/Class_A/210079/Default,1,1,1,1.0,20155,20155,true,20155,20155,true,20155,,,,,,201,true,201,320,true,320,true
NPC/Class_A/210079/Default,2,1,1,1.0,10077,10077,true,10077,10077,true,10077,,,,,,200,true,200,320,true,320,true
NPC/Class_A/210079/Default,3,1,1,1.0,3022,3022,true,3022,3022,true,3022,,,,,,184,true,184,320,true,320,true
NPC/Class_A/210079/Default,4,1,1,1.0,905,905,true,905,905,true,905,,,,,,153,true,153,320,true,320,true
NPC/Class_A/210080/Default,0,4,4,1.0,31777,31777,true,31777,31777,true,31777,,,,,,137,true,137,313,true,313,true
NPC/Class_A/210080/Default,1,4,4,1.0,14579,14579,true,14579,14579,true,14579,,,,,,137,true,137,313,true,313,true
NPC/Class_A/210080/Default,2,4,4,1.0,6628,6628,true,6628,6628,true,6628,,,,,,137,true,137,313,true,313,true
NPC/Class_A/210080/Default,3,4,4,1.0,2084,2084,true,2084,2084,true,2084,,,,,,129,true,129,313,true,313,true
NPC/Class_A/210080/Default,4,4,4,1.0,751,751,true,751,751,true,751,,,,,,102,true,102,313,true,313,true
NPC/Class_A/210081/Default,0,3,3,1.0,43795,43795,true,43795,43795,true,43795,,,,,,106,true,106,203,true,203,true
NPC/Class_A/210081/Default,1,3,3,1.0,19353,19353,true,19353,19353,true,19353,,,,,,106,true,106,203,true,203,true
NPC/Class_A/210081/Default,2,3,3,1.0,9052,9052,true,9052,9052,true,9052,,,,,,106,true,106,203,true,203,true
NPC/Class_A/210081/Default,3,3,3,1.0,2813,2813,true,2813,2813,true,2813,,,,,,104,true,104,203,true,203,true
NPC/Class_A/210081/Default,4,3,3,1.0,923,923,true,923,923,true,923,,,,,,94,true,94,203,true,203,true
NPC/Class_A/210082/Default,0,3,3,1.0,39109,39109,true,39109,39109,true,39109,,,,,,106,true,106,191,true,193,true
NPC/Class_A/210082/Default,1,3,3,1.0,17600,17600,true,17600,17600,true,17600,,,,,,106,true,106,191,true,193,true
NPC/Class_A/210082/Default,2,3,3,1.0,8111,8111,true,8111,8111,true,8111,,,,,,106,true,106,191,true,193,true
NPC/Class_A/210082/Default,3,3,3,1.0,2509,2509,true,2509,2509,true,2509,,,,,,104,true,104,191,true,193,true
NPC/Class_A/210082/Default,4,3,3,1.0,889,889,true,889,889,true,889,,,,,,92,true,92,191,true,193,true
NPC/Class_A/210083/Default,0,4,4,1.0,42401,42401,true,42401,42401,true,42401,,,,,,114,true,114,193,true,193,true
NPC/Class_A/210083/Default,1,4,4,1.0,18872,18872,true,18872,18872,true,18872,,,,,,114,true,114,193,true,193,true
NPC/Class_A/210083/Default,2,4,4,1.0,8782,8782,true,8782,8782,true,8782,,,,,,114,true,114,193,true,193,true
NPC/Class_A/210083/Default,3,4,4,1.0,2728,2728,true,2728,2728,true,2728,,,,,,113,true,113,193,true,193,true
NPC/Class_A/210083/Default,4,4,4,1.0,897,897,true,897,897,true,897,,,,,,97,true,97,193,true,193,true
NPC/Class_A/210084/Default,0,4,4,1.0,34511,34511,true,34511,34511,true,34511,,,,,,228,true,228,401,true,401,true
NPC/Class_A/210084/Default,1,4,4,1.0,15721,15721,true,15721,15721,true,15721,,,,,,228,true,228,401,true,401,true
NPC/Class_A/210084/Default,2,4,4,1.0,7192,7192,true,7192,7192,true,7192,,,,,,228,true,228,401,true,401,true
NPC/Class_A/210084/Default,3,4,4,1.0,2252,2252,true,2252,2252,true,2252,,,,,,218,true,218,401,true,401,true
NPC/Class_A/210084/Default,4,4,4,1.0,801,801,true,801,801,true,801,,,,,,153,true,153,401,true,401,true
NPC/Class_A/210085/Default,0,3,3,1.0,29920,29920,true,29920,29920,true,29920,,,,,,140,true,140,274,true,366,true
NPC/Class_A/210085/Default,1,3,3,1.0,15812,15812,true,15812,15812,true,15812,,,,,,140,true,140,274,true,366,true
NPC/Class_A/210085/Default,2,3,3,1.0,7188,7188,true,7188,7188,true,7188,,,,,,140,true,140,274,true,366,true
NPC/Class_A/210085/Default,3,3,3,1.0,2074,2074,true,2074,2074,true,2074,,,,,,135,true,135,274,true,366,true
NPC/Class_A/210085/Default,4,3,3,1.0,800,800,true,800,800,true,800,,,,,,128,true,128,274,true,366,true
NPC/Class_A/210086/Default,0,4,4,1.0,29965,29965,true,29965,29965,true,29965,,,,,,138,true,138,278,true,278,true
NPC/Class_A/210086/Default,1,4,4,1.0,13900,13900,true,13900,13900,true,13900,,,,,,138,true,138,278,true,278,true
NPC/Class_A/210086/Default,2,4,4,1.0,6280,6280,true,6280,6280,true,6280,,,,,,138,true,138,278,true,278,true
NPC/Class_A/210086/Default,3,4,4,1.0,1977,1977,true,1977,1977,true,1977,,,,,,138,true,138,278,true,278,true
NPC/Class_A/210086/Default,4,4,4,1.0,721,721,true,721,721,true,721,,,,,,104,true,104,278,true,278,true
NPC/Class_A/210087/Default,0,4,4,1.0,44257,44257,true,44257,44257,true,44257,,,,,,114,true,114,220,true,220,true
NPC/Class_A/210087/Default,1,4,4,1.0,19633,19633,true,19633,19633,true,19633,,,,,,114,true,114,220,true,220,true
NPC/Class_A/210087/Default,2,4,4,1.0,9153,9153,true,9153,9153,true,9153,,,,,,114,true,114,220,true,220,true
NPC/Class_A/210087/Default,3,4,4,1.0,2836,2836,true,2836,2836,true,2836,,,,,,113,true,113,220,true,220,true
NPC/Class_A/210087/Default,4,4,4,1.0,969,969,true,969,969,true,969,,,,,,97,true,97,220,true,220,true
NPC/Class_A/210088/Default,0,3,3,1.0,26364,26364,true,26364,26364,true,26364,,,,,,126,true,126,254,true,254,true
NPC/Class_A/210088/Default,1,3,3,1.0,12476,12476,true,12476,12476,true,12476,,,,,,126,true,126,254,true,254,true
NPC/Class_A/210088/Default,2,3,3,1.0,5574,5574,true,5574,5574,true,5574,,,,,,126,true,126,254,true,254,true
NPC/Class_A/210088/Default,3,3,3,1.0,1764,1764,true,1764,1764,true,1764,,,,,,124,true,124,254,true,254,true
NPC/Class_A/210088/Default,4,3,3,1.0,648,648,true,648,648,true,648,,,,,,114,true,114,254,true,254,true
NPC/Class_A/210089/Default,0,3,3,1.0,21000,21000,true,21000,21000,true,21000,,,,,,130,true,130,252,true,252,true
NPC/Class_A/210089/Default,1,3,3,1.0,10292,10292,true,10292,10292,true,10292,,,,,,130,true,130,252,true,252,true
NPC/Class_A/210089/Default,2,3,3,1.0,4398,4398,true,4398,4398,true,4398,,,,,,130,true,130,252,true,252,true
NPC/Class_A/210089/Default,3,3,3,1.0,1346,1346,true,1346,1346,true,1346,,,,,,130,true,130,252,true,252,true
NPC/Class_A/210089/Default,4,3,3,1.0,442,442,true,442,442,true,442,,,,,,108,true,108,252,true,252,true
NPC/Class_A/210090/Default,0,3,3,1.0,27692,27692,true,27692,27692,true,27692,,,,,,126,true,126,238,true,238,true
NPC/Class_A/210090/Default,1,3,3,1.0,13031,13031,true,13031,13031,true,13031,,,,,,126,true,126,238,true,238,true
NPC/Class_A/210090/Default,2,3,3,1.0,5827,5827,true,5827,5827,true,5827,,,,,,126,true,126,238,true,238,true
NPC/Class_A/210090/Default,3,3,3,1.0,1822,1822,true,1822,1822,true,1822,,,,,,124,true,124,238,true,238,true
NPC/Class_A/210090/Default,4,3,3,1.0,685,685,true,685,685,true,685,,,,,,111,true,111,238,true,238,true
NPC/Class_A/210091/Default,0,3,3,1.0,43173,43173,true,43173,43173,true,43173,,,,,,106,true,106,237,true,237,true
NPC/Class_A/210091/Default,1,3,3,1.0,19203,19203,true,19203,19203,true,19203,,,,,,106,true,106,237,true,237,true
NPC/Class_A/210091/Default,2,3,3,1.0,8916,8916,true,8916,8916,true,8916,,,,,,106,true,106,237,true,237,true
NPC/Class_A/210091/Default,3,3,3,1.0,2768,2768,true,2768,2768,true,2768,,,,,,104,true,104,237,true,237,true
NPC/Class_A/210091/Default,4,3,3,1.0,954,954,true,954,954,true,954,,,,,,97,true,97,237,true,237,true
NPC/Class_A/210092/Default,0,3,3,1.0,25728,25728,true,25728,25728,true,25728,,,,,,69,true,69,210,true,210,true
NPC/Class_A/210092/Default,1,3,3,1.0,10287,10287,true,10287,10287,true,10287,,,,,,69,true,69,210,true,210,true
NPC/Class_A/210092/Default,2,3,3,1.0,5139,5139,true,5139,5139,true,5139,,,,,,69,true,69,210,true,210,true
NPC/Class_A/210092/Default,3,3,3,1.0,1540,1540,true,1540,1540,true,1540,,,,,,69,true,69,210,true,210,true
NPC/Class_A/210092/Default,4,3,3,1.0,459,459,true,459,459,true,459,,,,,,59,true,59,210,true,210,true
NPC/Class_A/210093/Default,0,3,3,1.0,38939,38939,true,38939,38939,true,38939,,,,,,61,true,61,210,true,210,true
NPC/Class_A/210093/Default,1,3,3,1.0,15573,15573,true,15573,15573,true,15573,,,,,,61,true,61,210,true,210,true
NPC/Class_A/210093/Default,2,3,3,1.0,7783,7783,true,7783,7783,true,7783,,,,,,61,true,61,210,true,210,true
NPC/Class_A/210093/Default,3,3,3,1.0,2331,2331,true,2331,2331,true,2331,,,,,,61,true,61,210,true,210,true
NPC/Class_A/210093/Default,4,3,3,1.0,697,697,true,697,697,true,697,,,,,,61,true,61,210,true,210,true
NPC/Class_A/210094/Default,0,3,3,1.0,24999,24999,true,24999,24999,true,24999,,,,,,60,true,60,211,true,211,true
NPC/Class_A/210094/Default,1,3,3,1.0,9996,9996,true,9996,9996,true,9996,,,,,,60,true,60,211,true,211,true
NPC/Class_A/210094/Default,2,3,3,1.0,4993,4993,true,4993,4993,true,4993,,,,,,60,true,60,211,true,211,true
NPC/Class_A/210094/Default,3,3,3,1.0,1496,1496,true,1496,1496,true,1496,,,,,,60,true,60,211,true,211,true
NPC/Class_A/210094/Default,4,3,3,1.0,444,444,true,444,444,true,444,,,,,,43,true,43,211,true,211,true
NPC/Class_A/210095/Default,0,3,3,1.0,20766,20766,true,20766,20766,true,20766,,,,,,59,true,59,210,true,210,true
NPC/Class_A/210095/Default,1,3,3,1.0,8303,8303,true,8303,8303,true,8303,,,,,,59,true,59,210,true,210,true
NPC/Class_A/210095/Default,2,3,3,1.0,4146,4146,true,4146,4146,true,4146,,,,,,59,true,59,210,true,210,true
NPC/Class_A/210095/Default,3,3,3,1.0,1241,1241,true,1241,1241,true,1241,,,,,,59,true,59,210,true,210,true
NPC/Class_A/210095/Default,4,3,3,1.0,370,370,true,370,370,true,370,,,,,,46,true,46,210,true,210,true
NPC/Class_A/210100/Default,0,1,1,1.0,48689,48689,true,48689,48689,true,48689,,,,,,169,true,169,259,true,259,true
NPC/Class_A/210100/Default,1,1,1,1.0,19473,19473,true,19473,19473,true,19473,,,,,,169,true,169,259,true,259,true
NPC/Class_A/210100/Default,2,1,1,1.0,9736,9736,true,9736,9736,true,9736,,,,,,169,true,169,259,true,259,true
NPC/Class_A/210100/Default,3,1,1,1.0,2920,2920,true,2920,2920,true,2920,,,,,,168,true,168,259,true,259,true
NPC/Class_A/210100/Default,4,1,1,1.0,876,876,true,876,876,true,876,,,,,,155,true,155,259,true,259,true
NPC/Class_A/210102/Default,0,4,4,1.0,53056,53056,true,53056,53056,true,53056,,,,,,149,true,149,312,true,431,true
NPC/Class_A/210102/Default,1,4,4,1.0,23198,23198,true,23198,23198,true,23198,,,,,,149,true,149,312,true,431,true
NPC/Class_A/210102/Default,2,4,4,1.0,10946,10946,true,10946,10946,true,10946,,,,,,149,true,149,312,true,431,true
NPC/Class_A/210102/Default,3,4,4,1.0,3366,3366,true,3366,3366,true,3366,,,,,,149,true,149,312,true,431,true
NPC/Class_A/210102/Default,4,4,4,1.0,1091,1091,true,1091,1091,true,1091,,,,,,136,true,136,312,true,431,true
NPC/Class_A/210105/Default,0,3,3,1.0,23208,23208,true,23208,23208,true,23208,,,,,,113,true,113,242,true,242,true
NPC/Class_A/210105/Default,1,3,3,1.0,11135,11135,true,11135,11135,true,11135,,,,,,113,true,113,242,true,242,true
NPC/Class_A/210105/Default,2,3,3,1.0,4951,4951,true,4951,4951,true,4951,,,,,,113,true,113,242,true,242,true
NPC/Class_A/210105/Default,3,3,3,1.0,1580,1580,true,1580,1580,true,1580,,,,,,111,true,111,242,true,242,true
NPC/Class_A/210105/Default,4,3,3,1.0,550,550,true,550,550,true,550,,,,,,69,true,69,242,true,242,true
NPC/Class_A/210106/Default,0,4,4,1.0,24159,24159,true,24159,24159,true,24159,,,,,,151,true,151,307,true,307,true
NPC/Class_A/210106/Default,1,4,4,1.0,11514,11514,true,11514,11514,true,11514,,,,,,151,true,151,307,true,307,true
NPC/Class_A/210106/Default,2,4,4,1.0,5139,5139,true,5139,5139,true,5139,,,,,,151,true,151,307,true,307,true
NPC/Class_A/210106/Default,3,4,4,1.0,1636,1636,true,1636,1636,true,1636,,,,,,150,true,150,307,true,307,true
NPC/Class_A/210106/Default,4,4,4,1.0,564,564,true,564,564,true,564,,,,,,102,true,102,307,true,307,true
NPC/Class_A/210107/Default,0,4,4,1.0,24068,24068,true,24068,24068,true,24068,,,,,,110,true,110,219,true,255,true
NPC/Class_A/210107/Default,1,4,4,1.0,11547,11547,true,11547,11547,true,11547,,,,,,108,true,108,219,true,255,true
NPC/Class_A/210107/Default,2,4,4,1.0,5105,5105,true,5105,5105,true,5105,,,,,,108,true,108,219,true,255,true
NPC/Class_A/210107/Default,3,4,4,1.0,1630,1630,true,1630,1630,true,1630,,,,,,104,true,104,219,true,255,true
NPC/Class_A/210107/Default,4,4,4,1.0,616,616,true,616,616,true,616,,,,,,79,true,79,219,true,255,true
NPC/Class_A/210110/Default,0,3,3,1.0,21577,21577,true,21577,21577,true,21577,,,,,,138,true,138,272,true,272,true
NPC/Class_A/210110/Default,1,3,3,1.0,10482,10482,true,10482,10482,true,10482,,,,,,137,true,137,272,true,272,true
NPC/Class_A/210110/Default,2,3,3,1.0,4624,4624,true,4624,4624,true,4624,,,,,,137,true,137,272,true,272,true
NPC/Class_A/210110/Default,3,3,3,1.0,1482,1482,true,1482,1482,true,1482,,,,,,137,true,137,272,true,272,true
NPC/Class_A/210110/Default,4,3,3,1.0,520,520,true,520,520,true,520,,,,,,92,true,92,272,true,272,true
NPC/Class_A/210111/Default,0,3,3,1.0,41753,41753,true,41753,41753,true,41753,,,,,,107,true,107,193,true,193,true
NPC/Class_A/210111/Default,1,3,3,1.0,18499,18499,true,18499,18499,true,18499,,,,,,107,true,107,193,true,193,true
NPC/Class_A/210111/Default,2,3,3,1.0,8447,8447,true,8447,8447,true,8447,,,,,,107,true,107,193,true,193,true
NPC/Class_A/210111/Default,3,3,3,1.0,2570,2570,true,2570,2570,true,2570,,,,,,105,true,105,193,true,193,true
NPC/Class_A/210111/Default,4,3,3,1.0,763,763,true,763,763,true,763,,,,,,101,true,101,193,true,193,true
NPC/Class_A/210112/Default,0,3,3,1.0,23858,23858,true,23858,23858,true,23858,,,,,,107,true,107,189,true,189,true
NPC/Class_A/210112/Default,1,3,3,1.0,11498,11498,true,11498,11498,true,11498,,,,,,107,true,107,189,true,189,true
NPC/Class_A/210112/Default,2,3,3,1.0,5059,5059,true,5059,5059,true,5059,,,,,,107,true,107,189,true,189,true
NPC/Class_A/210112/Default,3,3,3,1.0,1593,1593,true,1593,1593,true,1593,,,,,,107,true,107,189,true,189,true
NPC/Class_A/210112/Default,4,3,3,1.0,615,615,true,615,615,true,615,,,,,,72,true,72,189,true,189,true
NPC/Class_A/210113/Default,0,4,4,1.0,24899,24899,true,24899,24899,true,24899,,,,,,145,true,145,301,true,301,true
NPC/Class_A/210113/Default,1,4,4,1.0,11853,11853,true,11853,11853,true,11853,,,,,,145,true,145,301,true,301,true
NPC/Class_A/210113/Default,2,4,4,1.0,5178,5178,true,5178,5178,true,5178,,,,,,145,true,145,301,true,301,true
NPC/Class_A/210113/Default,3,4,4,1.0,1578,1578,true,1578,1578,true,1578,,,,,,133,true,133,301,true,301,true
NPC/Class_A/210113/Default,4,4,4,1.0,511,511,true,511,511,true,511,,,,,,101,true,101,301,true,301,true
NPC/Class_A/210114/Default,0,4,4,1.0,33654,33654,true,33654,33654,true,33654,,,,,,151,true,151,272,true,272,true
NPC/Class_A/210114/Default,1,4,4,1.0,15398,15398,true,15398,15398,true,15398,,,,,,151,true,151,272,true,272,true
NPC/Class_A/210114/Default,2,4,4,1.0,7024,7024,true,7024,7024,true,7024,,,,,,151,true,151,272,true,272,true
NPC/Class_A/210114/Default,3,4,4,1.0,2202,2202,true,2202,2202,true,2202,,,,,,141,true,141,272,true,272,true
NPC/Class_A/210114/Default,4,4,4,1.0,790,790,true,790,790,true,790,,,,,,93,true,93,272,true,272,true
NPC/Class_A/210116/Default,0,4,4,1.0,28073,28073,true,28073,28073,true,28073,,,,,,114,true,114,217,true,225,true
NPC/Class_A/210116/Default,1,4,4,1.0,13184,13184,true,13184,13184,true,13184,,,,,,114,true,114,217,true,225,true
NPC/Class_A/210116/Default,2,4,4,1.0,5900,5900,true,5900,5900,true,5900,,,,,,114,true,114,217,true,225,true
NPC/Class_A/210116/Default,3,4,4,1.0,1843,1843,true,1843,1843,true,1843,,,,,,112,true,112,217,true,225,true
NPC/Class_A/210116/Default,4,4,4,1.0,688,688,true,688,688,true,688,,,,,,79,true,79,217,true,225,true
NPC/Class_A/210117/Default,0,4,4,1.0,26906,26906,true,26906,26906,true,26906,,,,,,140,true,140,281,true,281,true
NPC/Class_A/210117/Default,1,4,4,1.0,12677,12677,true,12677,12677,true,12677,,,,,,140,true,140,281,true,281,true
NPC/Class_A/210117/Default,2,4,4,1.0,5670,5670,true,5670,5670,true,5670,,,,,,140,true,140,281,true,281,true
NPC/Class_A/210117/Default,3,4,4,1.0,1794,1794,true,1794,1794,true,1794,,,,,,136,true,136,281,true,281,true
NPC/Class_A/210117/Default,4,4,4,1.0,667,667,true,667,667,true,667,,,,,,115,true,115,281,true,281,true
NPC/Class_A/210118/Default,0,3,3,1.0,24938,24938,true,24938,24938,true,24938,,,,,,118,true,118,302,true,302,true
NPC/Class_A/210118/Default,1,3,3,1.0,11854,11854,true,11854,11854,true,11854,,,,,,118,true,118,302,true,302,true
NPC/Class_A/210118/Default,2,3,3,1.0,5299,5299,true,5299,5299,true,5299,,,,,,118,true,118,302,true,302,true
NPC/Class_A/210118/Default,3,3,3,1.0,1683,1683,true,1683,1683,true,1683,,,,,,104,true,104,302,true,302,true
NPC/Class_A/210118/Default,4,3,3,1.0,634,634,true,634,634,true,634,,,,,,81,true,81,302,true,302,true
NPC/Class_A/210119/Default,0,4,4,1.0,28324,28324,true,28324,28324,true,28324,,,,,,188,true,188,343,true,343,true
NPC/Class_A/210119/Default,1,4,4,1.0,13246,13246,true,13246,13246,true,13246,,,,,,188,true,188,343,true,343,true
NPC/Class_A/210119/Default,2,4,4,1.0,5956,5956,true,5956,5956,true,5956,,,,,,188,true,188,343,true,343,true
NPC/Class_A/210119/Default,3,4,4,1.0,1881,1881,true,1881,1881,true,1881,,,,,,177,true,177,343,true,343,true
NPC/Class_A/210119/Default,4,4,4,1.0,689,689,true,689,689,true,689,,,,,,130,true,130,343,true,343,true
NPC/Class_A/210120/Default,0,4,4,1.0,28567,28567,true,28567,28567,true,28567,,,,,,190,true,190,337,true,337,true
NPC/Class_A/210120/Default,1,4,4,1.0,13296,13296,true,13296,13296,true,13296,,,,,,190,true,190,337,true,337,true
NPC/Class_A/210120/Default,2,4,4,1.0,5986,5986,true,5986,5986,true,5986,,,,,,190,true,190,337,true,337,true
NPC/Class_A/210120/Default,3,4,4,1.0,1890,1890,true,1890,1890,true,1890,,,,,,179,true,179,337,true,337,true
NPC/Class_A/210120/Default,4,4,4,1.0,690,690,true,690,690,true,690,,,,,,127,true,127,337,true,337,true
NPC/Class_A/210121/Default,0,3,3,1.0,22097,22097,true,22097,22097,true,22097,,,,,,142,true,142,246,true,246,true
NPC/Class_A/210121/Default,1,3,3,1.0,10631,10631,true,10631,10631,true,10631,,,,,,142,true,142,246,true,246,true
NPC/Class_A/210121/Default,2,3,3,1.0,6808,6808,true,6808,6808,true,6808,,,,,,142,true,142,246,true,246,true
NPC/Class_A/210121/Default,3,3,3,1.0,1542,1542,true,1542,1542,true,1542,,,,,,141,true,141,246,true,246,true
NPC/Class_A/210121/Default,4,3,3,1.0,545,545,true,545,545,true,545,,,,,,120,true,120,246,true,246,true
NPC/Class_A/210122/Default,0,3,3,1.0,23749,23749,true,23749,23749,true,23749,,,,,,104,true,104,205,true,205,true
NPC/Class_A/210122/Default,1,3,3,1.0,11364,11364,true,11364,11364,true,11364,,,,,,104,true,104,205,true,205,true
NPC/Class_A/210122/Default,2,3,3,1.0,5046,5046,true,5046,5046,true,5046,,,,,,104,true,104,205,true,205,true
NPC/Class_A/210122/Default,3,3,3,1.0,1614,1614,true,1614,1614,true,1614,,,,,,100,true,100,205,true,205,true
NPC/Class_A/210122/Default,4,3,3,1.0,553,553,true,553,553,true,553,,,,,,82,true,82,205,true,205,true
NPC/Class_A/210123/Default,0,3,3,1.0,23916,23916,true,23916,23916,true,23916,,,,,,103,true,103,182,true,182,true
NPC/Class_A/210123/Default,1,3,3,1.0,11478,11478,true,11478,11478,true,11478,,,,,,103,true,103,182,true,182,true
NPC/Class_A/210123/Default,2,3,3,1.0,5086,5086,true,5086,5086,true,5086,,,,,,103,true,103,182,true,182,true
NPC/Class_A/210123/Default,3,3,3,1.0,1619,1619,true,1619,1619,true,1619,,,,,,100,true,100,182,true,182,true
NPC/Class_A/210123/Default,4,3,3,1.0,564,564,true,564,564,true,564,,,,,,84,true,84,182,true,182,true
NPC/Class_A/210124/Default,0,3,3,1.0,21575,21575,true,21575,21575,true,21575,,,,,,109,true,109,183,true,183,true
NPC/Class_A/210124/Default,1,3,3,1.0,10788,10788,true,10788,10788,true,10788,,,,,,109,true,109,183,true,183,true
NPC/Class_A/210124/Default,2,3,3,1.0,7190,7190,true,7190,7190,true,7190,,,,,,109,true,109,183,true,183,true
NPC/Class_A/210124/Default,3,3,3,1.0,1424,1424,true,1424,1424,true,1424,,,,,,105,true,105,183,true,183,true
NPC/Class_A/210124/Default,4,3,3,1.0,433,433,true,433,433,true,433,,,,,,74,true,74,183,true,183,true
NPC/Class_A/210125/Default,0,4,4,1.0,27005,27005,true,27005,27005,true,27005,,,,,,130,true,130,251,true,251,true
NPC/Class_A/210125/Default,1,4,4,1.0,12669,12669,true,12669,12669,true,12669,,,,,,130,true,130,251,true,251,true
NPC/Class_A/210125/Default,2,4,4,1.0,5673,5673,true,5673,5673,true,5673,,,,,,130,true,130,251,true,251,true
NPC/Class_A/210125/Default,3,4,4,1.0,1797,1797,true,1797,1797,true,1797,,,,,,128,true,128,251,true,251,true
NPC/Class_A/210125/Default,4,4,4,1.0,662,662,true,662,662,true,662,,,,,,94,true,94,251,true,251,true
NPC/Class_A/210126/Default,0,4,4,1.0,41100,41100,true,41100,41100,true,41100,,,,,,114,true,114,200,true,200,true
NPC/Class_A/210126/Default,1,4,4,1.0,18394,18394,true,18394,18394,true,18394,,,,,,114,true,114,200,true,200,true
NPC/Class_A/210126/Default,2,4,4,1.0,8507,8507,true,8507,8507,true,8507,,,,,,114,true,114,200,true,200,true
NPC/Class_A/210126/Default,3,4,4,1.0,2628,2628,true,2628,2628,true,2628,,,,,,113,true,113,200,true,200,true
NPC/Class_A/210126/Default,4,4,4,1.0,924,924,true,924,924,true,924,,,,,,97,true,97,200,true,200,true
NPC/Class_A/210127/Default,0,4,4,1.0,41552,41552,true,41552,41552,true,41552,,,,,,114,true,114,217,true,219,true
NPC/Class_A/210127/Default,1,4,4,1.0,18550,18550,true,18550,18550,true,18550,,,,,,114,true,114,217,true,219,true
NPC/Class_A/210127/Default,2,4,4,1.0,8613,8613,true,8613,8613,true,8613,,,,,,114,true,114,217,true,219,true
NPC/Class_A/210127/Default,3,4,4,1.0,2677,2677,true,2677,2677,true,2677,,,,,,113,true,113,217,true,219,true
NPC/Class_A/210127/Default,4,4,4,1.0,920,920,true,920,920,true,920,,,,,,97,true,97,217,true,219,true
NPC/Class_A/210128/Default,0,3,3,1.0,25166,25166,true,25166,25166,true,25166,,,,,,132,true,132,241,true,253,true
NPC/Class_A/210128/Default,1,3,3,1.0,11986,11986,true,11986,11986,true,11986,,,,,,132,true,132,241,true,253,true
NPC/Class_A/210128/Default,2,3,3,1.0,5323,5323,true,5323,5323,true,5323,,,,,,131,true,131,241,true,253,true
NPC/Class_A/210128/Default,3,3,3,1.0,1696,1696,true,1696,1696,true,1696,,,,,,130,true,130,241,true,253,true
NPC/Class_A/210128/Default,4,3,3,1.0,636,636,true,636,636,true,636,,,,,,115,true,115,241,true,253,true
NPC/Class_A/210129/Default,0,3,3,1.0,23209,23209,true,23209,23209,true,23209,,,,,,114,true,114,242,true,242,true
NPC/Class_A/210129/Default,1,3,3,1.0,11134,11134,true,11134,11134,true,11134,,,,,,114,true,114,242,true,242,true
NPC/Class_A/210129/Default,2,3,3,1.0,4950,4950,true,4950,4950,true,4950,,,,,,114,true,114,242,true,242,true
NPC/Class_A/210129/Default,3,3,3,1.0,1580,1580,true,1580,1580,true,1580,,,,,,112,true,112,242,true,242,true
NPC/Class_A/210129/Default,4,3,3,1.0,550,550,true,550,550,true,550,,,,,,76,true,76,242,true,242,true
NPC/Class_A/210130/Default,0,3,3,1.0,27024,27024,true,27024,27024,true,27024,,,,,,151,true,151,288,true,288,true
NPC/Class_A/210130/Default,1,3,3,1.0,12659,12659,true,12659,12659,true,12659,,,,,,151,true,151,288,true,288,true
NPC/Class_A/210130/Default,2,3,3,1.0,5713,5713,true,5713,5713,true,5713,,,,,,151,true,151,288,true,288,true
NPC/Class_A/210130/Default,3,3,3,1.0,1809,1809,true,1809,1809,true,1809,,,,,,150,true,150,288,true,288,true
NPC/Class_A/210130/Default,4,3,3,1.0,618,618,true,618,618,true,618,,,,,,99,true,99,288,true,288,true
NPC/Class_A/210131/Default,0,4,4,1.0,21214,21214,true,21214,21214,true,21214,,,,,,120,true,120,228,true,228,true
NPC/Class_A/210131/Default,1,4,4,1.0,10336,10336,true,10336,10336,true,10336,,,,,,120,true,120,228,true,228,true
NPC/Class_A/210131/Default,2,4,4,1.0,4548,4548,true,4548,4548,true,4548,,,,,,120,true,120,228,true,228,true
NPC/Class_A/210131/Default,3,4,4,1.0,1458,1458,true,1458,1458,true,1458,,,,,,118,true,118,228,true,228,true
NPC/Class_A/210131/Default,4,4,4,1.0,510,510,true,510,510,true,510,,,,,,78,true,78,228,true,228,true
NPC/Class_A/210132/Default,0,4,4,1.0,40358,40358,true,40358,40358,true,40358,,,,,,114,true,114,210,true,210,true
NPC/Class_A/210132/Default,1,4,4,1.0,18074,18074,true,18074,18074,true,18074,,,,,,114,true,114,210,true,210,true
NPC/Class_A/210132/Default,2,4,4,1.0,8375,8375,true,8375,8375,true,8375,,,,,,114,true,114,210,true,210,true
NPC/Class_A/210132/Default,3,4,4,1.0,2605,2605,true,2605,2605,true,2605,,,,,,113,true,113,210,true,210,true
NPC/Class_A/210132/Default,4,4,4,1.0,899,899,true,899,899,true,899,,,,,,97,true,97,210,true,210,true
NPC/Class_A/210133/Default,0,3,3,1.0,29021,29021,true,29021,29021,true,29021,,,,,,106,true,106,195,true,197,true
NPC/Class_A/210133/Default,1,3,3,1.0,12286,12286,true,12286,12286,true,12286,,,,,,106,true,106,195,true,197,true
NPC/Class_A/210133/Default,2,3,3,1.0,5638,5638,true,5638,5638,true,5638,,,,,,106,true,106,195,true,197,true
NPC/Class_A/210133/Default,3,3,3,1.0,1791,1791,true,1791,1791,true,1791,,,,,,104,true,104,195,true,197,true
NPC/Class_A/210133/Default,4,3,3,1.0,666,666,true,666,666,true,666,,,,,,92,true,92,195,true,197,true
NPC/Class_A/210134/Default,0,2,2,1.0,48056,48056,true,48056,48056,true,48056,,,,,,133,true,133,225,true,225,true
NPC/Class_A/210134/Default,1,2,2,1.0,21020,21020,true,21020,21020,true,21020,,,,,,133,true,133,225,true,225,true
NPC/Class_A/210134/Default,2,2,2,1.0,10007,10007,true,10007,10007,true,10007,,,,,,133,true,133,225,true,225,true
NPC/Class_A/210134/Default,3,2,2,1.0,3097,3097,true,3097,3097,true,3097,,,,,,131,true,131,225,true,225,true
NPC/Class_A/210134/Default,4,2,2,1.0,1057,1057,true,1057,1057,true,1057,,,,,,124,true,124,225,true,225,true
NPC/Class_A/210135/Default,0,1,1,1.0,34947,34947,true,34947,34947,true,34947,,,,,,83,true,83,130,true,130,true
NPC/Class_A/210135/Default,1,1,1,1.0,13978,13978,true,13978,13978,true,13978,,,,,,83,true,83,130,true,130,true
NPC/Class_A/210135/Default,2,1,1,1.0,6988,6988,true,6988,6988,true,6988,,,,,,83,true,83,130,true,130,true
NPC/Class_A/210135/Default,3,1,1,1.0,2095,2095,true,2095,2095,true,2095,,,,,,82,true,82,130,true,130,true
NPC/Class_A/210135/Default,4,1,1,1.0,628,628,true,628,628,true,628,,,,,,78,true,78,130,true,130,true
NPC/Class_A/210136/Default,0,2,2,1.0,55732,55732,true,55732,55732,true,55732,,,,,,72,true,72,185,true,185,true
NPC/Class_A/210136/Default,1,2,2,1.0,22291,22291,true,22291,22291,true,22291,,,,,,72,true,72,185,true,185,true
NPC/Class_A/210136/Default,2,2,2,1.0,11143,11143,true,11143,11143,true,11143,,,,,,72,true,72,185,true,185,true
NPC/Class_A/210136/Default,3,2,2,1.0,3340,3340,true,3340,3340,true,3340,,,,,,70,true,70,185,true,185,true
NPC/Class_A/210136/Default,4,2,2,1.0,1001,1001,true,1001,1001,true,1001,,,,,,67,true,67,185,true,185,true
NPC/Class_A/210137/Default,0,4,4,1.0,26398,26398,true,26398,26398,true,26398,,,,,,132,true,132,233,true,233,true
NPC/Class_A/210137/Default,1,4,4,1.0,12477,12477,true,12477,12477,true,12477,,,,,,132,true,132,233,true,233,true
NPC/Class_A/210137/Default,2,4,4,1.0,5570,5570,true,5570,5570,true,5570,,,,,,131,true,131,233,true,233,true
NPC/Class_A/210137/Default,3,4,4,1.0,1770,1770,true,1770,1770,true,1770,,,,,,130,true,130,233,true,233,true
NPC/Class_A/210137/Default,4,4,4,1.0,657,657,true,657,657,true,657,,,,,,118,true,118,233,true,233,true
NPC/Class_A/210140/Default,0,3,3,1.0,27023,27023,true,27023,27023,true,27023,,,,,,123,true,123,230,true,230,true
NPC/Class_A/210140/Default,1,3,3,1.0,12749,12749,true,12749,12749,true,12749,,,,,,123,true,123,230,true,230,true
NPC/Class_A/210140/Default,2,3,3,1.0,5702,5702,true,5702,5702,true,5702,,,,,,123,true,123,230,true,230,true
NPC/Class_A/210140/Default,3,3,3,1.0,1808,1808,true,1808,1808,true,1808,,,,,,121,true,121,230,true,230,true
NPC/Class_A/210140/Default,4,3,3,1.0,670,670,true,670,670,true,670,,,,,,93,true,93,230,true,230,true
NPC/Class_A/210141/Default,0,3,3,1.0,24266,24266,true,24266,24266,true,24266,,,,,,103,true,103,191,true,191,true
NPC/Class_A/210141/Default,1,3,3,1.0,11618,11618,true,11618,11618,true,11618,,,,,,103,true,103,191,true,191,true
NPC/Class_A/210141/Default,2,3,3,1.0,5157,5157,true,5157,5157,true,5157,,,,,,103,true,103,191,true,191,true
NPC/Class_A/210141/Default,3,3,3,1.0,1642,1642,true,1642,1642,true,1642,,,,,,99,true,99,191,true,191,true
NPC/Class_A/210141/Default,4,3,3,1.0,571,571,true,571,571,true,571,,,,,,81,true,81,191,true,191,true
NPC/Class_A/210142/Default,0,3,3,1.0,41753,41753,true,41753,41753,true,41753,,,,,,109,true,109,194,true,196,true
NPC/Class_A/210142/Default,1,3,3,1.0,18499,18499,true,18499,18499,true,18499,,,,,,109,true,109,194,true,196,true
NPC/Class_A/210142/Default,2,3,3,1.0,8446,8446,true,8446,8446,true,8446,,,,,,109,true,109,194,true,196,true
NPC/Class_A/210142/Default,3,3,3,1.0,2570,2570,true,2570,2570,true,2570,,,,,,107,true,107,194,true,196,true
NPC/Class_A/210142/Default,4,3,3,1.0,763,763,true,763,763,true,763,,,,,,103,true,103,194,true,196,true
NPC/Class_A/210144/Default,0,3,3,1.0,31770,31770,true,31770,31770,true,31770,,,,,,152,true,152,265,true,303,true
NPC/Class_A/210144/Default,1,3,3,1.0,14628,14628,true,14628,14628,true,14628,,,,,,152,true,152,265,true,303,true
NPC/Class_A/210144/Default,2,3,3,1.0,6646,6646,true,6646,6646,true,6646,,,,,,152,true,152,265,true,303,true
NPC/Class_A/210144/Default,3,3,3,1.0,2095,2095,true,2095,2095,true,2095,,,,,,150,true,150,265,true,303,true
NPC/Class_A/210144/Default,4,3,3,1.0,756,756,true,756,756,true,756,,,,,,131,true,131,265,true,303,true
NPC/Class_A/210145/Default,0,4,4,1.0,29096,29096,true,29096,29096,true,29096,,,,,,179,true,179,318,true,347,true
NPC/Class_A/210145/Default,1,4,4,1.0,13530,13530,true,13530,13530,true,13530,,,,,,179,true,179,318,true,347,true
NPC/Class_A/210145/Default,2,4,4,1.0,6016,6016,true,6016,6016,true,6016,,,,,,177,true,177,318,true,347,true
NPC/Class_A/210145/Default,3,4,4,1.0,1830,1830,true,1830,1830,true,1830,,,,,,160,true,160,318,true,347,true
NPC/Class_A/210145/Default,4,4,4,1.0,588,588,true,588,588,true,588,,,,,,121,true,121,318,true,347,true
NPC/Class_A/210146/Default,0,3,3,1.0,27838,27838,true,27838,27838,true,27838,,,,,,122,true,122,251,true,251,true
NPC/Class_A/210146/Default,1,3,3,1.0,13053,13053,true,13053,13053,true,13053,,,,,,122,true,122,251,true,251,true
NPC/Class_A/210146/Default,2,3,3,1.0,5858,5858,true,5858,5858,true,5858,,,,,,121,true,121,251,true,251,true
NPC/Class_A/210146/Default,3,3,3,1.0,1857,1857,true,1857,1857,true,1857,,,,,,120,true,120,251,true,251,true
NPC/Class_A/210146/Default,4,3,3,1.0,685,685,true,685,685,true,685,,,,,,106,true,106,251,true,251,true
NPC/Class_A/210147/Default,0,4,4,1.0,26087,26087,true,26087,26087,true,26087,,,,,,150,true,150,280,true,280,true
NPC/Class_A/210147/Default,1,4,4,1.0,12327,12327,true,12327,12327,true,12327,,,,,,150,true,150,280,true,280,true
NPC/Class_A/210147/Default,2,4,4,1.0,5414,5414,true,5414,5414,true,5414,,,,,,149,true,149,280,true,280,true
NPC/Class_A/210147/Default,3,4,4,1.0,1650,1650,true,1650,1650,true,1650,,,,,,147,true,147,280,true,280,true
NPC/Class_A/210147/Default,4,4,4,1.0,532,532,true,532,532,true,532,,,,,,113,true,113,280,true,280,true
NPC/Class_A/210148/Default,0,4,4,1.0,25495,25495,true,25495,25495,true,25495,,,,,,132,true,132,222,true,260,true
NPC/Class_A/210148/Default,1,4,4,1.0,12116,12116,true,12116,12116,true,12116,,,,,,132,true,132,222,true,260,true
NPC/Class_A/210148/Default,2,4,4,1.0,5387,5387,true,5387,5387,true,5387,,,,,,131,true,131,222,true,260,true
NPC/Class_A/210148/Default,3,4,4,1.0,1715,1715,true,1715,1715,true,1715,,,,,,130,true,130,222,true,260,true
NPC/Class_A/210148/Default,4,4,4,1.0,641,641,true,641,641,true,641,,,,,,116,true,116,222,true,260,true
NPC/Class_A/210149/Default,0,4,4,1.0,26035,26035,true,26035,26035,true,26035,,,,,,139,true,139,236,true,288,true
NPC/Class_A/210149/Default,1,4,4,1.0,12306,12306,true,12306,12306,true,12306,,,,,,139,true,139,236,true,288,true
NPC/Class_A/210149/Default,2,4,4,1.0,5402,5402,true,5402,5402,true,5402,,,,,,138,true,138,236,true,288,true
NPC/Class_A/210149/Default,3,4,4,1.0,1645,1645,true,1645,1645,true,1645,,,,,,136,true,136,236,true,288,true
NPC/Class_A/210149/Default,4,4,4,1.0,531,531,true,531,531,true,531,,,,,,100,true,100,236,true,288,true
NPC/Class_A/210150/Default,0,4,4,1.0,27679,27679,true,27679,27679,true,27679,,,,,,122,true,122,241,true,241,true
NPC/Class_A/210150/Default,1,4,4,1.0,12980,12980,true,12980,12980,true,12980,,,,,,122,true,122,241,true,241,true
NPC/Class_A/210150/Default,2,4,4,1.0,5803,5803,true,5803,5803,true,5803,,,,,,122,true,122,241,true,241,true
NPC/Class_A/210150/Default,3,4,4,1.0,1835,1835,true,1835,1835,true,1835,,,,,,120,true,120,241,true,241,true
NPC/Class_A/210150/Default,4,4,4,1.0,678,678,true,678,678,true,678,,,,,,99,true,99,241,true,241,true
NPC/Class_A/210151/Default,0,3,3,1.0,44160,44160,true,44160,44160,true,44160,,,,,,125,true,125,254,true,254,true
NPC/Class_A/210151/Default,1,3,3,1.0,19594,19594,true,19594,19594,true,19594,,,,,,125,true,125,254,true,254,true
NPC/Class_A/210151/Default,2,3,3,1.0,9135,9135,true,9135,9135,true,9135,,,,,,125,true,125,254,true,254,true
NPC/Class_A/210151/Default,3,3,3,1.0,2833,2833,true,2833,2833,true,2833,,,,,,123,true,123,254,true,254,true
NPC/Class_A/210151/Default,4,3,3,1.0,969,969,true,969,969,true,969,,,,,,116,true,116,254,true,254,true
NPC/Class_A/210152/Default,0,3,3,1.0,54869,54869,true,54869,54869,true,54869,,,,,,122,true,122,212,true,212,true
NPC/Class_A/210152/Default,1,3,3,1.0,23841,23841,true,23841,23841,true,23841,,,,,,122,true,122,212,true,212,true
NPC/Class_A/210152/Default,2,3,3,1.0,11171,11171,true,11171,11171,true,11171,,,,,,122,true,122,212,true,212,true
NPC/Class_A/210152/Default,3,3,3,1.0,3378,3378,true,3378,3378,true,3378,,,,,,122,true,122,212,true,212,true
NPC/Class_A/210152/Default,4,3,3,1.0,1052,1052,true,1052,1052,true,1052,,,,,,112,true,112,212,true,212,true
NPC/Class_A/210153/Default,0,3,3,1.0,69495,69495,true,69495,69495,true,69495,,,,,,193,true,193,342,true,342,true
NPC/Class_A/210153/Default,1,3,3,1.0,29667,29667,true,29667,29667,true,29667,,,,,,193,true,193,342,true,342,true
NPC/Class_A/210153/Default,2,3,3,1.0,14175,14175,true,14175,14175,true,14175,,,,,,193,true,193,342,true,342,true
NPC/Class_A/210153/Default,3,3,3,1.0,4351,4351,true,4351,4351,true,4351,,,,,,193,true,193,342,true,342,true
NPC/Class_A/210153/Default,4,3,3,1.0,1431,1431,true,1431,1431,true,1431,,,,,,184,true,184,342,true,342,true
NPC/Class_A/210154/Default,0,4,4,1.0,33020,33020,true,33020,33020,true,33020,,,,,,141,true,141,276,true,276,true
NPC/Class_A/210154/Default,1,4,4,1.0,17060,17060,true,17060,17060,true,17060,,,,,,141,true,141,276,true,276,true
NPC/Class_A/210154/Default,2,4,4,1.0,7830,7830,true,7830,7830,true,7830,,,,,,141,true,141,276,true,276,true
NPC/Class_A/210154/Default,3,4,4,1.0,2268,2268,true,2268,2268,true,2268,,,,,,136,true,136,276,true,276,true
NPC/Class_A/210154/Default,4,4,4,1.0,854,854,true,854,854,true,854,,,,,,129,true,129,276,true,276,true
NPC/Class_A/210155/Default,0,4,4,1.0,30430,30430,true,30430,30430,true,30430,,,,,,194,true,194,350,true,350,true
NPC/Class_A/210155/Default,1,4,4,1.0,14064,14064,true,14064,14064,true,14064,,,,,,194,true,194,350,true,350,true
NPC/Class_A/210155/Default,2,4,4,1.0,6280,6280,true,6280,6280,true,6280,,,,,,191,true,191,350,true,350,true
NPC/Class_A/210155/Default,3,4,4,1.0,1910,1910,true,1910,1910,true,1910,,,,,,175,true,175,350,true,350,true
NPC/Class_A/210155/Default,4,4,4,1.0,610,610,true,610,610,true,610,,,,,,129,true,129,350,true,350,true
NPC/Class_A/210156/Default,0,3,3,1.0,24396,24396,true,24396,24396,true,24396,,,,,,112,true,112,216,true,216,true
NPC/Class_A/210156/Default,1,3,3,1.0,11624,11624,true,11624,11624,true,11624,,,,,,112,true,112,216,true,216,true
NPC/Class_A/210156/Default,2,3,3,1.0,5176,5176,true,5176,5176,true,5176,,,,,,110,true,110,216,true,216,true
NPC/Class_A/210156/Default,3,3,3,1.0,1652,1652,true,1652,1652,true,1652,,,,,,104,true,104,216,true,216,true
NPC/Class_A/210156/Default,4,3,3,1.0,565,565,true,565,565,true,565,,,,,,80,true,80,216,true,216,true
NPC/Class_A/210157/Default,0,3,3,1.0,23514,23514,true,23514,23514,true,23514,,,,,,101,true,101,207,true,207,true
NPC/Class_A/210157/Default,1,3,3,1.0,11276,11276,true,11276,11276,true,11276,,,,,,101,true,101,207,true,207,true
NPC/Class_A/210157/Default,2,3,3,1.0,4980,4980,true,4980,4980,true,4980,,,,,,101,true,101,207,true,207,true
NPC/Class_A/210157/Default,3,3,3,1.0,1591,1591,true,1591,1591,true,1591,,,,,,95,true,95,207,true,207,true
NPC/Class_A/210157/Default,4,3,3,1.0,603,603,true,603,603,true,603,,,,,,72,true,72,207,true,207,true
NPC/Class_A/210158/Default,0,3,3,1.0,69677,69677,true,69677,69677,true,69677,,,,,,193,true,193,370,true,378,true
NPC/Class_A/210158/Default,1,3,3,1.0,29740,29740,true,29740,29740,true,29740,,,,,,193,true,193,370,true,378,true
NPC/Class_A/210158/Default,2,3,3,1.0,14211,14211,true,14211,14211,true,14211,,,,,,193,true,193,370,true,378,true
NPC/Class_A/210158/Default,3,3,3,1.0,4361,4361,true,4361,4361,true,4361,,,,,,193,true,193,370,true,378,true
NPC/Class_A/210158/Default,4,3,3,1.0,1432,1432,true,1432,1432,true,1432,,,,,,184,true,184,370,true,378,true
NPC/Class_A/210159/Default,0,3,3,1.0,76463,76463,true,76463,76463,true,76463,,,,,,198,true,198,365,true,365,true
NPC/Class_A/210159/Default,1,3,3,1.0,32503,32503,true,32503,32503,true,32503,,,,,,198,true,198,365,true,365,true
NPC/Class_A/210159/Default,2,3,3,1.0,15585,15585,true,15585,15585,true,15585,,,,,,198,true,198,365,true,365,true
NPC/Class_A/210159/Default,3,3,3,1.0,4772,4772,true,4772,4772,true,4772,,,,,,198,true,198,365,true,365,true
NPC/Class_A/210159/Default,4,3,3,1.0,1558,1558,true,1558,1558,true,1558,,,,,,187,true,187,365,true,365,true
NPC/Class_A/210161/Default,0,3,3,1.0,75878,75878,true,75878,75878,true,75878,,,,,,247,true,247,412,true,617,true
NPC/Class_A/210161/Default,1,3,3,1.0,32267,32267,true,32267,32267,true,32267,,,,,,247,true,247,412,true,617,true
NPC/Class_A/210161/Default,2,3,3,1.0,15465,15465,true,15465,15465,true,15465,,,,,,247,true,247,412,true,617,true
NPC/Class_A/210161/Default,3,3,3,1.0,4734,4734,true,4734,4734,true,4734,,,,,,243,true,243,412,true,617,true
NPC/Class_A/210161/Default,4,3,3,1.0,1548,1548,true,1548,1548,true,1548,,,,,,210,true,210,412,true,617,true
NPC/Class_A/210162/Default,0,3,3,1.0,76911,76911,true,76911,76911,true,76911,,,,,,246,true,246,412,true,412,true
NPC/Class_A/210162/Default,1,3,3,1.0,32635,32635,true,32635,32635,true,32635,,,,,,246,true,246,412,true,412,true
NPC/Class_A/210162/Default,2,3,3,1.0,15658,15658,true,15658,15658,true,15658,,,,,,246,true,246,412,true,412,true
NPC/Class_A/210162/Default,3,3,3,1.0,4795,4795,true,4795,4795,true,4795,,,,,,242,true,242,412,true,412,true
NPC/Class_A/210162/Default,4,3,3,1.0,1564,1564,true,1564,1564,true,1564,,,,,,209,true,209,412,true,412,true
NPC/Class_A/210163/Default,0,3,3,1.0,29777,29777,true,29777,29777,true,29777,,,,,,154,true,154,276,true,276,true
NPC/Class_A/210163/Default,1,3,3,1.0,13747,13747,true,13747,13747,true,13747,,,,,,154,true,154,276,true,276,true
NPC/Class_A/210163/Default,2,3,3,1.0,6249,6249,true,6249,6249,true,6249,,,,,,154,true,154,276,true,276,true
NPC/Class_A/210163/Default,3,3,3,1.0,1972,1972,true,1972,1972,true,1972,,,,,,153,true,153,276,true,276,true
NPC/Class_A/210163/Default,4,3,3,1.0,670,670,true,670,670,true,670,,,,,,134,true,134,276,true,276,true
NPC/Class_A/210164/Default,0,3,3,1.0,28672,28672,true,28672,28672,true,28672,,,,,,140,true,140,239,true,277,true
NPC/Class_A/210164/Default,1,3,3,1.0,15322,15322,true,15322,15322,true,15322,,,,,,140,true,140,239,true,277,true
NPC/Class_A/210164/Default,2,3,3,1.0,6962,6962,true,6962,6962,true,6962,,,,,,140,true,140,239,true,277,true
NPC/Class_A/210164/Default,3,3,3,1.0,2009,2009,true,2009,2009,true,2009,,,,,,135,true,135,239,true,277,true
NPC/Class_A/210164/Default,4,3,3,1.0,778,778,true,778,778,true,778,,,,,,128,true,128,239,true,277,true
NPC/Class_A/210165/Default,0,3,3,1.0,24540,24540,true,24540,24540,true,24540,,,,,,120,true,120,236,true,238,true
NPC/Class_A/210165/Default,1,3,3,1.0,11734,11734,true,11734,11734,true,11734,,,,,,120,true,120,236,true,238,true
NPC/Class_A/210165/Default,2,3,3,1.0,5199,5199,true,5199,5199,true,5199,,,,,,120,true,120,236,true,238,true
NPC/Class_A/210165/Default,3,3,3,1.0,1660,1660,true,1660,1660,true,1660,,,,,,118,true,118,236,true,238,true
NPC/Class_A/210165/Default,4,3,3,1.0,627,627,true,627,627,true,627,,,,,,95,true,95,236,true,238,true
NPC/Class_A/210166/Default,0,3,3,1.0,30113,30113,true,30113,30113,true,30113,,,,,,121,true,121,217,true,217,true
NPC/Class_A/210166/Default,1,3,3,1.0,13962,13962,true,13962,13962,true,13962,,,,,,121,true,121,217,true,217,true
NPC/Class_A/210166/Default,2,3,3,1.0,6314,6314,true,6314,6314,true,6314,,,,,,121,true,121,217,true,217,true
NPC/Class_A/210166/Default,3,3,3,1.0,1989,1989,true,1989,1989,true,1989,,,,,,119,true,119,217,true,217,true
NPC/Class_A/210166/Default,4,3,3,1.0,723,723,true,723,723,true,723,,,,,,92,true,92,217,true,217,true
NPC/Class_A/210167/Default,0,3,3,1.0,32569,32569,true,32569,32569,true,32569,,,,,,121,true,121,249,true,249,true
NPC/Class_A/210167/Default,1,3,3,1.0,14944,14944,true,14944,14944,true,14944,,,,,,121,true,121,249,true,249,true
NPC/Class_A/210167/Default,2,3,3,1.0,6806,6806,true,6806,6806,true,6806,,,,,,121,true,121,249,true,249,true
NPC/Class_A/210167/Default,3,3,3,1.0,2136,2136,true,2136,2136,true,2136,,,,,,119,true,119,249,true,249,true
NPC/Class_A/210167/Default,4,3,3,1.0,767,767,true,767,767,true,767,,,,,,92,true,92,249,true,249,true
NPC/Class_A/210168/Default,0,3,3,1.0,27823,27823,true,27823,27823,true,27823,,,,,,125,true,125,212,true,212,true
NPC/Class_A/210168/Default,1,3,3,1.0,13047,13047,true,13047,13047,true,13047,,,,,,125,true,125,212,true,212,true
NPC/Class_A/210168/Default,2,3,3,1.0,5856,5856,true,5856,5856,true,5856,,,,,,125,true,125,212,true,212,true
NPC/Class_A/210168/Default,3,3,3,1.0,1856,1856,true,1856,1856,true,1856,,,,,,123,true,123,212,true,212,true
NPC/Class_A/210168/Default,4,3,3,1.0,683,683,true,683,683,true,683,,,,,,100,true,100,212,true,212,true
NPC/Class_A/210169/Default,0,4,4,1.0,26775,26775,true,26775,26775,true,26775,,,,,,157,true,157,268,true,268,true
NPC/Class_A/210169/Default,1,4,4,1.0,12577,12577,true,12577,12577,true,12577,,,,,,157,true,157,268,true,268,true
NPC/Class_A/210169/Default,2,4,4,1.0,5630,5630,true,5630,5630,true,5630,,,,,,157,true,157,268,true,268,true
NPC/Class_A/210169/Default,3,4,4,1.0,1784,1784,true,1784,1784,true,1784,,,,,,155,true,155,268,true,268,true
NPC/Class_A/210169/Default,4,4,4,1.0,660,660,true,660,660,true,660,,,,,,121,true,121,268,true,268,true
NPC/Class_A/210170/Default,0,4,4,1.0,33670,33670,true,33670,33670,true,33670,,,,,,153,true,153,266,true,266,true
NPC/Class_A/210170/Default,1,4,4,1.0,15382,15382,true,15382,15382,true,15382,,,,,,153,true,153,266,true,266,true
NPC/Class_A/210170/Default,2,4,4,1.0,7023,7023,true,7023,7023,true,7023,,,,,,152,true,152,266,true,266,true
NPC/Class_A/210170/Default,3,4,4,1.0,2202,2202,true,2202,2202,true,2202,,,,,,151,true,151,266,true,266,true
NPC/Class_A/210170/Default,4,4,4,1.0,786,786,true,786,786,true,786,,,,,,117,true,117,266,true,266,true
NPC/Class_A/210171/Default,0,4,4,1.0,28399,28399,true,28399,28399,true,28399,,,,,,152,true,152,265,true,265,true
NPC/Class_A/210171/Default,1,4,4,1.0,13252,13252,true,13252,13252,true,13252,,,,,,152,true,152,265,true,265,true
NPC/Class_A/210171/Default,2,4,4,1.0,5877,5877,true,5877,5877,true,5877,,,,,,152,true,152,265,true,265,true
NPC/Class_A/210171/Default,3,4,4,1.0,1790,1790,true,1790,1790,true,1790,,,,,,151,true,151,265,true,265,true
NPC/Class_A/210171/Default,4,4,4,1.0,574,574,true,574,574,true,574,,,,,,119,true,119,265,true,265,true
NPC/Class_A/210172/Default,0,3,3,1.0,26448,26448,true,26448,26448,true,26448,,,,,,125,true,125,227,true,227,true
NPC/Class_A/210172/Default,1,3,3,1.0,12488,12488,true,12488,12488,true,12488,,,,,,125,true,125,227,true,227,true
NPC/Class_A/210172/Default,2,3,3,1.0,5556,5556,true,5556,5556,true,5556,,,,,,125,true,125,227,true,227,true
NPC/Class_A/210172/Default,3,3,3,1.0,1762,1762,true,1762,1762,true,1762,,,,,,123,true,123,227,true,227,true
NPC/Class_A/210172/Default,4,3,3,1.0,659,659,true,659,659,true,659,,,,,,111,true,111,227,true,227,true
NPC/Class_A/210173/Default,0,3,3,1.0,27706,27706,true,27706,27706,true,27706,,,,,,126,true,126,224,true,225,true
NPC/Class_A/210173/Default,1,3,3,1.0,12976,12976,true,12976,12976,true,12976,,,,,,126,true,126,224,true,225,true
NPC/Class_A/210173/Default,2,3,3,1.0,5738,5738,true,5738,5738,true,5738,,,,,,126,true,126,224,true,225,true
NPC/Class_A/210173/Default,3,3,3,1.0,1746,1746,true,1746,1746,true,1746,,,,,,120,true,120,224,true,225,true
NPC/Class_A/210173/Default,4,3,3,1.0,562,562,true,562,562,true,562,,,,,,100,true,100,224,true,225,true
NPC/Class_A/210174/Default,0,3,3,1.0,32815,32815,true,32815,32815,true,32815,,,,,,127,true,127,233,true,233,true
NPC/Class_A/210174/Default,1,3,3,1.0,15019,15019,true,15019,15019,true,15019,,,,,,127,true,127,233,true,233,true
NPC/Class_A/210174/Default,2,3,3,1.0,6761,6761,true,6761,6761,true,6761,,,,,,127,true,127,233,true,233,true
NPC/Class_A/210174/Default,3,3,3,1.0,2054,2054,true,2054,2054,true,2054,,,,,,125,true,125,233,true,233,true
NPC/Class_A/210174/Default,4,3,3,1.0,654,654,true,654,654,true,654,,,,,,103,true,103,233,true,233,true
NPC/Class_A/210175/Default,0,3,3,1.0,26592,26592,true,26592,26592,true,26592,,,,,,124,true,124,204,true,206,true
NPC/Class_A/210175/Default,1,3,3,1.0,12794,12794,true,12794,12794,true,12794,,,,,,124,true,124,204,true,206,true
NPC/Class_A/210175/Default,2,3,3,1.0,8194,8194,true,8194,8194,true,8194,,,,,,124,true,124,204,true,206,true
NPC/Class_A/210175/Default,3,3,3,1.0,1771,1771,true,1771,1771,true,1771,,,,,,118,true,118,204,true,206,true
NPC/Class_A/210175/Default,4,3,3,1.0,659,659,true,659,659,true,659,,,,,,106,true,106,204,true,206,true
NPC/Class_A/210176/Default,0,3,3,1.0,39214,39214,true,39214,39214,true,39214,,,,,,107,true,107,209,true,209,true
NPC/Class_A/210176/Default,1,3,3,1.0,15827,15827,true,15827,15827,true,15827,,,,,,107,true,107,209,true,209,true
NPC/Class_A/210176/Default,2,3,3,1.0,8032,8032,true,8032,8032,true,8032,,,,,,107,true,107,209,true,209,true
NPC/Class_A/210176/Default,3,3,3,1.0,2574,2574,true,2574,2574,true,2574,,,,,,107,true,107,209,true,209,true
NPC/Class_A/210176/Default,4,3,3,1.0,937,937,true,937,937,true,937,,,,,,102,true,102,209,true,209,true
NPC/Class_A/210177/Default,0,3,3,1.0,26043,26043,true,26043,26043,true,26043,,,,,,129,true,129,220,true,258,true
NPC/Class_A/210177/Default,1,3,3,1.0,12337,12337,true,12337,12337,true,12337,,,,,,129,true,129,220,true,258,true
NPC/Class_A/210177/Default,2,3,3,1.0,5501,5501,true,5501,5501,true,5501,,,,,,127,true,127,220,true,258,true
NPC/Class_A/210177/Default,3,3,3,1.0,1750,1750,true,1750,1750,true,1750,,,,,,127,true,127,220,true,258,true
NPC/Class_A/210177/Default,4,3,3,1.0,653,653,true,653,653,true,653,,,,,,103,true,103,220,true,258,true
NPC/Class_A/210178/Default,0,3,3,1.0,24254,24254,true,24254,24254,true,24254,,,,,,156,true,156,277,true,277,true
NPC/Class_A/210178/Default,1,3,3,1.0,11618,11618,true,11618,11618,true,11618,,,,,,156,true,156,277,true,277,true
NPC/Class_A/210178/Default,2,3,3,1.0,5141,5141,true,5141,5141,true,5141,,,,,,156,true,156,277,true,277,true
NPC/Class_A/210178/Default,3,3,3,1.0,1638,1638,true,1638,1638,true,1638,,,,,,155,true,155,277,true,277,true
NPC/Class_A/210178/Default,4,3,3,1.0,620,620,true,620,620,true,620,,,,,,119,true,119,277,true,277,true
NPC/Class_A/210179/Default,0,3,3,1.0,27151,27151,true,27151,27151,true,27151,,,,,,156,true,156,275,true,275,true
NPC/Class_A/210179/Default,1,3,3,1.0,12728,12728,true,12728,12728,true,12728,,,,,,156,true,156,275,true,275,true
NPC/Class_A/210179/Default,2,3,3,1.0,5705,5705,true,5705,5705,true,5705,,,,,,156,true,156,275,true,275,true
NPC/Class_A/210179/Default,3,3,3,1.0,1808,1808,true,1808,1808,true,1808,,,,,,155,true,155,275,true,275,true
NPC/Class_A/210179/Default,4,3,3,1.0,669,669,true,669,669,true,669,,,,,,119,true,119,275,true,275,true
NPC/Class_A/210180/Default,0,3,3,1.0,26615,26615,true,26615,26615,true,26615,,,,,,140,true,140,243,true,243,true
NPC/Class_A/210180/Default,1,3,3,1.0,12578,12578,true,12578,12578,true,12578,,,,,,140,true,140,243,true,243,true
NPC/Class_A/210180/Default,2,3,3,1.0,5627,5627,true,5627,5627,true,5627,,,,,,134,true,134,243,true,243,true
NPC/Class_A/210180/Default,3,3,3,1.0,1780,1780,true,1780,1780,true,1780,,,,,,134,true,134,243,true,243,true
NPC/Class_A/210180/Default,4,3,3,1.0,652,652,true,652,652,true,652,,,,,,107,true,107,243,true,243,true
NPC/Class_A/210181/Default,0,4,4,1.0,32139,32139,true,32139,32139,true,32139,,,,,,165,true,165,323,true,323,true
NPC/Class_A/210181/Default,1,4,4,1.0,14771,14771,true,14771,14771,true,14771,,,,,,165,true,165,323,true,323,true
NPC/Class_A/210181/Default,2,4,4,1.0,6717,6717,true,6717,6717,true,6717,,,,,,165,true,165,323,true,323,true
NPC/Class_A/210181/Default,3,4,4,1.0,2110,2110,true,2110,2110,true,2110,,,,,,155,true,155,323,true,323,true
NPC/Class_A/210181/Default,4,4,4,1.0,761,761,true,761,761,true,761,,,,,,128,true,128,323,true,323,true
NPC/Class_A/210182/Default,0,4,4,1.0,31561,31561,true,31561,31561,true,31561,,,,,,204,true,204,382,true,382,true
NPC/Class_A/210182/Default,1,4,4,1.0,14540,14540,true,14540,14540,true,14540,,,,,,204,true,204,382,true,382,true
NPC/Class_A/210182/Default,2,4,4,1.0,6603,6603,true,6603,6603,true,6603,,,,,,204,true,204,382,true,382,true
NPC/Class_A/210182/Default,3,4,4,1.0,2076,2076,true,2076,2076,true,2076,,,,,,196,true,196,382,true,382,true
NPC/Class_A/210182/Default,4,4,4,1.0,751,751,true,751,751,true,751,,,,,,135,true,135,382,true,382,true
NPC/Class_A/210183/Default,0,3,3,1.0,36799,36799,true,36799,36799,true,36799,,,,,,114,true,114,215,true,215,true
NPC/Class_A/210183/Default,1,3,3,1.0,16673,16673,true,16673,16673,true,16673,,,,,,114,true,114,215,true,215,true
NPC/Class_A/210183/Default,2,3,3,1.0,7648,7648,true,7648,7648,true,7648,,,,,,114,true,114,215,true,215,true
NPC/Class_A/210183/Default,3,3,3,1.0,2370,2370,true,2370,2370,true,2370,,,,,,114,true,114,215,true,215,true
NPC/Class_A/210183/Default,4,3,3,1.0,847,847,true,847,847,true,847,,,,,,106,true,106,215,true,215,true
NPC/Class_A/210185/Default,0,4,4,1.0,27001,27001,true,27001,27001,true,27001,,,,,,123,true,123,214,true,214,true
NPC/Class_A/210185/Default,1,4,4,1.0,12720,12720,true,12720,12720,true,12720,,,,,,123,true,123,214,true,214,true
NPC/Class_A/210185/Default,2,4,4,1.0,5691,5691,true,5691,5691,true,5691,,,,,,123,true,123,214,true,214,true
NPC/Class_A/210185/Default,3,4,4,1.0,1806,1806,true,1806,1806,true,1806,,,,,,123,true,123,214,true,214,true
NPC/Class_A/210185/Default,4,4,4,1.0,668,668,true,668,668,true,668,,,,,,107,true,107,214,true,214,true
NPC/Class_A/210186/Default,0,4,4,1.0,29833,29833,true,29833,29833,true,29833,,,,,,123,true,123,217,true,217,true
NPC/Class_A/210186/Default,1,4,4,1.0,13843,13843,true,13843,13843,true,13843,,,,,,123,true,123,217,true,217,true
NPC/Class_A/210186/Default,2,4,4,1.0,6269,6269,true,6269,6269,true,6269,,,,,,123,true,123,217,true,217,true
NPC/Class_A/210186/Default,3,4,4,1.0,1975,1975,true,1975,1975,true,1975,,,,,,122,true,122,217,true,217,true
NPC/Class_A/210186/Default,4,4,4,1.0,670,670,true,670,670,true,670,,,,,,100,true,100,217,true,217,true
NPC/Class_A/210187/Default,0,3,3,1.0,26934,26934,true,26934,26934,true,26934,,,,,,123,true,123,248,true,248,true
NPC/Class_A/210187/Default,1,3,3,1.0,12693,12693,true,12693,12693,true,12693,,,,,,123,true,123,248,true,248,true
NPC/Class_A/210187/Default,2,3,3,1.0,5677,5677,true,5677,5677,true,5677,,,,,,123,true,123,248,true,248,true
NPC/Class_A/210187/Default,3,3,3,1.0,1802,1802,true,1802,1802,true,1802,,,,,,123,true,123,248,true,248,true
NPC/Class_A/210187/Default,4,3,3,1.0,667,667,true,667,667,true,667,,,,,,107,true,107,248,true,248,true
NPC/Class_A/210188/Default,0,3,3,1.0,26946,26946,true,26946,26946,true,26946,,,,,,128,true,128,231,true,231,true
NPC/Class_A/210188/Default,1,3,3,1.0,12673,12673,true,12673,12673,true,12673,,,,,,128,true,128,231,true,231,true
NPC/Class_A/210188/Default,2,3,3,1.0,5588,5588,true,5588,5588,true,5588,,,,,,128,true,128,231,true,231,true
NPC/Class_A/210188/Default,3,3,3,1.0,1703,1703,true,1703,1703,true,1703,,,,,,125,true,125,231,true,231,true
NPC/Class_A/210188/Default,4,3,3,1.0,548,548,true,548,548,true,548,,,,,,91,true,91,231,true,231,true
NPC/Class_A/210189/Default,0,3,3,1.0,29537,29537,true,29537,29537,true,29537,,,,,,123,true,123,227,true,227,true
NPC/Class_A/210189/Default,1,3,3,1.0,13735,13735,true,13735,13735,true,13735,,,,,,123,true,123,227,true,227,true
NPC/Class_A/210189/Default,2,3,3,1.0,6199,6199,true,6199,6199,true,6199,,,,,,123,true,123,227,true,227,true
NPC/Class_A/210189/Default,3,3,3,1.0,1960,1960,true,1960,1960,true,1960,,,,,,123,true,123,227,true,227,true
NPC/Class_A/210189/Default,4,3,3,1.0,715,715,true,715,715,true,715,,,,,,107,true,107,227,true,227,true
NPC/Class_A/210191/Default,0,3,3,1.0,27481,27481,true,27481,27481,true,27481,,,,,,128,true,128,239,true,239,true
NPC/Class_A/210191/Default,1,3,3,1.0,12887,12887,true,12887,12887,true,12887,,,,,,128,true,128,239,true,239,true
NPC/Class_A/210191/Default,2,3,3,1.0,5696,5696,true,5696,5696,true,5696,,,,,,128,true,128,239,true,239,true
NPC/Class_A/210191/Default,3,3,3,1.0,1735,1735,true,1735,1735,true,1735,,,,,,125,true,125,239,true,239,true
NPC/Class_A/210191/Default,4,3,3,1.0,560,560,true,560,560,true,560,,,,,,92,true,92,239,true,239,true
NPC/Class_A/210192/Default,0,3,3,1.0,26232,26232,true,26232,26232,true,26232,,,,,,128,true,128,219,true,219,true
NPC/Class_A/210192/Default,1,3,3,1.0,12387,12387,true,12387,12387,true,12387,,,,,,128,true,128,219,true,219,true
NPC/Class_A/210192/Default,2,3,3,1.0,5445,5445,true,5445,5445,true,5445,,,,,,128,true,128,219,true,219,true
NPC/Class_A/210192/Default,3,3,3,1.0,1661,1661,true,1661,1661,true,1661,,,,,,125,true,125,219,true,219,true
NPC/Class_A/210192/Default,4,3,3,1.0,537,537,true,537,537,true,537,,,,,,91,true,91,219,true,219,true
NPC/Class_A/210193/Default,0,4,4,1.0,23942,23942,true,23942,23942,true,21778,,,,2164,,152,true,126,279,true,279,true
NPC/Class_A/210193/Default,1,4,4,1.0,11734,11734,true,11734,11734,true,10666,,,,1068,,152,true,126,279,true,279,true
NPC/Class_A/210193/Default,2,4,4,1.0,5124,5124,true,5124,5124,true,4642,,,,482,,152,true,126,279,true,279,true
NPC/Class_A/210193/Default,3,4,4,1.0,1637,1637,true,1637,1637,true,1493,,,,144,,145,true,119,279,true,279,true
NPC/Class_A/210193/Default,4,4,4,1.0,618,618,true,618,618,true,576,,,,42,,115,true,89,279,true,279,true
NPC/Class_A/210197/Default,0,3,3,1.0,27568,27568,true,27568,27568,true,27568,,,,,,198,true,198,334,true,334,true
NPC/Class_A/210197/Default,1,3,3,1.0,12896,12896,true,12896,12896,true,12896,,,,,,198,true,198,334,true,334,true
NPC/Class_A/210197/Default,2,3,3,1.0,5790,5790,true,5790,5790,true,5790,,,,,,198,true,198,334,true,334,true
NPC/Class_A/210197/Default,3,3,3,1.0,1835,1835,true,1835,1835,true,1835,,,,,,193,true,193,334,true,334,true
NPC/Class_A/210197/Default,4,3,3,1.0,675,675,true,675,675,true,675,,,,,,149,true,149,334,true,334,true
NPC/Class_A/210198/Default,0,4,4,1.0,28063,28063,true,28063,28063,true,28063,,,,,,180,true,180,308,true,308,true
NPC/Class_A/210198/Default,1,4,4,1.0,13165,13165,true,13165,13165,true,13165,,,,,,180,true,180,308,true,308,true
NPC/Class_A/210198/Default,2,4,4,1.0,5909,5909,true,5909,5909,true,5909,,,,,,180,true,180,308,true,308,true
NPC/Class_A/210198/Default,3,4,4,1.0,1870,1870,true,1870,1870,true,1870,,,,,,174,true,174,308,true,308,true
NPC/Class_A/210198/Default,4,4,4,1.0,687,687,true,687,687,true,687,,,,,,140,true,140,308,true,308,true
NPC/Class_A/210199/Default,0,4,4,1.0,28280,28280,true,28280,28280,true,28280,,,,,,204,true,204,358,true,358,true
NPC/Class_A/210199/Default,1,4,4,1.0,13204,13204,true,13204,13204,true,13204,,,,,,204,true,204,358,true,358,true
NPC/Class_A/210199/Default,2,4,4,1.0,5853,5853,true,5853,5853,true,5853,,,,,,204,true,204,358,true,358,true
NPC/Class_A/210199/Default,3,4,4,1.0,1782,1782,true,1782,1782,true,1782,,,,,,199,true,199,358,true,358,true
NPC/Class_A/210199/Default,4,4,4,1.0,574,574,true,574,574,true,574,,,,,,160,true,160,358,true,358,true
NPC/Class_A/210200/Default,0,3,3,1.0,31082,31082,true,31082,31082,true,31082,,,,,,161,true,161,291,true,293,true
NPC/Class_A/210200/Default,1,3,3,1.0,14327,14327,true,14327,14327,true,14327,,,,,,159,true,159,291,true,293,true
NPC/Class_A/210200/Default,2,3,3,1.0,6415,6415,true,6415,6415,true,6415,,,,,,159,true,159,291,true,293,true
NPC/Class_A/210200/Default,3,3,3,1.0,1952,1952,true,1952,1952,true,1952,,,,,,154,true,154,291,true,293,true
NPC/Class_A/210200/Default,4,3,3,1.0,624,624,true,624,624,true,624,,,,,,121,true,121,291,true,293,true
NPC/Class_A/210201/Default,0,4,4,1.0,29403,29403,true,29403,29403,true,29403,,,,,,177,true,177,310,true,310,true
NPC/Class_A/210201/Default,1,4,4,1.0,13549,13549,true,13549,13549,true,13549,,,,,,177,true,177,310,true,310,true
NPC/Class_A/210201/Default,2,4,4,1.0,6266,6266,true,6266,6266,true,6266,,,,,,177,true,177,310,true,310,true
NPC/Class_A/210201/Default,3,4,4,1.0,1980,1980,true,1980,1980,true,1980,,,,,,172,true,172,310,true,310,true
NPC/Class_A/210201/Default,4,4,4,1.0,719,719,true,719,719,true,719,,,,,,132,true,132,310,true,310,true
NPC/Class_A/210202/Default,0,4,4,1.0,29222,29222,true,29222,29222,true,29222,,,,,,198,true,198,331,true,331,true
NPC/Class_A/210202/Default,1,4,4,1.0,13605,13605,true,13605,13605,true,13605,,,,,,198,true,198,331,true,331,true
NPC/Class_A/210202/Default,2,4,4,1.0,6135,6135,true,6135,6135,true,6135,,,,,,198,true,198,331,true,331,true
NPC/Class_A/210202/Default,3,4,4,1.0,1934,1934,true,1934,1934,true,1934,,,,,,193,true,193,331,true,331,true
NPC/Class_A/210202/Default,4,4,4,1.0,709,709,true,709,709,true,709,,,,,,155,true,155,331,true,331,true
NPC/Class_A/210203/Default,0,3,3,1.0,28026,28026,true,28026,28026,true,28026,,,,,,164,true,164,295,true,295,true
NPC/Class_A/210203/Default,1,3,3,1.0,13127,13127,true,13127,13127,true,13127,,,,,,164,true,164,295,true,295,true
NPC/Class_A/210203/Default,2,3,3,1.0,5897,5897,true,5897,5897,true,5897,,,,,,164,true,164,295,true,295,true
NPC/Class_A/210203/Default,3,3,3,1.0,1865,1865,true,1865,1865,true,1865,,,,,,157,true,157,295,true,295,true
NPC/Class_A/210203/Default,4,3,3,1.0,689,689,true,689,689,true,689,,,,,,126,true,126,295,true,295,true
NPC/Class_A/210204/Default,0,3,3,1.0,28059,28059,true,28059,28059,true,28059,,,,,,174,true,174,301,true,301,true
NPC/Class_A/210204/Default,1,3,3,1.0,13140,13140,true,13140,13140,true,13140,,,,,,174,true,174,301,true,301,true
NPC/Class_A/210204/Default,2,3,3,1.0,5901,5901,true,5901,5901,true,5901,,,,,,174,true,174,301,true,301,true
NPC/Class_A/210204/Default,3,3,3,1.0,1866,1866,true,1866,1866,true,1866,,,,,,172,true,172,301,true,301,true
NPC/Class_A/210204/Default,4,3,3,1.0,686,686,true,686,686,true,686,,,,,,137,true,137,301,true,301,true
NPC/Class_A/210205/Default,0,4,4,1.0,29905,29905,true,29905,29905,true,29905,,,,,,198,true,198,356,true,356,true
NPC/Class_A/210205/Default,1,4,4,1.0,13901,13901,true,13901,13901,true,13901,,,,,,198,true,198,356,true,356,true
NPC/Class_A/210205/Default,2,4,4,1.0,6278,6278,true,6278,6278,true,6278,,,,,,198,true,198,356,true,356,true
NPC/Class_A/210205/Default,3,4,4,1.0,1981,1981,true,1981,1981,true,1981,,,,,,193,true,193,356,true,356,true
NPC/Class_A/210205/Default,4,4,4,1.0,719,719,true,719,719,true,719,,,,,,154,true,154,356,true,356,true
NPC/Class_A/210206/Default,0,2,2,1.0,11376,11376,true,11376,11376,true,11376,,,,,,101,true,101,172,true,199,true
NPC/Class_A/210206/Default,1,2,2,1.0,6639,6639,true,6639,6639,true,6639,,,,,,101,true,101,172,true,199,true
NPC/Class_A/210206/Default,2,2,2,1.0,2726,2726,true,2726,2726,true,2726,,,,,,101,true,101,172,true,199,true
NPC/Class_A/210206/Default,3,2,2,1.0,996,996,true,996,996,true,996,,,,,,99,true,99,172,true,199,true
NPC/Class_A/210206/Default,4,2,2,1.0,494,494,true,494,494,true,494,,,,,,76,true,76,172,true,199,true
NPC/Class_A/210207/Default,0,4,4,1.0,27890,27890,true,27890,27890,true,27890,,,,,,141,true,141,241,true,279,true
NPC/Class_A/210207/Default,1,4,4,1.0,15008,15008,true,15008,15008,true,15008,,,,,,141,true,141,241,true,279,true
NPC/Class_A/210207/Default,2,4,4,1.0,6804,6804,true,6804,6804,true,6804,,,,,,141,true,141,241,true,279,true
NPC/Class_A/210207/Default,3,4,4,1.0,1962,1962,true,1962,1962,true,1962,,,,,,136,true,136,241,true,279,true
NPC/Class_A/210207/Default,4,4,4,1.0,763,763,true,763,763,true,763,,,,,,129,true,129,241,true,279,true
NPC/Class_A/210208/Default,0,4,4,1.0,28213,28213,true,28213,28213,true,28213,,,,,,228,true,228,411,true,411,true
NPC/Class_A/210208/Default,1,4,4,1.0,13178,13178,true,13178,13178,true,13178,,,,,,228,true,228,411,true,411,true
NPC/Class_A/210208/Default,2,4,4,1.0,5839,5839,true,5839,5839,true,5839,,,,,,228,true,228,411,true,411,true
NPC/Class_A/210208/Default,3,4,4,1.0,1778,1778,true,1778,1778,true,1778,,,,,,220,true,220,411,true,411,true
NPC/Class_A/210208/Default,4,4,4,1.0,573,573,true,573,573,true,573,,,,,,162,true,162,411,true,411,true
NPC/Class_A/210209/Default,0,3,3,1.0,28440,28440,true,28440,28440,true,28440,,,,,,154,true,154,270,true,334,true
NPC/Class_A/210209/Default,1,3,3,1.0,13306,13306,true,13306,13306,true,13306,,,,,,154,true,154,270,true,334,true
NPC/Class_A/210209/Default,2,3,3,1.0,5990,5990,true,5990,5990,true,5990,,,,,,154,true,154,270,true,334,true
NPC/Class_A/210209/Default,3,3,3,1.0,1890,1890,true,1890,1890,true,1890,,,,,,153,true,153,270,true,334,true
NPC/Class_A/210209/Default,4,3,3,1.0,684,684,true,684,684,true,684,,,,,,134,true,134,270,true,334,true
NPC/Class_A/210210/Default,0,4,4,1.0,36200,36200,true,36200,36200,true,36200,,,,,,138,true,138,271,true,413,true
NPC/Class_A/210210/Default,1,4,4,1.0,16349,16349,true,16349,16349,true,16349,,,,,,138,true,138,271,true,413,true
NPC/Class_A/210210/Default,2,4,4,1.0,7514,7514,true,7514,7514,true,7514,,,,,,138,true,138,271,true,413,true
NPC/Class_A/210210/Default,3,4,4,1.0,2350,2350,true,2350,2350,true,2350,,,,,,137,true,137,271,true,413,true
NPC/Class_A/210210/Default,4,4,4,1.0,829,829,true,829,829,true,829,,,,,,98,true,98,271,true,413,true
NPC/Class_A/210211/Default,0,3,3,1.0,27962,27962,true,27962,27962,true,27962,,,,,,101,true,101,221,true,221,true
NPC/Class_A/210211/Default,1,3,3,1.0,13100,13100,true,13100,13100,true,13100,,,,,,101,true,101,221,true,221,true
NPC/Class_A/210211/Default,2,3,3,1.0,5883,5883,true,5883,5883,true,5883,,,,,,101,true,101,221,true,221,true
NPC/Class_A/210211/Default,3,3,3,1.0,1860,1860,true,1860,1860,true,1860,,,,,,95,true,95,221,true,221,true
NPC/Class_A/210211/Default,4,3,3,1.0,686,686,true,686,686,true,686,,,,,,76,true,76,221,true,221,true
NPC/Class_A/210212/Default,0,3,3,1.0,21439,21439,true,21439,21439,true,21439,,,,,,101,true,101,199,true,199,true
NPC/Class_A/210212/Default,1,3,3,1.0,10444,10444,true,10444,10444,true,10444,,,,,,101,true,101,199,true,199,true
NPC/Class_A/210212/Default,2,3,3,1.0,4564,4564,true,4564,4564,true,4564,,,,,,101,true,101,199,true,199,true
NPC/Class_A/210212/Default,3,3,3,1.0,1465,1465,true,1465,1465,true,1465,,,,,,98,true,98,199,true,199,true
NPC/Class_A/210212/Default,4,3,3,1.0,564,564,true,564,564,true,564,,,,,,74,true,74,199,true,199,true
NPC/Class_A/210213/Default,0,2,2,1.0,30132,30132,true,30132,30132,true,30132,,,,,,79,true,79,176,true,176,true
NPC/Class_A/210213/Default,1,2,2,1.0,12050,12050,true,12050,12050,true,12050,,,,,,79,true,79,176,true,176,true
NPC/Class_A/210213/Default,2,2,2,1.0,6023,6023,true,6023,6023,true,6023,,,,,,79,true,79,176,true,176,true
NPC/Class_A/210213/Default,3,2,2,1.0,1805,1805,true,1805,1805,true,1805,,,,,,79,true,79,176,true,176,true
NPC/Class_A/210213/Default,4,2,2,1.0,541,541,true,541,541,true,541,,,,,,70,true,70,176,true,176,true
NPC/Class_A/210214/Default,0,2,2,1.0,32949,32949,true,32949,32949,true,32949,,,,,,87,true,87,236,true,236,true
NPC/Class_A/210214/Default,1,2,2,1.0,13178,13178,true,13178,13178,true,13178,,,,,,87,true,87,236,true,236,true
NPC/Class_A/210214/Default,2,2,2,1.0,6586,6586,true,6586,6586,true,6586,,,,,,87,true,87,236,true,236,true
NPC/Class_A/210214/Default,3,2,2,1.0,1974,1974,true,1974,1974,true,1974,,,,,,86,true,86,236,true,236,true
NPC/Class_A/210214/Default,4,2,2,1.0,589,589,true,589,589,true,589,,,,,,76,true,76,236,true,236,true
NPC/Class_A/210215/Default,0,2,2,1.0,48056,48056,true,48056,48056,true,48056,,,,,,133,true,133,225,true,225,true
NPC/Class_A/210215/Default,1,2,2,1.0,21020,21020,true,21020,21020,true,21020,,,,,,133,true,133,225,true,225,true
NPC/Class_A/210215/Default,2,2,2,1.0,10007,10007,true,10007,10007,true,10007,,,,,,133,true,133,225,true,225,true
NPC/Class_A/210215/Default,3,2,2,1.0,3097,3097,true,3097,3097,true,3097,,,,,,131,true,131,225,true,225,true
NPC/Class_A/210215/Default,4,2,2,1.0,1057,1057,true,1057,1057,true,1057,,,,,,124,true,124,225,true,225,true
NPC/Class_A/210216/Default,0,2,2,1.0,48056,48056,true,48056,48056,true,48056,,,,,,133,true,133,225,true,225,true
NPC/Class_A/210216/Default,1,2,2,1.0,21020,21020,true,21020,21020,true,21020,,,,,,133,true,133,225,true,225,true
NPC/Class_A/210216/Default,2,2,2,1.0,10007,10007,true,10007,10007,true,10007,,,,,,133,true,133,225,true,225,true
NPC/Class_A/210216/Default,3,2,2,1.0,3097,3097,true,3097,3097,true,3097,,,,,,131,true,131,225,true,225,true
NPC/Class_A/210216/Default,4,2,2,1.0,1057,1057,true,1057,1057,true,1057,,,,,,124,true,124,225,true,225,true
NPC/Class_A/210217/Default,0,3,3,1.0,73940,73940,true,73940,73940,true,73940,,,,,,168,true,168,299,true,299,true
NPC/Class_A/210217/Default,1,3,3,1.0,32619,32619,true,32619,32619,true,32619,,,,,,168,true,168,299,true,299,true
NPC/Class_A/210217/Default,2,3,3,1.0,15110,15110,true,15110,15110,true,15110,,,,,,168,true,168,299,true,299,true
NPC/Class_A/210217/Default,3,3,3,1.0,4631,4631,true,4631,4631,true,4631,,,,,,167,true,167,299,true,299,true
NPC/Class_A/210217/Default,4,3,3,1.0,1523,1523,true,1523,1523,true,1523,,,,,,122,true,122,299,true,299,true
NPC/Class_A/210218/Default,0,1,1,1.0,34947,34947,true,34947,34947,true,34947,,,,,,95,true,95,178,true,187,true
NPC/Class_A/210218/Default,1,1,1,1.0,13978,13978,true,13978,13978,true,13978,,,,,,95,true,95,178,true,187,true
NPC/Class_A/210218/Default,2,1,1,1.0,6987,6987,true,6987,6987,true,6987,,,,,,95,true,95,178,true,187,true
NPC/Class_A/210218/Default,3,1,1,1.0,2096,2096,true,2096,2096,true,2096,,,,,,92,true,92,178,true,187,true
NPC/Class_A/210218/Default,4,1,1,1.0,628,628,true,628,628,true,628,,,,,,86,true,86,178,true,187,true
NPC/Class_A/210219/Default,0,1,1,1.0,34947,34947,true,34947,34947,true,34947,,,,,,95,true,95,178,true,178,true
NPC/Class_A/210219/Default,1,1,1,1.0,13978,13978,true,13978,13978,true,13978,,,,,,95,true,95,178,true,178,true
NPC/Class_A/210219/Default,2,1,1,1.0,6987,6987,true,6987,6987,true,6987,,,,,,95,true,95,178,true,178,true
NPC/Class_A/210219/Default,3,1,1,1.0,2096,2096,true,2096,2096,true,2096,,,,,,92,true,92,178,true,178,true
NPC/Class_A/210219/Default,4,1,1,1.0,628,628,true,628,628,true,628,,,,,,86,true,86,178,true,178,true
NPC/Class_A/210221/Default,0,3,3,1.0,38419,38419,true,38419,38419,true,38419,,,,,,113,true,113,206,true,248,true
NPC/Class_A/210221/Default,1,3,3,1.0,17144,17144,true,17144,17144,true,17144,,,,,,113,true,113,206,true,248,true
NPC/Class_A/210221/Default,2,3,3,1.0,8086,8086,true,8086,8086,true,8086,,,,,,113,true,113,206,true,248,true
NPC/Class_A/210221/Default,3,3,3,1.0,2524,2524,true,2524,2524,true,2524,,,,,,113,true,113,206,true,248,true
NPC/Class_A/210221/Default,4,3,3,1.0,885,885,true,885,885,true,885,,,,,,105,true,105,206,true,248,true
NPC/Class_A/210222/Default,0,1,1,1.0,25438,25438,true,25438,25438,true,25438,,,,,,71,true,71,101,true,101,true
NPC/Class_A/210222/Default,1,1,1,1.0,10175,10175,true,10175,10175,true,10175,,,,,,71,true,71,101,true,101,true
NPC/Class_A/210222/Default,2,1,1,1.0,5086,5086,true,5086,5086,true,5086,,,,,,71,true,71,101,true,101,true
NPC/Class_A/210222/Default,3,1,1,1.0,1525,1525,true,1525,1525,true,1525,,,,,,71,true,71,101,true,101,true
NPC/Class_A/210222/Default,4,1,1,1.0,456,456,true,456,456,true,456,,,,,,67,true,67,101,true,101,true
NPC/Class_A/210223/Default,0,1,1,1.0,44256,44256,true,44256,44256,true,44256,,,,,,100,true,100,187,true,187,true
NPC/Class_A/210223/Default,1,1,1,1.0,17701,17701,true,17701,17701,true,17701,,,,,,100,true,100,187,true,187,true
NPC/Class_A/210223/Default,2,1,1,1.0,8849,8849,true,8849,8849,true,8849,,,,,,100,true,100,187,true,187,true
NPC/Class_A/210223/Default,3,1,1,1.0,2654,2654,true,2654,2654,true,2654,,,,,,100,true,100,187,true,187,true
NPC/Class_A/210223/Default,4,1,1,1.0,796,796,true,796,796,true,796,,,,,,100,true,100,187,true,187,true
NPC/Class_A/210224/Default,0,4,4,1.0,35218,35218,true,35218,35218,true,35218,,,,,,182,true,182,342,true,342,true
NPC/Class_A/210224/Default,1,4,4,1.0,15937,15937,true,15937,15937,true,15937,,,,,,182,true,182,342,true,342,true
NPC/Class_A/210224/Default,2,4,4,1.0,7351,7351,true,7351,7351,true,7351,,,,,,182,true,182,342,true,342,true
NPC/Class_A/210224/Default,3,4,4,1.0,2301,2301,true,2301,2301,true,2301,,,,,,174,true,174,342,true,342,true
NPC/Class_A/210224/Default,4,4,4,1.0,766,766,true,766,766,true,766,,,,,,144,true,144,342,true,342,true
NPC/Class_A/210225/Default,0,4,4,1.0,34473,34473,true,34473,34473,true,34473,,,,,,182,true,182,349,true,349,true
NPC/Class_A/210225/Default,1,4,4,1.0,15639,15639,true,15639,15639,true,15639,,,,,,182,true,182,349,true,349,true
NPC/Class_A/210225/Default,2,4,4,1.0,7201,7201,true,7201,7201,true,7201,,,,,,182,true,182,349,true,349,true
NPC/Class_A/210225/Default,3,4,4,1.0,2255,2255,true,2255,2255,true,2255,,,,,,174,true,174,349,true,349,true
NPC/Class_A/210225/Default,4,4,4,1.0,752,752,true,752,752,true,752,,,,,,144,true,144,349,true,349,true
NPC/Class_A/210226/Default,0,4,4,1.0,34345,34345,true,34345,34345,true,34345,,,,,,182,true,182,379,true,379,true
NPC/Class_A/210226/Default,1,4,4,1.0,15589,15589,true,15589,15589,true,15589,,,,,,182,true,182,379,true,379,true
NPC/Class_A/210226/Default,2,4,4,1.0,7175,7175,true,7175,7175,true,7175,,,,,,182,true,182,379,true,379,true
NPC/Class_A/210226/Default,3,4,4,1.0,2247,2247,true,2247,2247,true,2247,,,,,,174,true,174,379,true,379,true
NPC/Class_A/210226/Default,4,4,4,1.0,750,750,true,750,750,true,750,,,,,,144,true,144,379,true,379,true
NPC/Class_A/210227/Default,0,4,4,1.0,33599,33599,true,33599,33599,true,33599,,,,,,182,true,182,334,true,334,true
NPC/Class_A/210227/Default,1,4,4,1.0,15290,15290,true,15290,15290,true,15290,,,,,,182,true,182,334,true,334,true
NPC/Class_A/210227/Default,2,4,4,1.0,7027,7027,true,7027,7027,true,7027,,,,,,182,true,182,334,true,334,true
NPC/Class_A/210227/Default,3,4,4,1.0,2203,2203,true,2203,2203,true,2203,,,,,,174,true,174,334,true,334,true
NPC/Class_A/210227/Default,4,4,4,1.0,737,737,true,737,737,true,737,,,,,,144,true,144,334,true,334,true
NPC/Class_A/210228/Default,0,4,4,1.0,59098,59098,true,59098,59098,true,59098,,,,,,149,true,149,361,true,361,true
NPC/Class_A/210228/Default,1,4,4,1.0,28460,28460,true,28460,28460,true,28460,,,,,,148,true,148,361,true,361,true
NPC/Class_A/210228/Default,2,4,4,1.0,14710,14710,true,14710,14710,true,14710,,,,,,147,true,147,361,true,361,true
NPC/Class_A/210228/Default,3,4,4,1.0,6835,6835,true,6835,6835,true,6835,,,,,,143,true,143,361,true,361,true
NPC/Class_A/210228/Default,4,4,4,1.0,4511,4511,true,4511,4511,true,4511,,,,,,109,true,109,361,true,361,true
NPC/Class_A/210229/Default,0,3,3,1.0,37500,37500,true,37500,37500,true,37500,,,,,,103,true,103,197,true,197,true
NPC/Class_A/210229/Default,1,3,3,1.0,16796,16796,true,16796,16796,true,16796,,,,,,103,true,103,197,true,197,true
NPC/Class_A/210229/Default,2,3,3,1.0,7894,7894,true,7894,7894,true,7894,,,,,,103,true,103,197,true,197,true
NPC/Class_A/210229/Default,3,3,3,1.0,2468,2468,true,2468,2468,true,2468,,,,,,101,true,101,197,true,197,true
NPC/Class_A/210229/Default,4,3,3,1.0,853,853,true,853,853,true,853,,,,,,92,true,92,197,true,197,true
NPC/Class_A/210230/Default,0,4,4,1.0,48845,48845,true,48845,48845,true,48845,,,,,,159,true,159,348,true,533,true
NPC/Class_A/210230/Default,1,4,4,1.0,21324,21324,true,21324,21324,true,21324,,,,,,159,true,159,348,true,533,true
NPC/Class_A/210230/Default,2,4,4,1.0,10363,10363,true,10363,10363,true,10363,,,,,,159,true,159,348,true,533,true
NPC/Class_A/210230/Default,3,4,4,1.0,3244,3244,true,3244,3244,true,3244,,,,,,157,true,157,348,true,533,true
NPC/Class_A/210230/Default,4,4,4,1.0,1031,1031,true,1031,1031,true,1031,,,,,,130,true,130,348,true,533,true
NPC/Class_A/210231/Default,0,5,5,1.0,43447,43447,true,43447,43447,true,43447,,,,,,149,true,149,342,true,342,true
NPC/Class_A/210231/Default,1,5,5,1.0,18461,18461,true,18461,18461,true,18461,,,,,,149,true,149,342,true,342,true
NPC/Class_A/210231/Default,2,5,5,1.0,9295,9295,true,9295,9295,true,9295,,,,,,148,true,148,342,true,342,true
NPC/Class_A/210231/Default,3,5,5,1.0,2890,2890,true,2890,2890,true,2890,,,,,,142,true,142,342,true,342,true
NPC/Class_A/210231/Default,4,5,5,1.0,938,938,true,938,938,true,938,,,,,,94,true,94,342,true,342,true
NPC/Class_A/210232/Default,0,5,5,1.0,43447,43447,true,43447,43447,true,43447,,,,,,149,true,149,342,true,342,true
NPC/Class_A/210232/Default,1,5,5,1.0,18461,18461,true,18461,18461,true,18461,,,,,,149,true,149,342,true,342,true
NPC/Class_A/210232/Default,2,5,5,1.0,9294,9294,true,9294,9294,true,9294,,,,,,148,true,148,342,true,342,true
NPC/Class_A/210232/Default,3,5,5,1.0,2888,2888,true,2888,2888,true,2888,,,,,,143,true,143,342,true,342,true
NPC/Class_A/210232/Default,4,5,5,1.0,938,938,true,938,938,true,938,,,,,,94,true,94,342,true,342,true
NPC/Class_A/210233/Default,0,4,4,1.0,52626,52626,true,52626,52626,true,52626,,,,,,203,true,203,363,true,365,true
NPC/Class_A/210233/Default,1,4,4,1.0,22751,22751,true,22751,22751,true,22751,,,,,,203,true,203,363,true,365,true
NPC/Class_A/210233/Default,2,4,4,1.0,10899,10899,true,10899,10899,true,10899,,,,,,203,true,203,363,true,365,true
NPC/Class_A/210233/Default,3,4,4,1.0,3376,3376,true,3376,3376,true,3376,,,,,,195,true,195,363,true,365,true
NPC/Class_A/210233/Default,4,4,4,1.0,1132,1132,true,1132,1132,true,1132,,,,,,173,true,173,363,true,365,true
NPC/Class_A/210234/Default,0,4,4,1.0,52758,52758,true,52758,52758,true,52758,,,,,,149,true,149,300,true,300,true
NPC/Class_A/210234/Default,1,4,4,1.0,25891,25891,true,25891,25891,true,25891,,,,,,149,true,149,300,true,300,true
NPC/Class_A/210234/Default,2,4,4,1.0,12025,12025,true,12025,12025,true,12025,,,,,,149,true,149,300,true,300,true
NPC/Class_A/210234/Default,3,4,4,1.0,4220,4220,true,4220,4220,true,4220,,,,,,149,true,149,300,true,300,true
NPC/Class_A/210234/Default,4,4,4,1.0,1094,1094,true,1094,1094,true,1094,,,,,,140,true,140,300,true,300,true
NPC/Class_A/210235/Default,0,4,4,1.0,103809,103809,true,103809,103809,true,103809,,,,,,189,true,189,404,true,404,true
NPC/Class_A/210235/Default,1,4,4,1.0,44731,44731,true,44731,44731,true,44731,,,,,,189,true,189,404,true,404,true
NPC/Class_A/210235/Default,2,4,4,1.0,21046,21046,true,21046,21046,true,21046,,,,,,189,true,189,404,true,404,true
NPC/Class_A/210235/Default,3,4,4,1.0,6352,6352,true,6352,6352,true,6352,,,,,,189,true,189,404,true,404,true
NPC/Class_A/210235/Default,4,4,4,1.0,2001,2001,true,2001,2001,true,2001,,,,,,176,true,176,404,true,404,true
NPC/Class_A/210243/Default,0,3,3,1.0,44160,44160,true,44160,44160,true,44160,,,,,,125,true,125,236,true,236,true
NPC/Class_A/210243/Default,1,3,3,1.0,19594,19594,true,19594,19594,true,19594,,,,,,125,true,125,236,true,236,true
NPC/Class_A/210243/Default,2,3,3,1.0,9137,9137,true,9137,9137,true,9137,,,,,,124,true,124,236,true,236,true
NPC/Class_A/210243/Default,3,3,3,1.0,2833,2833,true,2833,2833,true,2833,,,,,,123,true,123,236,true,236,true
NPC/Class_A/210243/Default,4,3,3,1.0,969,969,true,969,969,true,969,,,,,,113,true,113,236,true,236,true
NPC/Class_A/210244/Default,0,3,3,1.0,41066,41066,true,41066,41066,true,41066,,,,,,125,true,125,217,true,225,true
NPC/Class_A/210244/Default,1,3,3,1.0,18356,18356,true,18356,18356,true,18356,,,,,,125,true,125,217,true,225,true
NPC/Class_A/210244/Default,2,3,3,1.0,8517,8517,true,8517,8517,true,8517,,,,,,124,true,124,217,true,225,true
NPC/Class_A/210244/Default,3,3,3,1.0,2648,2648,true,2648,2648,true,2648,,,,,,123,true,123,217,true,225,true
NPC/Class_A/210244/Default,4,3,3,1.0,912,912,true,912,912,true,912,,,,,,116,true,116,217,true,225,true
NPC/Class_A/210245/Default,0,3,3,1.0,42227,42227,true,42227,42227,true,42227,,,,,,109,true,109,254,true,254,true
NPC/Class_A/210245/Default,1,3,3,1.0,18822,18822,true,18822,18822,true,18822,,,,,,109,true,109,254,true,254,true
NPC/Class_A/210245/Default,2,3,3,1.0,8751,8751,true,8751,8751,true,8751,,,,,,109,true,109,254,true,254,true
NPC/Class_A/210245/Default,3,3,3,1.0,2718,2718,true,2718,2718,true,2718,,,,,,109,true,109,254,true,254,true
NPC/Class_A/210245/Default,4,3,3,1.0,934,934,true,934,934,true,934,,,,,,103,true,103,254,true,254,true
NPC/Class_A/210246/Default,0,3,3,1.0,42827,42827,true,42827,42827,true,42827,,,,,,125,true,125,237,true,238,true
NPC/Class_A/210246/Default,1,3,3,1.0,19061,19061,true,19061,19061,true,19061,,,,,,125,true,125,237,true,238,true
NPC/Class_A/210246/Default,2,3,3,1.0,8869,8869,true,8869,8869,true,8869,,,,,,124,true,124,237,true,238,true
NPC/Class_A/210246/Default,3,3,3,1.0,2753,2753,true,2753,2753,true,2753,,,,,,123,true,123,237,true,238,true
NPC/Class_A/210246/Default,4,3,3,1.0,944,944,true,944,944,true,944,,,,,,113,true,113,237,true,238,true
NPC/Class_A/210258/Default,0,1,1,1.0,52624,52624,true,52624,52624,true,52624,,,,,,153,true,153,268,true,398,true
NPC/Class_A/210258/Default,1,1,1,1.0,21049,21049,true,21049,21049,true,21049,,,,,,153,true,153,268,true,398,true
NPC/Class_A/210258/Default,2,1,1,1.0,10523,10523,true,10523,10523,true,10523,,,,,,153,true,153,268,true,398,true
NPC/Class_A/210258/Default,3,1,1,1.0,3155,3155,true,3155,3155,true,3155,,,,,,149,true,149,268,true,398,true
NPC/Class_A/210258/Default,4,1,1,1.0,945,945,true,945,945,true,945,,,,,,103,true,103,268,true,398,true
NPC/Class_A/210259/Default,0,2,2,1.0,76303,76303,true,76303,76303,true,76303,,,,,,138,true,138,279,true,279,true
NPC/Class_A/210259/Default,1,2,2,1.0,30519,30519,true,30519,30519,true,30519,,,,,,138,true,138,279,true,279,true
NPC/Class_A/210259/Default,2,2,2,1.0,15257,15257,true,15257,15257,true,15257,,,,,,137,true,137,279,true,279,true
NPC/Class_A/210259/Default,3,2,2,1.0,4575,4575,true,4575,4575,true,4575,,,,,,127,true,127,279,true,279,true
NPC/Class_A/210259/Default,4,2,2,1.0,1371,1371,true,1371,1371,true,1371,,,,,,100,true,100,279,true,279,true
NPC/Class_A/210260/Default,0,3,3,1.0,76463,76463,true,76463,76463,true,76463,,,,,,198,true,198,365,true,365,true
NPC/Class_A/210260/Default,1,3,3,1.0,32503,32503,true,32503,32503,true,32503,,,,,,198,true,198,365,true,365,true
NPC/Class_A/210260/Default,2,3,3,1.0,15585,15585,true,15585,15585,true,15585,,,,,,198,true,198,365,true,365,true
NPC/Class_A/210260/Default,3,3,3,1.0,4772,4772,true,4772,4772,true,4772,,,,,,198,true,198,365,true,365,true
NPC/Class_A/210260/Default,4,3,3,1.0,1559,1559,true,1559,1559,true,1559,,,,,,187,true,187,365,true,365,true
NPC/Class_A/Boris/Default,0,3,3,1.0,34968,34968,true,34968,34968,true,34968,,,,,,99,true,99,201,true,201,true
NPC/Class_A/Boris/Default,1,3,3,1.0,27518,27518,true,27518,27518,true,27518,,,,,,99,true,99,201,true,201,true
NPC/Class_A/Boris/Default,2,3,3,1.0,13007,13007,true,13007,13007,true,13007,,,,,,99,true,99,201,true,201,true
NPC/Class_A/Boris/Default,3,3,3,1.0,4565,4565,true,4565,4565,true,4565,,,,,,97,true,97,201,true,201,true
NPC/Class_A/Boris/Default,4,3,3,1.0,1230,1230,true,1230,1230,true,1230,,,,,,97,true,97,201,true,201,true
NPC/Class_A/BurgerstackMasters/Default,0,4,4,1.0,36649,36649,true,36649,36649,true,36649,,,,,,102,true,102,199,true,199,true
NPC/Class_A/BurgerstackMasters/Default,1,4,4,1.0,27337,27337,true,27337,27337,true,27337,,,,,,102,true,102,199,true,199,true
NPC/Class_A/BurgerstackMasters/Default,2,4,4,1.0,13391,13391,true,13391,13391,true,13391,,,,,,102,true,102,199,true,199,true
NPC/Class_A/BurgerstackMasters/Default,3,4,4,1.0,4575,4575,true,4575,4575,true,4575,,,,,,100,true,100,199,true,199,true
NPC/Class_A/BurgerstackMasters/Default,4,4,4,1.0,1216,1216,true,1216,1216,true,1216,,,,,,96,true,96,199,true,199,true
NPC/Class_A/CharcoalGrill/Default,0,4,4,1.0,50278,50278,true,50278,50278,true,50278,,,,,,162,true,162,329,true,329,true
NPC/Class_A/CharcoalGrill/Default,1,4,4,1.0,26172,26172,true,26172,26172,true,26172,,,,,,162,true,162,329,true,329,true
NPC/Class_A/CharcoalGrill/Default,2,4,4,1.0,12702,12702,true,12702,12702,true,12702,,,,,,164,true,164,329,true,329,true
NPC/Class_A/CharcoalGrill/Default,3,4,4,1.0,4477,4477,true,4477,4477,true,4477,,,,,,160,true,160,329,true,329,true
NPC/Class_A/CharcoalGrill/Default,4,4,4,1.0,988,988,true,988,988,true,988,,,,,,136,true,136,329,true,329,true
NPC/Class_A/ChipmunkGrocery/Default,0,4,4,1.0,39179,39179,true,39179,39179,true,39179,,,,,,118,true,118,213,true,213,true
NPC/Class_A/ChipmunkGrocery/Default,1,4,4,1.0,24855,24855,true,24855,24855,true,24855,,,,,,118,true,118,213,true,213,true
NPC/Class_A/ChipmunkGrocery/Default,2,4,4,1.0,12292,12292,true,12292,12292,true,12292,,,,,,118,true,118,213,true,213,true
NPC/Class_A/ChipmunkGrocery/Default,3,4,4,1.0,4454,4454,true,4454,4454,true,4454,,,,,,118,true,118,213,true,213,true
NPC/Class_A/ChipmunkGrocery/Default,4,4,4,1.0,1206,1206,true,1206,1206,true,1206,,,,,,118,true,118,213,true,213,true
NPC/Class_A/CoffeeShopStaff/Default,0,4,4,1.0,46855,46855,true,46855,46855,true,46855,,,,,,88,true,88,160,true,160,true
NPC/Class_A/CoffeeShopStaff/Default,1,4,4,1.0,25861,25861,true,25861,25861,true,25861,,,,,,88,true,88,160,true,160,true
NPC/Class_A/CoffeeShopStaff/Default,2,4,4,1.0,13045,13045,true,13045,13045,true,13045,,,,,,88,true,88,160,true,160,true
NPC/Class_A/CoffeeShopStaff/Default,3,4,4,1.0,4600,4600,true,4600,4600,true,4600,,,,,,88,true,88,160,true,160,true
NPC/Class_A/CoffeeShopStaff/Default,4,4,4,1.0,1218,1218,true,1218,1218,true,1218,,,,,,88,true,88,160,true,160,true
NPC/Class_A/Daniel/Default,0,3,3,1.0,33125,33125,true,33125,33125,true,33125,,,,,,129,true,129,240,true,240,true
NPC/Class_A/Daniel/Default,1,3,3,1.0,27139,27139,true,27139,27139,true,27139,,,,,,129,true,129,240,true,240,true
NPC/Class_A/Daniel/Default,2,3,3,1.0,12081,12081,true,12081,12081,true,12081,,,,,,129,true,129,240,true,240,true
NPC/Class_A/Daniel/Default,3,3,3,1.0,4763,4763,true,4763,4763,true,4763,,,,,,129,true,129,240,true,240,true
NPC/Class_A/Daniel/Default,4,3,3,1.0,1220,1220,true,1220,1220,true,1220,,,,,,129,true,129,240,true,240,true
NPC/Class_A/Deliverer/Default,0,4,4,1.0,34844,34844,true,34844,34844,true,34844,,,,,,144,true,144,261,true,261,true
NPC/Class_A/Deliverer/Default,1,4,4,1.0,25499,25499,true,25499,25499,true,25499,,,,,,144,true,144,261,true,261,true
NPC/Class_A/Deliverer/Default,2,4,4,1.0,12546,12546,true,12546,12546,true,12546,,,,,,144,true,144,261,true,261,true
NPC/Class_A/Deliverer/Default,3,4,4,1.0,3800,3800,true,3800,3800,true,3800,,,,,,144,true,144,261,true,261,true
NPC/Class_A/Deliverer/Default,4,4,4,1.0,1131,1131,true,1131,1131,true,1131,,,,,,138,true,138,261,true,261,true
NPC/Class_A/Edgar/Default,0,4,4,1.0,46812,46812,true,46812,46812,true,43456,,,,3356,,164,true,162,290,true,300,true
NPC/Class_A/Edgar/Default,1,4,4,1.0,29716,29716,true,29716,29716,true,28091,,,,1625,,164,true,162,290,true,300,true
NPC/Class_A/Edgar/Default,2,4,4,1.0,13504,13504,true,13504,13504,true,12674,,,,830,,164,true,162,290,true,300,true
NPC/Class_A/Edgar/Default,3,4,4,1.0,4785,4785,true,4785,4785,true,4559,,,,226,,164,true,162,290,true,300,true
NPC/Class_A/Edgar/Default,4,4,4,1.0,1286,1286,true,1286,1286,true,1216,,,,70,,164,true,162,290,true,300,true
NPC/Class_A/EvanKing/Default,0,4,4,1.0,27670,27670,true,27670,27670,true,27670,,,,,,116,true,116,226,true,228,true
NPC/Class_A/EvanKing/Default,1,4,4,1.0,21145,21145,true,21145,21145,true,21145,,,,,,116,true,116,226,true,228,true
NPC/Class_A/EvanKing/Default,2,4,4,1.0,12821,12821,true,12821,12821,true,12821,,,,,,116,true,116,226,true,228,true
NPC/Class_A/EvanKing/Default,3,4,4,1.0,4535,4535,true,4535,4535,true,4535,,,,,,116,true,116,226,true,228,true
NPC/Class_A/EvanKing/Default,4,4,4,1.0,1211,1211,true,1211,1211,true,1211,,,,,,116,true,116,226,true,228,true
NPC/Class_A/Florina/Default,0,4,4,1.0,31309,31309,true,31309,31309,true,31309,,,,,,198,true,198,351,true,351,true
NPC/Class_A/Florina/Default,1,4,4,1.0,19530,19530,true,19530,19530,true,19530,,,,,,198,true,198,351,true,351,true
NPC/Class_A/Florina/Default,2,4,4,1.0,9381,9381,true,9381,9381,true,9381,,,,,,198,true,198,351,true,351,true
NPC/Class_A/Florina/Default,3,4,4,1.0,3455,3455,true,3455,3455,true,3455,,,,,,196,true,196,351,true,351,true
NPC/Class_A/Florina/Default,4,4,4,1.0,865,865,true,865,865,true,865,,,,,,174,true,174,351,true,351,true
NPC/Class_A/Gelato/Default,0,4,4,1.0,39749,39749,true,39749,39749,true,39749,,,,,,93,true,93,157,true,157,true
NPC/Class_A/Gelato/Default,1,4,4,1.0,24302,24302,true,24302,24302,true,24302,,,,,,93,true,93,157,true,157,true
NPC/Class_A/Gelato/Default,2,4,4,1.0,11910,11910,true,11910,11910,true,11910,,,,,,93,true,93,157,true,157,true
NPC/Class_A/Gelato/Default,3,4,4,1.0,4239,4239,true,4239,4239,true,4239,,,,,,93,true,93,157,true,157,true
NPC/Class_A/Gelato/Default,4,4,4,1.0,1220,1220,true,1220,1220,true,1220,,,,,,92,true,92,157,true,157,true
NPC/Class_A/HeartsAndArrows/Default,0,4,4,1.0,33331,33331,true,33331,33331,true,33331,,,,,,138,true,138,238,true,238,true
NPC/Class_A/HeartsAndArrows/Default,1,4,4,1.0,24862,24862,true,24862,24862,true,24862,,,,,,138,true,138,238,true,238,true
NPC/Class_A/HeartsAndArrows/Default,2,4,4,1.0,13567,13567,true,13567,13567,true,13567,,,,,,138,true,138,238,true,238,true
NPC/Class_A/HeartsAndArrows/Default,3,4,4,1.0,4659,4659,true,4659,4659,true,4659,,,,,,138,true,138,238,true,238,true
NPC/Class_A/HeartsAndArrows/Default,4,4,4,1.0,1147,1147,true,1147,1147,true,1147,,,,,,132,true,132,238,true,238,true
NPC/Class_A/HoneyAndMilk/Default,0,4,4,1.0,39745,39745,true,39745,39745,true,39745,,,,,,125,true,125,223,true,223,true
NPC/Class_A/HoneyAndMilk/Default,1,4,4,1.0,23707,23707,true,23707,23707,true,23707,,,,,,125,true,125,223,true,223,true
NPC/Class_A/HoneyAndMilk/Default,2,4,4,1.0,11035,11035,true,11035,11035,true,11035,,,,,,125,true,125,223,true,223,true
NPC/Class_A/HoneyAndMilk/Default,3,4,4,1.0,3348,3348,true,3348,3348,true,3348,,,,,,123,true,123,223,true,223,true
NPC/Class_A/HoneyAndMilk/Default,4,4,4,1.0,1027,1027,true,1027,1027,true,1027,,,,,,123,true,123,223,true,223,true
NPC/Class_A/Jekyll/Default,0,3,3,1.0,35804,35804,true,35804,35804,true,35804,,,,,,117,true,117,214,true,214,true
NPC/Class_A/Jekyll/Default,1,3,3,1.0,26964,26964,true,26964,26964,true,26964,,,,,,117,true,117,214,true,214,true
NPC/Class_A/Jekyll/Default,2,3,3,1.0,13323,13323,true,13323,13323,true,13323,,,,,,117,true,117,214,true,214,true
NPC/Class_A/Jekyll/Default,3,3,3,1.0,4416,4416,true,4416,4416,true,4416,,,,,,112,true,112,214,true,214,true
NPC/Class_A/Jekyll/Default,4,3,3,1.0,1207,1207,true,1207,1207,true,1207,,,,,,112,true,112,214,true,214,true
NPC/Class_A/Jon/Default,0,4,4,1.0,35586,35586,true,35586,35586,true,35586,,,,,,94,true,94,148,true,148,true
NPC/Class_A/Jon/Default,1,4,4,1.0,21555,21555,true,21555,21555,true,21555,,,,,,94,true,94,148,true,148,true
NPC/Class_A/Jon/Default,2,4,4,1.0,11487,11487,true,11487,11487,true,11487,,,,,,94,true,94,148,true,148,true
NPC/Class_A/Jon/Default,3,4,4,1.0,4620,4620,true,4620,4620,true,4620,,,,,,94,true,94,148,true,148,true
NPC/Class_A/Jon/Default,4,4,4,1.0,1219,1219,true,1219,1219,true,1219,,,,,,89,true,89,148,true,148,true
NPC/Class_A/LittleCinderella/Default,0,4,4,1.0,27582,27582,true,27582,27582,true,27582,,,,,,191,true,191,328,true,328,true
NPC/Class_A/LittleCinderella/Default,1,4,4,1.0,18590,18590,true,18590,18590,true,18590,,,,,,191,true,191,328,true,328,true
NPC/Class_A/LittleCinderella/Default,2,4,4,1.0,9334,9334,true,9334,9334,true,9334,,,,,,191,true,191,328,true,328,true
NPC/Class_A/LittleCinderella/Default,3,4,4,1.0,3437,3437,true,3437,3437,true,3437,,,,,,189,true,189,328,true,328,true
NPC/Class_A/LittleCinderella/Default,4,4,4,1.0,854,854,true,854,854,true,854,,,,,,159,true,159,328,true,328,true
NPC/Class_A/MarkedWorker/Default,0,6,6,1.0,54080,54080,true,54080,54080,true,54080,,,,,,126,true,70,410,true,410,true
NPC/Class_A/MarkedWorker/Default,1,6,6,1.0,21625,21625,true,21625,21625,true,21625,,,,,,126,true,70,410,true,410,true
NPC/Class_A/MarkedWorker/Default,2,6,6,1.0,10804,10804,true,10804,10804,true,10804,,,,,,126,true,70,410,true,410,true
NPC/Class_A/MarkedWorker/Default,3,6,6,1.0,3234,3234,true,3234,3234,true,3234,,,,,,124,true,70,410,true,410,true
NPC/Class_A/MarkedWorker/Default,4,6,6,1.0,962,962,true,962,962,true,962,,,,,,105,true,55,410,true,410,true
NPC/Class_A/Miya/Default,0,4,4,1.0,28519,28519,true,28519,28519,true,28519,,,,,,174,true,174,328,true,329,true
NPC/Class_A/Miya/Default,1,4,4,1.0,19183,19183,true,19183,19183,true,19183,,,,,,177,true,177,328,true,329,true
NPC/Class_A/Miya/Default,2,4,4,1.0,8904,8904,true,8904,8904,true,8904,,,,,,177,true,177,328,true,329,true
NPC/Class_A/Miya/Default,3,4,4,1.0,3441,3441,true,3441,3441,true,3441,,,,,,170,true,170,328,true,329,true
NPC/Class_A/Miya/Default,4,4,4,1.0,853,853,true,853,853,true,853,,,,,,151,true,151,328,true,329,true
NPC/Class_A/NightfallBoozers/Default,0,3,3,1.0,50048,50048,true,50048,50048,true,50048,,,,,,178,true,178,298,true,298,true
NPC/Class_A/NightfallBoozers/Default,1,3,3,1.0,32194,32194,true,32194,32194,true,32194,,,,,,178,true,178,298,true,298,true
NPC/Class_A/NightfallBoozers/Default,2,3,3,1.0,13570,13570,true,13570,13570,true,13570,,,,,,178,true,178,298,true,298,true
NPC/Class_A/NightfallBoozers/Default,3,3,3,1.0,4693,4693,true,4693,4693,true,4693,,,,,,178,true,178,298,true,298,true
NPC/Class_A/NightfallBoozers/Default,4,3,3,1.0,1255,1255,true,1255,1255,true,1255,,,,,,167,true,167,298,true,298,true
NPC/Class_A/Pierre/Default,0,4,4,1.0,54216,54216,true,54216,54216,true,54216,,,,,,214,true,214,358,true,359,true
NPC/Class_A/Pierre/Default,1,4,4,1.0,29184,29184,true,29184,29184,true,29184,,,,,,214,true,214,358,true,359,true
NPC/Class_A/Pierre/Default,2,4,4,1.0,13396,13396,true,13396,13396,true,13396,,,,,,214,true,214,358,true,359,true
NPC/Class_A/Pierre/Default,3,4,4,1.0,4588,4588,true,4588,4588,true,4588,,,,,,214,true,214,358,true,359,true
NPC/Class_A/Pierre/Default,4,4,4,1.0,1208,1208,true,1208,1208,true,1208,,,,,,193,true,193,358,true,359,true
NPC/Class_A/Pixy/Default,0,5,5,1.0,45061,45061,true,45061,45061,true,38871,,,,6190,,95,true,95,189,true,189,true
NPC/Class_A/Pixy/Default,1,5,5,1.0,25287,25287,true,25287,25287,true,22539,,,,2748,,95,true,95,189,true,189,true
NPC/Class_A/Pixy/Default,2,5,5,1.0,14483,14483,true,14483,14483,true,12797,,,,1686,,95,true,95,189,true,189,true
NPC/Class_A/Pixy/Default,3,5,5,1.0,4855,4855,true,4855,4855,true,4253,,,,602,,87,true,87,189,true,189,true
NPC/Class_A/Pixy/Default,4,5,5,1.0,1261,1261,true,1261,1261,true,1129,,,,132,,79,true,79,189,true,189,true
NPC/Class_A/QuarterPastEight/Default,0,3,3,1.0,40558,40558,true,40558,40558,true,40558,,,,,,142,true,142,233,true,233,true
NPC/Class_A/QuarterPastEight/Default,1,3,3,1.0,26905,26905,true,26905,26905,true,26905,,,,,,142,true,142,233,true,233,true
NPC/Class_A/QuarterPastEight/Default,2,3,3,1.0,13259,13259,true,13259,13259,true,13259,,,,,,142,true,142,233,true,233,true
NPC/Class_A/QuarterPastEight/Default,3,3,3,1.0,4609,4609,true,4609,4609,true,4609,,,,,,142,true,142,233,true,233,true
NPC/Class_A/QuarterPastEight/Default,4,3,3,1.0,1210,1210,true,1210,1210,true,1210,,,,,,126,true,126,233,true,233,true
NPC/Class_A/Rachel/Default,0,4,4,1.0,28925,28925,true,28925,28925,true,28925,,,,,,186,true,186,324,true,324,true
NPC/Class_A/Rachel/Default,1,4,4,1.0,19060,19060,true,19060,19060,true,19060,,,,,,186,true,186,324,true,324,true
NPC/Class_A/Rachel/Default,2,4,4,1.0,9345,9345,true,9345,9345,true,9345,,,,,,186,true,186,324,true,324,true
NPC/Class_A/Rachel/Default,3,4,4,1.0,3445,3445,true,3445,3445,true,3445,,,,,,184,true,184,324,true,324,true
NPC/Class_A/Rachel/Default,4,4,4,1.0,854,854,true,854,854,true,854,,,,,,164,true,164,324,true,324,true
NPC/Class_A/RacingKnight/Default,0,1,1,1.0,80493,80493,true,80493,80493,true,80493,,,,,,151,true,151,252,true,252,true
NPC/Class_A/RacingKnight/Default,1,1,1,1.0,32196,32196,true,32196,32196,true,32196,,,,,,151,true,151,252,true,252,true
NPC/Class_A/RacingKnight/Default,2,1,1,1.0,16096,16096,true,16096,16096,true,16096,,,,,,151,true,151,252,true,252,true
NPC/Class_A/RacingKnight/Default,3,1,1,1.0,4827,4827,true,4827,4827,true,4827,,,,,,149,true,149,252,true,252,true
NPC/Class_A/RacingKnight/Default,4,1,1,1.0,1448,1448,true,1448,1448,true,1448,,,,,,149,true,149,252,true,252,true
NPC/Class_A/Rohm/Default,0,5,5,1.0,41806,41806,true,41806,41806,true,35390,,,,6416,,152,true,130,275,true,280,true
NPC/Class_A/Rohm/Default,1,5,5,1.0,22582,22582,true,22582,22582,true,20018,,,,2564,,152,true,130,275,true,280,true
NPC/Class_A/Rohm/Default,2,5,5,1.0,10781,10781,true,10781,10781,true,9501,,,,1280,,152,true,130,275,true,280,true
NPC/Class_A/Rohm/Default,3,5,5,1.0,3923,3923,true,3923,3923,true,3544,,,,379,,151,true,130,275,true,280,true
NPC/Class_A/Rohm/Default,4,5,5,1.0,1035,1035,true,1035,1035,true,923,,,,112,,141,true,130,275,true,280,true
NPC/Class_A/Solferino/Default,0,4,4,1.0,42699,42699,true,42699,42699,true,42699,,,,,,129,true,129,264,true,264,true
NPC/Class_A/Solferino/Default,1,4,4,1.0,26570,26570,true,26570,26570,true,26570,,,,,,129,true,129,264,true,264,true
NPC/Class_A/Solferino/Default,2,4,4,1.0,11940,11940,true,11940,11940,true,11940,,,,,,129,true,129,264,true,264,true
NPC/Class_A/Solferino/Default,3,4,4,1.0,4296,4296,true,4296,4296,true,4296,,,,,,129,true,129,264,true,264,true
NPC/Class_A/Solferino/Default,4,4,4,1.0,964,964,true,964,964,true,964,,,,,,117,true,117,264,true,264,true
NPC/Class_A/SundayLounge/Default,0,3,3,1.0,37122,37122,true,37122,37122,true,37122,,,,,,189,true,189,324,true,324,true
NPC/Class_A/SundayLounge/Default,1,3,3,1.0,25412,25412,true,25412,25412,true,25412,,,,,,189,true,189,324,true,324,true
NPC/Class_A/SundayLounge/Default,2,3,3,1.0,13302,13302,true,13302,13302,true,13302,,,,,,189,true,189,324,true,324,true
NPC/Class_A/SundayLounge/Default,3,3,3,1.0,4604,4604,true,4604,4604,true,4604,,,,,,187,true,187,324,true,324,true
NPC/Class_A/SundayLounge/Default,4,3,3,1.0,1195,1195,true,1195,1195,true,1195,,,,,,167,true,167,324,true,324,true
NPC/Class_A/TheVentus/Default,0,4,4,1.0,48847,48847,true,48847,48847,true,48847,,,,,,159,true,159,348,true,348,true
NPC/Class_A/TheVentus/Default,1,4,4,1.0,27262,27262,true,27262,27262,true,27262,,,,,,159,true,159,348,true,348,true
NPC/Class_A/TheVentus/Default,2,4,4,1.0,13425,13425,true,13425,13425,true,13425,,,,,,159,true,159,348,true,348,true
NPC/Class_A/TheVentus/Default,3,4,4,1.0,4692,4692,true,4692,4692,true,4692,,,,,,159,true,159,348,true,348,true
NPC/Class_A/TheVentus/Default,4,4,4,1.0,1348,1348,true,1348,1348,true,1348,,,,,,151,true,151,348,true,348,true
NPC/Class_A/VoicepipeCafe/Default,0,4,4,1.0,38396,38396,true,38396,38396,true,38396,,,,,,129,true,129,242,true,242,true
NPC/Class_A/VoicepipeCafe/Default,1,4,4,1.0,22970,22970,true,22970,22970,true,22970,,,,,,129,true,129,242,true,242,true
NPC/Class_A/VoicepipeCafe/Default,2,4,4,1.0,11321,11321,true,11321,11321,true,11321,,,,,,129,true,129,242,true,242,true
NPC/Class_A/VoicepipeCafe/Default,3,4,4,1.0,4603,4603,true,4603,4603,true,4603,,,,,,129,true,129,242,true,242,true
NPC/Class_A/VoicepipeCafe/Default,4,4,4,1.0,1219,1219,true,1219,1219,true,1219,,,,,,125,true,125,242,true,242,true
NPC/Class_A/WisdomBooks/Default,0,3,3,1.0,37430,37430,true,37430,37430,true,37430,,,,,,179,true,179,309,true,309,true
NPC/Class_A/WisdomBooks/Default,1,3,3,1.0,24221,24221,true,24221,24221,true,24221,,,,,,179,true,179,309,true,309,true
NPC/Class_A/WisdomBooks/Default,2,3,3,1.0,12495,12495,true,12495,12495,true,12495,,,,,,179,true,179,309,true,309,true
NPC/Class_A/WisdomBooks/Default,3,3,3,1.0,4614,4614,true,4614,4614,true,4614,,,,,,179,true,179,309,true,309,true
NPC/Class_A/WisdomBooks/Default,4,3,3,1.0,1180,1180,true,1180,1180,true,1180,,,,,,175,true,175,309,true,309,true
NPC/Class_S/AlexNPC/Default,0,3,3,1.0,66944,66944,true,66944,66944,true,66944,,,,,,153,true,153,275,true,275,true
NPC/Class_S/AlexNPC/Default,1,3,3,1.0,33143,33143,true,33143,33143,true,33143,,,,,,153,true,153,275,true,275,true
NPC/Class_S/AlexNPC/Default,2,3,3,1.0,16713,16713,true,16713,16713,true,16713,,,,,,153,true,153,275,true,275,true
NPC/Class_S/AlexNPC/Default,3,3,3,1.0,7621,7621,true,7621,7621,true,7621,,,,,,153,true,153,275,true,275,true
NPC/Class_S/AlexNPC/Default,4,3,3,1.0,2353,2353,true,2353,2353,true,2353,,,,,,147,true,147,275,true,275,true
NPC/Class_S/AndersenFemale/Default,0,7,7,1.0,76310,76310,true,76310,76310,true,64421,,,,11889,,213,true,174,404,true,404,true
NPC/Class_S/AndersenFemale/Default,1,7,7,1.0,42764,42764,true,42764,42764,true,38012,,,,4752,,213,true,174,404,true,404,true
NPC/Class_S/AndersenFemale/Default,2,7,7,1.0,20014,20014,true,20014,20014,true,17642,,,,2372,,213,true,174,404,true,404,true
NPC/Class_S/AndersenFemale/Default,3,7,7,1.0,6743,6743,true,6743,6743,true,6034,,,,709,,213,true,174,404,true,404,true
NPC/Class_S/AndersenFemale/Default,4,7,7,1.0,2080,2080,true,2080,2080,true,1873,,,,207,,209,true,170,404,true,404,true
NPC/Class_S/AshleyFoot/Default,0,6,6,1.0,138328,138328,true,138328,138328,true,119722,,,,18606,,217,true,211,437,true,437,true
NPC/Class_S/AshleyFoot/Default,1,6,6,1.0,75942,75942,true,75942,75942,true,68495,,,,7447,,203,true,197,437,true,437,true
NPC/Class_S/AshleyFoot/Default,2,6,6,1.0,54648,54648,true,54648,54648,true,50876,,,,3772,,202,true,196,437,true,437,true
NPC/Class_S/AshleyFoot/Default,3,6,6,1.0,41512,41512,true,41512,41512,true,40236,,,,1276,,201,true,195,437,true,437,true
NPC/Class_S/AshleyFoot/Default,4,6,6,1.0,37602,37602,true,37602,37602,true,37164,,,,438,,192,true,186,437,true,437,true
NPC/Class_S/AshleyNPC/Default,0,4,4,1.0,103986,103986,true,103986,103986,true,103986,,,,,,189,true,189,404,true,404,true
NPC/Class_S/AshleyNPC/Default,1,4,4,1.0,44517,44517,true,44517,44517,true,44517,,,,,,189,true,189,404,true,404,true
NPC/Class_S/AshleyNPC/Default,2,4,4,1.0,21300,21300,true,21300,21300,true,21300,,,,,,189,true,189,404,true,404,true
NPC/Class_S/AshleyNPC/Default,3,4,4,1.0,6345,6345,true,6345,6345,true,6345,,,,,,189,true,189,404,true,404,true
NPC/Class_S/AshleyNPC/Default,4,4,4,1.0,2092,2092,true,2092,2092,true,2092,,,,,,181,true,181,404,true,404,true
NPC/Class_S/AshleyWorker/Default,0,4,4,1.0,59515,59515,true,59515,59515,true,59515,,,,,,149,true,149,361,true,362,true
NPC/Class_S/AshleyWorker/Default,1,4,4,1.0,27724,27724,true,27724,27724,true,27724,,,,,,149,true,149,361,true,362,true
NPC/Class_S/AshleyWorker/Default,2,4,4,1.0,12659,12659,true,12659,12659,true,12659,,,,,,149,true,149,361,true,362,true
NPC/Class_S/AshleyWorker/Default,3,4,4,1.0,3856,3856,true,3856,3856,true,3856,,,,,,147,true,147,361,true,362,true
NPC/Class_S/AshleyWorker/Default,4,4,4,1.0,1262,1262,true,1262,1262,true,1262,,,,,,130,true,130,361,true,362,true
NPC/Class_S/Augulia/Default,0,4,4,1.0,80080,80080,true,80080,80080,true,80080,,,,,,177,true,177,324,true,324,true
NPC/Class_S/Augulia/Default,1,4,4,1.0,44604,44604,true,44604,44604,true,44604,,,,,,177,true,177,324,true,324,true
NPC/Class_S/Augulia/Default,2,4,4,1.0,23359,23359,true,23359,23359,true,23359,,,,,,177,true,177,324,true,324,true
NPC/Class_S/Augulia/Default,3,4,4,1.0,7154,7154,true,7154,7154,true,7154,,,,,,177,true,177,324,true,324,true
NPC/Class_S/Augulia/Default,4,4,4,1.0,2293,2293,true,2293,2293,true,2293,,,,,,176,true,176,324,true,324,true
NPC/Class_S/Bellboy/Default,0,4,4,1.0,44380,44380,true,44380,44380,true,44380,,,,,,62,true,61,84,true,84,true
NPC/Class_S/Bellboy/Default,1,4,4,1.0,41194,41194,true,41194,41194,true,41194,,,,,,61,true,60,84,true,84,true
NPC/Class_S/Bellboy/Default,2,4,4,1.0,24777,24777,true,24777,24777,true,24777,,,,,,61,true,60,84,true,84,true
NPC/Class_S/Bellboy/Default,3,4,4,1.0,7627,7627,true,7627,7627,true,7627,,,,,,61,true,60,84,true,84,true
NPC/Class_S/Bellboy/Default,4,4,4,1.0,2090,2090,true,2090,2090,true,2090,,,,,,60,true,59,84,true,84,true
NPC/Class_S/BoboNPC/Default,0,3,3,1.0,47335,47335,true,47335,47335,true,47335,,,,,,107,true,107,230,true,231,true
NPC/Class_S/BoboNPC/Default,1,3,3,1.0,24360,24360,true,24360,24360,true,24360,,,,,,107,true,107,230,true,231,true
NPC/Class_S/BoboNPC/Default,2,3,3,1.0,13613,13613,true,13613,13613,true,13613,,,,,,107,true,107,230,true,231,true
NPC/Class_S/BoboNPC/Default,3,3,3,1.0,5044,5044,true,5044,5044,true,5044,,,,,,107,true,107,230,true,231,true
NPC/Class_S/BoboNPC/Default,4,3,3,1.0,1933,1933,true,1933,1933,true,1933,,,,,,105,true,105,230,true,231,true
NPC/Class_S/CaesarNPC/Default,0,3,3,1.0,39511,39511,true,39511,39511,true,39511,,,,,,168,true,168,297,true,297,true
NPC/Class_S/CaesarNPC/Default,1,3,3,1.0,20762,20762,true,20762,20762,true,20762,,,,,,168,true,168,297,true,297,true
NPC/Class_S/CaesarNPC/Default,2,3,3,1.0,14127,14127,true,14127,14127,true,14127,,,,,,168,true,168,297,true,297,true
NPC/Class_S/CaesarNPC/Default,3,3,3,1.0,5814,5814,true,5814,5814,true,5814,,,,,,168,true,168,297,true,297,true
NPC/Class_S/CaesarNPC/Default,4,3,3,1.0,2352,2352,true,2352,2352,true,2352,,,,,,168,true,168,297,true,297,true
NPC/Class_S/CeremoniaryMaster/Default,0,4,4,1.0,91603,91603,true,91603,91603,true,89183,,,,2420,,287,true,285,454,true,454,true
NPC/Class_S/CeremoniaryMaster/Default,1,4,4,1.0,43634,43634,true,43634,43634,true,42667,,,,967,,287,true,285,454,true,454,true
NPC/Class_S/CeremoniaryMaster/Default,2,4,4,1.0,20596,20596,true,20596,20596,true,20113,,,,483,,287,true,285,454,true,454,true
NPC/Class_S/CeremoniaryMaster/Default,3,4,4,1.0,6541,6541,true,6541,6541,true,6397,,,,144,,285,true,283,454,true,454,true
NPC/Class_S/CeremoniaryMaster/Default,4,4,4,1.0,1921,1921,true,1921,1921,true,1879,,,,42,,264,true,262,454,true,454,true
NPC/Class_S/Ginkgo/Default,0,4,4,1.0,53121,53121,true,53121,53121,true,53121,,,,,,102,true,102,238,true,238,true
NPC/Class_S/Ginkgo/Default,1,4,4,1.0,34132,34132,true,34132,34132,true,34132,,,,,,102,true,102,238,true,238,true
NPC/Class_S/Ginkgo/Default,2,4,4,1.0,18035,18035,true,18035,18035,true,18035,,,,,,102,true,102,238,true,238,true
NPC/Class_S/Ginkgo/Default,3,4,4,1.0,6258,6258,true,6258,6258,true,6258,,,,,,102,true,102,238,true,238,true
NPC/Class_S/Ginkgo/Default,4,4,4,1.0,1861,1861,true,1861,1861,true,1861,,,,,,96,true,96,238,true,238,true
NPC/Class_S/Hunt/Default,0,4,4,1.0,70832,70832,true,70832,70832,true,65152,,,,5680,,175,true,154,307,true,307,true
NPC/Class_S/Hunt/Default,1,4,4,1.0,35496,35496,true,35496,35496,true,32622,,,,2874,,175,true,154,307,true,307,true
NPC/Class_S/Hunt/Default,2,4,4,1.0,19655,19655,true,19655,19655,true,17963,,,,1692,,175,true,154,307,true,307,true
NPC/Class_S/Hunt/Default,3,4,4,1.0,6501,6501,true,6501,6501,true,6146,,,,355,,174,true,154,307,true,307,true
NPC/Class_S/Hunt/Default,4,4,4,1.0,2462,2462,true,2462,2462,true,2336,,,,126,,171,true,151,307,true,307,true
NPC/Class_S/MrWatch/Default,0,6,6,1.0,57083,57083,true,57083,57083,true,50080,,,,7003,,172,true,159,323,true,327,true
NPC/Class_S/MrWatch/Default,1,6,6,1.0,32714,32714,true,32714,32714,true,29244,,,,3470,,172,true,159,323,true,327,true
NPC/Class_S/MrWatch/Default,2,6,6,1.0,16343,16343,true,16343,16343,true,14510,,,,1833,,172,true,159,323,true,327,true
NPC/Class_S/MrWatch/Default,3,6,6,1.0,6650,6650,true,6650,6650,true,6150,,,,500,,171,true,159,323,true,327,true
NPC/Class_S/MrWatch/Default,4,6,6,1.0,2045,2045,true,2045,2045,true,1895,,,,150,,154,true,144,323,true,327,true
NPC/Class_S/MrsCosmos/Default,0,4,4,1.0,60790,60790,true,60790,60790,true,60790,,,,,,138,true,138,310,true,310,true
NPC/Class_S/MrsCosmos/Default,1,4,4,1.0,33829,33829,true,33829,33829,true,33829,,,,,,138,true,138,310,true,310,true
NPC/Class_S/MrsCosmos/Default,2,4,4,1.0,18031,18031,true,18031,18031,true,18031,,,,,,138,true,138,310,true,310,true
NPC/Class_S/MrsCosmos/Default,3,4,4,1.0,5772,5772,true,5772,5772,true,5772,,,,,,138,true,138,310,true,310,true
NPC/Class_S/MrsCosmos/Default,4,4,4,1.0,1896,1896,true,1896,1896,true,1896,,,,,,134,true,134,310,true,310,true
NPC/Class_S/MyBarley/Default,0,1,1,1.0,25022,25022,true,25022,25022,true,25022,,,,,,129,true,129,207,true,207,true
NPC/Class_S/MyBarley/Default,1,1,1,1.0,15970,15970,true,15970,15970,true,15970,,,,,,129,true,129,207,true,207,true
NPC/Class_S/MyBarley/Default,2,1,1,1.0,8295,8295,true,8295,8295,true,8295,,,,,,129,true,129,207,true,207,true
NPC/Class_S/MyBarley/Default,3,1,1,1.0,3571,3571,true,3571,3571,true,3571,,,,,,129,true,129,207,true,207,true
NPC/Class_S/MyBarley/Default,4,1,1,1.0,1219,1219,true,1219,1219,true,1219,,,,,,129,true,129,207,true,207,true
NPC/Class_S/Toxic/Default,0,4,4,1.0,66474,66474,true,66474,66474,true,66474,,,,,,182,true,182,346,true,346,true
NPC/Class_S/Toxic/Default,1,4,4,1.0,35902,35902,true,35902,35902,true,35902,,,,,,182,true,182,346,true,346,true
NPC/Class_S/Toxic/Default,2,4,4,1.0,19915,19915,true,19915,19915,true,19915,,,,,,182,true,182,346,true,346,true
NPC/Class_S/Toxic/Default,3,4,4,1.0,6393,6393,true,6393,6393,true,6393,,,,,,182,true,182,346,true,346,true
NPC/Class_S/Toxic/Default,4,4,4,1.0,1836,1836,true,1836,1836,true,1836,,,,,,167,true,167,346,true,346,true
