assembly_id,logical_character_id,width,height,resolution,texture_count
Boss/AshleyBoss/Default,Boss/AshleyBoss,2048,2048,2048×2048,17
Boss/AshleyBoss/Default,Boss/AshleyBoss,1024,1024,1024×1024,20
Boss/AshleyBoss/Default,Boss/AshleyBoss,1024,512,1024×512,2
Boss/AshleyBoss/Default,Boss/AshleyBoss,512,512,512×512,25
Boss/AshleyBoss/Default,Boss/AshleyBoss,512,256,512×256,3
Boss/AshleyBoss/Default,Boss/AshleyBoss,256,256,256×256,7
Boss/AshleyBoss/Default,Boss/AshleyBoss,256,128,256×128,1
Boss/AshleyBoss/Default,Boss/AshleyBoss,128,128,128×128,4
Boss/AshleyBoss/Default,Boss/AshleyBoss,64,64,64×64,1
Boss/AshleyBoss/Default,Boss/AshleyBoss,1,1,1×1,1
Boss/AshleyBoss/InCar,Boss/AshleyBoss,2048,2048,2048×2048,17
Boss/AshleyBoss/InCar,Boss/AshleyBoss,1024,1024,1024×1024,28
Boss/AshleyBoss/InCar,Boss/AshleyBoss,1024,512,1024×512,4
Boss/AshleyBoss/InCar,Boss/AshleyBoss,512,512,512×512,31
Boss/AshleyBoss/InCar,Boss/AshleyBoss,512,256,512×256,4
Boss/AshleyBoss/InCar,Boss/AshleyBoss,256,256,256×256,9
Boss/AshleyBoss/InCar,Boss/AshleyBoss,256,128,256×128,1
Boss/AshleyBoss/InCar,Boss/AshleyBoss,128,128,128×128,4
Boss/AshleyBoss/InCar,Boss/AshleyBoss,64,64,64×64,1
Boss/AshleyBoss/InCar,Boss/AshleyBoss,1,1,1×1,1
Boss/ChavAlex/Default,Boss/ChavAlex,2048,2048,2048×2048,7
Boss/ChavAlex/Default,Boss/ChavAlex,1024,1024,1024×1024,10
Boss/ChavAlex/Default,Boss/ChavAlex,1024,512,1024×512,2
Boss/ChavAlex/Default,Boss/ChavAlex,512,512,512×512,12
Boss/ChavAlex/Default,Boss/ChavAlex,512,256,512×256,2
Boss/ChavAlex/Default,Boss/ChavAlex,256,256,256×256,5
Boss/ChavAlex/Default,Boss/ChavAlex,128,128,128×128,2
Boss/ChavAlex/Default,Boss/ChavAlex,64,64,64×64,1
Boss/ChavBobo/Default,Boss/ChavBobo,2048,2048,2048×2048,6
Boss/ChavBobo/Default,Boss/ChavBobo,1024,1024,1024×1024,9
Boss/ChavBobo/Default,Boss/ChavBobo,512,512,512×512,11
Boss/ChavBobo/Default,Boss/ChavBobo,512,256,512×256,2
Boss/ChavBobo/Default,Boss/ChavBobo,256,256,256×256,5
Boss/ChavBobo/Default,Boss/ChavBobo,256,128,256×128,2
Boss/ChavBobo/Default,Boss/ChavBobo,128,128,128×128,1
Boss/ChavBobo/Default,Boss/ChavBobo,64,64,64×64,1
Boss/ChavCaesar/Default,Boss/ChavCaesar,2048,2048,2048×2048,4
Boss/ChavCaesar/Default,Boss/ChavCaesar,1024,1024,1024×1024,9
Boss/ChavCaesar/Default,Boss/ChavCaesar,1024,512,1024×512,2
Boss/ChavCaesar/Default,Boss/ChavCaesar,512,512,512×512,10
Boss/ChavCaesar/Default,Boss/ChavCaesar,512,256,512×256,2
Boss/ChavCaesar/Default,Boss/ChavCaesar,256,256,256×256,5
Boss/ChavCaesar/Default,Boss/ChavCaesar,128,128,128×128,1
Boss/ChavCaesar/Default,Boss/ChavCaesar,64,64,64×64,1
Boss/EliteKnight/Default,Boss/EliteKnight,2048,2048,2048×2048,9
Boss/EliteKnight/Default,Boss/EliteKnight,1024,1024,1024×1024,16
Boss/EliteKnight/Default,Boss/EliteKnight,512,512,512×512,8
Boss/KnightStatue/Default,Boss/KnightStatue,2048,2048,2048×2048,10
Boss/KnightStatue/Default,Boss/KnightStatue,1024,1024,1024×1024,6
Boss/KnightStatue/Default,Boss/KnightStatue,512,512,512×512,3
Boss/KnightStatue/Default,Boss/KnightStatue,256,256,256×256,2
Boss/KnightStatue/Default,Boss/KnightStatue,1024,32,1024×32,1
Boss/KnightStatueScb/Default,Boss/KnightStatueScb,2048,2048,2048×2048,13
Boss/KnightStatueScb/Default,Boss/KnightStatueScb,1024,1024,1024×1024,7
Boss/KnightStatueScb/Default,Boss/KnightStatueScb,512,512,512×512,1
Boss/KnightStatueScb/Default,Boss/KnightStatueScb,1024,32,1024×32,1
Boss/Manager/Default,Boss/Manager,2048,2048,2048×2048,4
Boss/Manager/Default,Boss/Manager,1024,1024,1024×1024,4
Boss/Manager/Default,Boss/Manager,512,512,512×512,5
Boss/Manager/Default,Boss/Manager,256,256,256×256,2
Boss/Paraffin/Default,Boss/Paraffin,2048,2048,2048×2048,6
Boss/Paraffin/Default,Boss/Paraffin,1024,1024,1024×1024,7
Boss/Paraffin/Default,Boss/Paraffin,512,512,512×512,2
Boss/Paraffin/Default,Boss/Paraffin,256,256,256×256,1
Boss/Predator/Default,Boss/Predator,2048,2048,2048×2048,10
Boss/Predator/Default,Boss/Predator,1024,1024,1024×1024,4
Boss/QuarterBack/Default,Boss/QuarterBack,2048,2048,2048×2048,9
Boss/QuarterBack/Default,Boss/QuarterBack,1024,1024,1024×1024,6
Boss/QuarterBack/Default,Boss/QuarterBack,512,512,512×512,8
Boss/QuarterBack/Default,Boss/QuarterBack,256,256,256×256,2
Boss/RedBack/Default,Boss/RedBack,2048,2048,2048×2048,6
Boss/RedBack/Default,Boss/RedBack,1024,1024,1024×1024,11
Boss/RedBack/Default,Boss/RedBack,512,512,512×512,10
Boss/RedBack/Default,Boss/RedBack,256,256,256×256,4
Boss/RedBack/Default,Boss/RedBack,64,64,64×64,1
Boss/RexBoss/Default,Boss/RexBoss,2048,2048,2048×2048,10
Boss/RexBoss/Default,Boss/RexBoss,1024,1024,1024×1024,20
Boss/RexBoss/Default,Boss/RexBoss,1024,512,1024×512,2
Boss/RexBoss/Default,Boss/RexBoss,512,512,512×512,24
Boss/RexBoss/Default,Boss/RexBoss,256,256,256×256,7
Boss/RexBoss/Default,Boss/RexBoss,128,128,128×128,3
Boss/RexBoss/Default,Boss/RexBoss,64,64,64×64,1
Boss/Supervisor/Default,Boss/Supervisor,2048,2048,2048×2048,8
Boss/Supervisor/Default,Boss/Supervisor,1024,1024,1024×1024,12
Boss/Supervisor/Default,Boss/Supervisor,512,512,512×512,5
Boss/Supervisor/Default,Boss/Supervisor,256,256,256×256,1
Boss/Vulture/Default,Boss/Vulture,2048,2048,2048×2048,10
Boss/Vulture/Default,Boss/Vulture,1024,1024,1024×1024,15
Boss/Vulture/Default,Boss/Vulture,512,512,512×512,12
Boss/Vulture/Default,Boss/Vulture,256,256,256×256,2
Boss/Vulture/Default,Boss/Vulture,128,128,128×128,1
Hero/Alf/Default/Combat,Hero/Alf,2048,2048,2048×2048,8
Hero/Alf/Default/Combat,Hero/Alf,1024,1024,1024×1024,20
Hero/Alf/Default/Combat,Hero/Alf,1024,512,1024×512,3
Hero/Alf/Default/Combat,Hero/Alf,512,512,512×512,32
Hero/Alf/Default/Combat,Hero/Alf,512,256,512×256,3
Hero/Alf/Default/Combat,Hero/Alf,256,256,256×256,16
Hero/Alf/Default/Combat,Hero/Alf,256,128,256×128,1
Hero/Alf/Default/Combat,Hero/Alf,128,128,128×128,2
Hero/Alf/Default/Combat,Hero/Alf,128,64,128×64,1
Hero/Alf/Default/Combat,Hero/Alf,64,64,64×64,1
Hero/Alf/Default/Show,Hero/Alf,2048,2048,2048×2048,1
Hero/Alf/Default/Show,Hero/Alf,1024,1024,1024×1024,5
Hero/Alf/Default/Show,Hero/Alf,512,512,512×512,9
Hero/Alf/Default/Show,Hero/Alf,256,256,256×256,4
Hero/Alf/Default/Show,Hero/Alf,128,128,128×128,1
Hero/Alf/Default/Show,Hero/Alf,64,64,64×64,1
Hero/Argos/Default/Combat,Hero/Argos,2048,2048,2048×2048,8
Hero/Argos/Default/Combat,Hero/Argos,1024,1024,1024×1024,14
Hero/Argos/Default/Combat,Hero/Argos,1024,512,1024×512,2
Hero/Argos/Default/Combat,Hero/Argos,256,1536,256×1536,1
Hero/Argos/Default/Combat,Hero/Argos,512,512,512×512,16
Hero/Argos/Default/Combat,Hero/Argos,512,256,512×256,5
Hero/Argos/Default/Combat,Hero/Argos,256,256,256×256,6
Hero/Argos/Default/Combat,Hero/Argos,256,128,256×128,3
Hero/Argos/Default/Combat,Hero/Argos,128,128,128×128,2
Hero/Argos/Default/Combat,Hero/Argos,128,64,128×64,1
Hero/Argos/Default/Combat,Hero/Argos,64,64,64×64,1
Hero/Argos/Default/Show,Hero/Argos,2048,2048,2048×2048,1
Hero/Argos/Default/Show,Hero/Argos,1024,1024,1024×1024,3
Hero/Argos/Default/Show,Hero/Argos,512,512,512×512,3
Hero/Argos/Default/Show,Hero/Argos,256,256,256×256,3
Hero/Argos/Default/Show,Hero/Argos,128,128,128×128,1
Hero/Argos/Default/Show,Hero/Argos,64,64,64×64,1
Hero/Ashley/Default/Combat,Hero/Ashley,2048,2048,2048×2048,17
Hero/Ashley/Default/Combat,Hero/Ashley,1024,1024,1024×1024,24
Hero/Ashley/Default/Combat,Hero/Ashley,1024,512,1024×512,2
Hero/Ashley/Default/Combat,Hero/Ashley,512,512,512×512,33
Hero/Ashley/Default/Combat,Hero/Ashley,512,256,512×256,3
Hero/Ashley/Default/Combat,Hero/Ashley,256,256,256×256,9
Hero/Ashley/Default/Combat,Hero/Ashley,256,128,256×128,1
Hero/Ashley/Default/Combat,Hero/Ashley,128,128,128×128,4
Hero/Ashley/Default/Combat,Hero/Ashley,64,64,64×64,1
Hero/Ashley/Default/Combat,Hero/Ashley,1,1,1×1,1
Hero/Ashley/Default/Show,Hero/Ashley,2048,2048,2048×2048,1
Hero/Ashley/Default/Show,Hero/Ashley,1024,1024,1024×1024,10
Hero/Ashley/Default/Show,Hero/Ashley,1024,512,1024×512,2
Hero/Ashley/Default/Show,Hero/Ashley,512,512,512×512,10
Hero/Ashley/Default/Show,Hero/Ashley,512,256,512×256,1
Hero/Ashley/Default/Show,Hero/Ashley,256,256,256×256,7
Hero/Ashley/Default/Show,Hero/Ashley,128,128,128×128,1
Hero/Ashley/Default/Show,Hero/Ashley,64,64,64×64,1
Hero/Ashley/World/Combat,Hero/Ashley,2048,2048,2048×2048,10
Hero/Ashley/World/Combat,Hero/Ashley,1024,1024,1024×1024,10
Hero/Ashley/World/Combat,Hero/Ashley,512,512,512×512,16
Hero/Ashley/World/Combat,Hero/Ashley,256,256,256×256,5
Hero/Ashley/World/Combat,Hero/Ashley,128,128,128×128,2
Hero/Ashley/World/Combat,Hero/Ashley,64,64,64×64,1
Hero/Bentham/Default/Combat,Hero/Bentham,2048,2048,2048×2048,10
Hero/Bentham/Default/Combat,Hero/Bentham,1024,1024,1024×1024,16
Hero/Bentham/Default/Combat,Hero/Bentham,1024,512,1024×512,2
Hero/Bentham/Default/Combat,Hero/Bentham,512,1024,512×1024,1
Hero/Bentham/Default/Combat,Hero/Bentham,512,512,512×512,19
Hero/Bentham/Default/Combat,Hero/Bentham,512,256,512×256,1
Hero/Bentham/Default/Combat,Hero/Bentham,256,256,256×256,7
Hero/Bentham/Default/Combat,Hero/Bentham,128,128,128×128,2
Hero/Bentham/Default/Combat,Hero/Bentham,64,64,64×64,1
Hero/Bentham/Default/Show,Hero/Bentham,2048,2048,2048×2048,2
Hero/Bentham/Default/Show,Hero/Bentham,1024,1024,1024×1024,8
Hero/Bentham/Default/Show,Hero/Bentham,512,1024,512×1024,1
Hero/Bentham/Default/Show,Hero/Bentham,512,512,512×512,6
Hero/Bentham/Default/Show,Hero/Bentham,256,256,256×256,4
Hero/Bentham/Default/Show,Hero/Bentham,128,128,128×128,1
Hero/Bentham/Default/Show,Hero/Bentham,64,64,64×64,1
Hero/Cynthia/Default/Combat,Hero/Cynthia,2048,2048,2048×2048,9
Hero/Cynthia/Default/Combat,Hero/Cynthia,1024,1024,1024×1024,24
Hero/Cynthia/Default/Combat,Hero/Cynthia,1024,512,1024×512,2
Hero/Cynthia/Default/Combat,Hero/Cynthia,512,512,512×512,41
Hero/Cynthia/Default/Combat,Hero/Cynthia,512,256,512×256,3
Hero/Cynthia/Default/Combat,Hero/Cynthia,256,256,256×256,15
Hero/Cynthia/Default/Combat,Hero/Cynthia,128,128,128×128,3
Hero/Cynthia/Default/Combat,Hero/Cynthia,64,64,64×64,1
Hero/Cynthia/Default/Show,Hero/Cynthia,2048,2048,2048×2048,1
Hero/Cynthia/Default/Show,Hero/Cynthia,1024,1024,1024×1024,3
Hero/Cynthia/Default/Show,Hero/Cynthia,1024,512,1024×512,2
Hero/Cynthia/Default/Show,Hero/Cynthia,512,512,512×512,6
Hero/Cynthia/Default/Show,Hero/Cynthia,512,256,512×256,2
Hero/Cynthia/Default/Show,Hero/Cynthia,256,256,256×256,5
Hero/Cynthia/Default/Show,Hero/Cynthia,128,128,128×128,1
Hero/Cynthia/Default/Show,Hero/Cynthia,64,64,64×64,2
Hero/Firtho/Default/Combat,Hero/Firtho,2048,2048,2048×2048,8
Hero/Firtho/Default/Combat,Hero/Firtho,1024,1024,1024×1024,14
Hero/Firtho/Default/Combat,Hero/Firtho,512,512,512×512,18
Hero/Firtho/Default/Combat,Hero/Firtho,256,256,256×256,7
Hero/Firtho/Default/Combat,Hero/Firtho,128,128,128×128,1
Hero/Firtho/Default/Combat,Hero/Firtho,64,64,64×64,1
Hero/Firtho/Default/Show,Hero/Firtho,1024,1024,1024×1024,2
Hero/Firtho/Default/Show,Hero/Firtho,512,512,512×512,4
Hero/Firtho/Default/Show,Hero/Firtho,256,256,256×256,4
Hero/Firtho/Default/Show,Hero/Firtho,128,128,128×128,1
Hero/Firtho/Default/Show,Hero/Firtho,64,64,64×64,1
Hero/Gratia/Default/Combat,Hero/Gratia,2048,2048,2048×2048,14
Hero/Gratia/Default/Combat,Hero/Gratia,1024,1024,1024×1024,31
Hero/Gratia/Default/Combat,Hero/Gratia,512,512,512×512,31
Hero/Gratia/Default/Combat,Hero/Gratia,256,256,256×256,8
Hero/Gratia/Default/Combat,Hero/Gratia,128,128,128×128,1
Hero/Gratia/Default/Combat,Hero/Gratia,64,64,64×64,1
Hero/Gratia/Default/Show,Hero/Gratia,2048,2048,2048×2048,1
Hero/Gratia/Default/Show,Hero/Gratia,1024,1024,1024×1024,2
Hero/Gratia/Default/Show,Hero/Gratia,512,512,512×512,4
Hero/Gratia/Default/Show,Hero/Gratia,256,256,256×256,4
Hero/Gratia/Default/Show,Hero/Gratia,128,128,128×128,1
Hero/Gratia/Default/Show,Hero/Gratia,64,64,64×64,1
Hero/Grimm/Default/Combat,Hero/Grimm,2048,2048,2048×2048,9
Hero/Grimm/Default/Combat,Hero/Grimm,1024,1024,1024×1024,12
Hero/Grimm/Default/Combat,Hero/Grimm,512,512,512×512,18
Hero/Grimm/Default/Combat,Hero/Grimm,256,256,256×256,11
Hero/Grimm/Default/Combat,Hero/Grimm,128,128,128×128,2
Hero/Grimm/Default/Combat,Hero/Grimm,64,64,64×64,1
Hero/Grimm/Default/Show,Hero/Grimm,2048,2048,2048×2048,2
Hero/Grimm/Default/Show,Hero/Grimm,1024,1024,1024×1024,2
Hero/Grimm/Default/Show,Hero/Grimm,512,512,512×512,3
Hero/Grimm/Default/Show,Hero/Grimm,256,256,256×256,4
Hero/Grimm/Default/Show,Hero/Grimm,128,128,128×128,1
Hero/Grimm/Default/Show,Hero/Grimm,64,64,64×64,1
Hero/Guna/Default/Combat,Hero/Guna,2048,2048,2048×2048,8
Hero/Guna/Default/Combat,Hero/Guna,1024,1024,1024×1024,15
Hero/Guna/Default/Combat,Hero/Guna,512,512,512×512,22
Hero/Guna/Default/Combat,Hero/Guna,256,256,256×256,9
Hero/Guna/Default/Combat,Hero/Guna,128,128,128×128,1
Hero/Guna/Default/Combat,Hero/Guna,64,64,64×64,1
Hero/Guna/Default/Combat,Hero/Guna,128,1,128×1,1
Hero/Guna/Default/Show,Hero/Guna,2048,2048,2048×2048,1
Hero/Guna/Default/Show,Hero/Guna,1024,1024,1024×1024,5
Hero/Guna/Default/Show,Hero/Guna,512,512,512×512,6
Hero/Guna/Default/Show,Hero/Guna,256,256,256×256,7
Hero/Guna/Default/Show,Hero/Guna,128,128,128×128,1
Hero/Guna/Default/Show,Hero/Guna,64,64,64×64,1
Hero/Hugin/Default/Combat,Hero/Hugin,2048,2048,2048×2048,12
Hero/Hugin/Default/Combat,Hero/Hugin,1024,1024,1024×1024,21
Hero/Hugin/Default/Combat,Hero/Hugin,1024,512,1024×512,2
Hero/Hugin/Default/Combat,Hero/Hugin,512,512,512×512,21
Hero/Hugin/Default/Combat,Hero/Hugin,512,256,512×256,2
Hero/Hugin/Default/Combat,Hero/Hugin,256,256,256×256,7
Hero/Hugin/Default/Combat,Hero/Hugin,128,128,128×128,1
Hero/Hugin/Default/Combat,Hero/Hugin,64,64,64×64,1
Hero/Hugin/Default/Show,Hero/Hugin,2048,2048,2048×2048,1
Hero/Hugin/Default/Show,Hero/Hugin,1024,1024,1024×1024,5
Hero/Hugin/Default/Show,Hero/Hugin,512,512,512×512,5
Hero/Hugin/Default/Show,Hero/Hugin,256,256,256×256,3
Hero/Hugin/Default/Show,Hero/Hugin,256,128,256×128,2
Hero/Hugin/Default/Show,Hero/Hugin,128,128,128×128,1
Hero/Hugin/Default/Show,Hero/Hugin,128,64,128×64,1
Hero/Hugin/Default/Show,Hero/Hugin,64,64,64×64,1
Hero/Lisa/Default/Combat,Hero/Lisa,2048,2048,2048×2048,8
Hero/Lisa/Default/Combat,Hero/Lisa,1024,1024,1024×1024,19
Hero/Lisa/Default/Combat,Hero/Lisa,512,512,512×512,28
Hero/Lisa/Default/Combat,Hero/Lisa,256,256,256×256,16
Hero/Lisa/Default/Combat,Hero/Lisa,128,128,128×128,2
Hero/Lisa/Default/Combat,Hero/Lisa,64,64,64×64,1
Hero/Lisa/Default/Show,Hero/Lisa,2048,2048,2048×2048,1
Hero/Lisa/Default/Show,Hero/Lisa,1024,1024,1024×1024,3
Hero/Lisa/Default/Show,Hero/Lisa,512,512,512×512,6
Hero/Lisa/Default/Show,Hero/Lisa,256,256,256×256,4
Hero/Lisa/Default/Show,Hero/Lisa,128,128,128×128,1
Hero/Lisa/Default/Show,Hero/Lisa,64,64,64×64,1
Hero/Lorin/Default/Combat,Hero/Lorin,2048,2048,2048×2048,9
Hero/Lorin/Default/Combat,Hero/Lorin,1024,1024,1024×1024,15
Hero/Lorin/Default/Combat,Hero/Lorin,512,512,512×512,15
Hero/Lorin/Default/Combat,Hero/Lorin,512,256,512×256,3
Hero/Lorin/Default/Combat,Hero/Lorin,256,256,256×256,9
Hero/Lorin/Default/Combat,Hero/Lorin,256,128,256×128,3
Hero/Lorin/Default/Combat,Hero/Lorin,128,128,128×128,2
Hero/Lorin/Default/Combat,Hero/Lorin,128,64,128×64,1
Hero/Lorin/Default/Combat,Hero/Lorin,64,64,64×64,2
Hero/Lorin/Default/Show,Hero/Lorin,2048,2048,2048×2048,1
Hero/Lorin/Default/Show,Hero/Lorin,1024,1024,1024×1024,3
Hero/Lorin/Default/Show,Hero/Lorin,512,512,512×512,2
Hero/Lorin/Default/Show,Hero/Lorin,256,256,256×256,4
Hero/Lorin/Default/Show,Hero/Lorin,128,128,128×128,1
Hero/Lorin/Default/Show,Hero/Lorin,64,64,64×64,1
Hero/Munin/Default/Combat,Hero/Munin,2048,2048,2048×2048,8
Hero/Munin/Default/Combat,Hero/Munin,1024,1024,1024×1024,18
Hero/Munin/Default/Combat,Hero/Munin,1024,512,1024×512,4
Hero/Munin/Default/Combat,Hero/Munin,512,512,512×512,21
Hero/Munin/Default/Combat,Hero/Munin,512,256,512×256,5
Hero/Munin/Default/Combat,Hero/Munin,256,256,256×256,9
Hero/Munin/Default/Combat,Hero/Munin,128,128,128×128,3
Hero/Munin/Default/Combat,Hero/Munin,64,64,64×64,1
Hero/Munin/Default/Show,Hero/Munin,1024,1024,1024×1024,10
Hero/Munin/Default/Show,Hero/Munin,1024,512,1024×512,2
Hero/Munin/Default/Show,Hero/Munin,512,512,512×512,10
Hero/Munin/Default/Show,Hero/Munin,512,256,512×256,3
Hero/Munin/Default/Show,Hero/Munin,256,256,256×256,7
Hero/Munin/Default/Show,Hero/Munin,256,128,256×128,2
Hero/Munin/Default/Show,Hero/Munin,128,128,128×128,1
Hero/Munin/Default/Show,Hero/Munin,128,64,128×64,1
Hero/Munin/Default/Show,Hero/Munin,64,64,64×64,1
Hero/Rex/Default/Combat,Hero/Rex,2048,2048,2048×2048,10
Hero/Rex/Default/Combat,Hero/Rex,1024,1024,1024×1024,14
Hero/Rex/Default/Combat,Hero/Rex,512,512,512×512,20
Hero/Rex/Default/Combat,Hero/Rex,256,256,256×256,8
Hero/Rex/Default/Combat,Hero/Rex,128,128,128×128,1
Hero/Rex/Default/Combat,Hero/Rex,64,64,64×64,1
Hero/Rex/Default/Show,Hero/Rex,2048,2048,2048×2048,1
Hero/Rex/Default/Show,Hero/Rex,1024,1024,1024×1024,4
Hero/Rex/Default/Show,Hero/Rex,512,512,512×512,3
Hero/Rex/Default/Show,Hero/Rex,256,256,256×256,4
Hero/Rex/Default/Show,Hero/Rex,128,128,128×128,1
Hero/Rex/Default/Show,Hero/Rex,64,64,64×64,1
Hero/Rosy/Default/Combat,Hero/Rosy,2048,2048,2048×2048,10
Hero/Rosy/Default/Combat,Hero/Rosy,1024,1024,1024×1024,20
Hero/Rosy/Default/Combat,Hero/Rosy,512,512,512×512,28
Hero/Rosy/Default/Combat,Hero/Rosy,256,256,256×256,14
Hero/Rosy/Default/Combat,Hero/Rosy,128,128,128×128,3
Hero/Rosy/Default/Combat,Hero/Rosy,64,64,64×64,1
Hero/Rosy/Default/Show,Hero/Rosy,2048,2048,2048×2048,3
Hero/Rosy/Default/Show,Hero/Rosy,1024,1024,1024×1024,4
Hero/Rosy/Default/Show,Hero/Rosy,512,512,512×512,9
Hero/Rosy/Default/Show,Hero/Rosy,256,256,256×256,7
Hero/Rosy/Default/Show,Hero/Rosy,128,128,128×128,4
Hero/Rosy/Default/Show,Hero/Rosy,64,64,64×64,4
Hero/Rosy/Default/Show,Hero/Rosy,32,32,32×32,1
Mob/Bayonet/MaidBayonet/Default,Mob/Bayonet/MaidBayonet,2048,2048,2048×2048,6
Mob/Bayonet/MaidBayonet/Default,Mob/Bayonet/MaidBayonet,1024,1024,1024×1024,15
Mob/Bayonet/MaidBayonet/Default,Mob/Bayonet/MaidBayonet,512,512,512×512,13
Mob/Bayonet/MaidBayonet/Default,Mob/Bayonet/MaidBayonet,256,256,256×256,4
Mob/Bayonet/MaidBayonet/Default,Mob/Bayonet/MaidBayonet,128,128,128×128,2
Mob/CandleMob/CandleStub/Default,Mob/CandleMob/CandleStub,2048,2048,2048×2048,2
Mob/CandleMob/CandleStub/Default,Mob/CandleMob/CandleStub,1024,1024,1024×1024,2
Mob/CandleMob/Candleman/Default,Mob/CandleMob/Candleman,2048,2048,2048×2048,8
Mob/CandleMob/Candleman/Default,Mob/CandleMob/Candleman,1024,1024,1024×1024,9
Mob/CandleMob/Candleman/Default,Mob/CandleMob/Candleman,128,128,128×128,1
Mob/Cargo/CargoProtector/Default,Mob/Cargo/CargoProtector,2048,2048,2048×2048,2
Mob/Cargo/CargoProtector/Default,Mob/Cargo/CargoProtector,1024,1024,1024×1024,2
Mob/ChastDefault/Chastener/Default,Mob/ChastDefault/Chastener,2048,2048,2048×2048,6
Mob/ChastDefault/Chastener/Default,Mob/ChastDefault/Chastener,1024,1024,1024×1024,5
Mob/ChastDefault/Chastener/Default,Mob/ChastDefault/Chastener,512,512,512×512,3
Mob/Chav/ChavChubby/Default,Mob/Chav/ChavChubby,2048,2048,2048×2048,7
Mob/Chav/ChavChubby/Default,Mob/Chav/ChavChubby,1024,1024,1024×1024,7
Mob/Chav/ChavChubby/Default,Mob/Chav/ChavChubby,512,512,512×512,6
Mob/Chav/ChavChubby/Default,Mob/Chav/ChavChubby,256,256,256×256,1
Mob/Cicada/Default,Mob/Cicada,2048,2048,2048×2048,4
Mob/Cicada/Default,Mob/Cicada,1024,1024,1024×1024,4
Mob/Debt/DebtCollector/Default,Mob/Debt/DebtCollector,2048,2048,2048×2048,7
Mob/Debt/DebtCollector/Default,Mob/Debt/DebtCollector,1024,1024,1024×1024,8
Mob/Debt/DebtCollector/Default,Mob/Debt/DebtCollector,512,512,512×512,3
Mob/Debt/DebtCollector/Default,Mob/Debt/DebtCollector,256,256,256×256,1
Mob/DroneDefault/Default,Mob/DroneDefault,1024,1024,1024×1024,2
Mob/DroneDefault/Default,Mob/DroneDefault,512,512,512×512,2
Mob/DroneDefault/Default,Mob/DroneDefault,256,256,256×256,2
Mob/DroneDefault/Default,Mob/DroneDefault,128,128,128×128,2
Mob/Female/EnforcerFemale/Default,Mob/Female/EnforcerFemale,2048,2048,2048×2048,5
Mob/Female/EnforcerFemale/Default,Mob/Female/EnforcerFemale,1024,1024,1024×1024,6
Mob/Female/EnforcerFemale/Default,Mob/Female/EnforcerFemale,512,512,512×512,3
Mob/Female/EnforcerFemale/Default,Mob/Female/EnforcerFemale,256,256,256×256,2
Mob/Female/EnforcerFemale/Default,Mob/Female/EnforcerFemale,128,128,128×128,4
Mob/Female/EnforcerFemale/Default,Mob/Female/EnforcerFemale,64,64,64×64,1
Mob/Female/EnforcerIron/Default,Mob/Female/EnforcerIron,2048,2048,2048×2048,5
Mob/Female/EnforcerIron/Default,Mob/Female/EnforcerIron,1024,1024,1024×1024,8
Mob/Female/EnforcerIron/Default,Mob/Female/EnforcerIron,512,512,512×512,9
Mob/Female/EnforcerIron/Default,Mob/Female/EnforcerIron,256,256,256×256,1
Mob/Female/HoodieWoman/Default,Mob/Female/HoodieWoman,2048,2048,2048×2048,5
Mob/Female/HoodieWoman/Default,Mob/Female/HoodieWoman,1024,1024,1024×1024,8
Mob/Female/HoodieWoman/Default,Mob/Female/HoodieWoman,512,512,512×512,9
Mob/Female/HoodieWoman/Default,Mob/Female/HoodieWoman,256,256,256×256,2
Mob/Female/HoodieWoman/Default,Mob/Female/HoodieWoman,128,128,128×128,1
Mob/Fish/SilverFish/Default,Mob/Fish/SilverFish,2048,2048,2048×2048,3
Mob/Fish/SilverFish/Default,Mob/Fish/SilverFish,1024,1024,1024×1024,1
Mob/Fish/SilverFishEletrical/Default,Mob/Fish/SilverFish,2048,2048,2048×2048,3
Mob/Fish/SilverFishEletrical/Default,Mob/Fish/SilverFish,1024,1024,1024×1024,5
Mob/Fish/SilverFishEletrical/Default,Mob/Fish/SilverFish,512,512,512×512,5
Mob/Fish/SilverFishEletrical/Default,Mob/Fish/SilverFish,512,128,512×128,1
Mob/Fish/SilverFishEletrical/Default,Mob/Fish/SilverFish,256,256,256×256,1
Mob/Fish/SilverFishFallout/Default,Mob/Fish/SilverFish,2048,2048,2048×2048,5
Mob/Fish/SilverFishFallout/Default,Mob/Fish/SilverFish,1024,1024,1024×1024,4
Mob/Fish/SilverFishFallout/Default,Mob/Fish/SilverFish,1024,512,1024×512,1
Mob/Fish/SilverFishFallout/Default,Mob/Fish/SilverFish,512,512,512×512,2
Mob/Fish/SilverFishFallout/Default,Mob/Fish/SilverFish,256,256,256×256,2
Mob/Fish/SilverFishFire/Default,Mob/Fish/SilverFish,2048,2048,2048×2048,3
Mob/Fish/SilverFishFire/Default,Mob/Fish/SilverFish,1024,1024,1024×1024,5
Mob/Fish/SilverFishFire/Default,Mob/Fish/SilverFish,1024,256,1024×256,1
Mob/Fish/SilverFishFire/Default,Mob/Fish/SilverFish,512,512,512×512,6
Mob/Fish/SilverFishFire/Default,Mob/Fish/SilverFish,256,256,256×256,1
Mob/Fish/SilverFishGravity/Default,Mob/Fish/SilverFish,2048,2048,2048×2048,3
Mob/Fish/SilverFishGravity/Default,Mob/Fish/SilverFish,1024,1024,1024×1024,5
Mob/Fish/SilverFishGravity/Default,Mob/Fish/SilverFish,1024,512,1024×512,1
Mob/Fish/SilverFishGravity/Default,Mob/Fish/SilverFish,512,512,512×512,5
Mob/Fish/SilverFishGravity/Default,Mob/Fish/SilverFish,256,256,256×256,1
Mob/Fish/SilverFishIce/Default,Mob/Fish/SilverFish,2048,2048,2048×2048,3
Mob/Fish/SilverFishIce/Default,Mob/Fish/SilverFish,1024,1024,1024×1024,6
Mob/Fish/SilverFishIce/Default,Mob/Fish/SilverFish,512,512,512×512,3
Mob/Fish/SilverFishIce/Default,Mob/Fish/SilverFish,256,256,256×256,4
Mob/Fish/SilverFishRust/Default,Mob/Fish/SilverFish,2048,2048,2048×2048,3
Mob/Fish/SilverFishRust/Default,Mob/Fish/SilverFish,1024,1024,1024×1024,4
Mob/Fish/SilverFishRust/Default,Mob/Fish/SilverFish,512,512,512×512,2
Mob/Fish/SilverFishRust/Default,Mob/Fish/SilverFish,256,256,256×256,3
Mob/Fish/SilverFishSilver/Default,Mob/Fish/SilverFish,2048,2048,2048×2048,4
Mob/Fish/SilverFishSilver/Default,Mob/Fish/SilverFish,1024,1024,1024×1024,4
Mob/Fish/SilverFishSilver/Default,Mob/Fish/SilverFish,1024,512,1024×512,1
Mob/Fish/SilverFishSilver/Default,Mob/Fish/SilverFish,512,512,512×512,2
Mob/Fish/SilverFishSilver/Default,Mob/Fish/SilverFish,256,256,256×256,3
Mob/Guard/GuardKnight/Default,Mob/Guard/GuardKnight,2048,2048,2048×2048,4
Mob/Guard/GuardKnight/Default,Mob/Guard/GuardKnight,1024,1024,1024×1024,5
Mob/Guard/GuardKnight/Default,Mob/Guard/GuardKnight,512,512,512×512,2
Mob/Harpy/HarpyDefault/Default,Mob/Harpy/HarpyDefault,2048,2048,2048×2048,6
Mob/Harpy/HarpyDefault/Default,Mob/Harpy/HarpyDefault,1024,1024,1024×1024,5
Mob/Harpy/HarpyDefault/Default,Mob/Harpy/HarpyDefault,512,512,512×512,1
Mob/Harpy/HarpyDefault/Default,Mob/Harpy/HarpyDefault,256,256,256×256,1
Mob/Male/Butler/Default,Mob/Male/Butler,2048,2048,2048×2048,4
Mob/Male/Butler/Default,Mob/Male/Butler,1024,1024,1024×1024,8
Mob/Male/Butler/Default,Mob/Male/Butler,512,512,512×512,10
Mob/Male/Butler/Default,Mob/Male/Butler,256,256,256×256,1
Mob/Male/Enforcer/Default,Mob/Male/Enforcer,2048,2048,2048×2048,8
Mob/Male/Enforcer/Default,Mob/Male/Enforcer,1024,1024,1024×1024,8
Mob/Male/Enforcer/Default,Mob/Male/Enforcer,1024,512,1024×512,2
Mob/Male/Enforcer/Default,Mob/Male/Enforcer,512,512,512×512,2
Mob/Male/Enforcer/Default,Mob/Male/Enforcer,512,256,512×256,4
Mob/Male/Enforcer/Default,Mob/Male/Enforcer,256,256,256×256,3
Mob/Male/Enforcer/Default,Mob/Male/Enforcer,128,128,128×128,9
Mob/Male/Enforcer/Default,Mob/Male/Enforcer,64,64,64×64,2
Mob/Male/EnforcerLeader/Default,Mob/Male/EnforcerLeader,2048,2048,2048×2048,4
Mob/Male/EnforcerLeader/Default,Mob/Male/EnforcerLeader,1024,1024,1024×1024,3
Mob/Male/EnforcerLeader/Default,Mob/Male/EnforcerLeader,1024,512,1024×512,2
Mob/Male/EnforcerLeader/Default,Mob/Male/EnforcerLeader,512,512,512×512,1
Mob/Male/EnforcerLeader/Default,Mob/Male/EnforcerLeader,512,256,512×256,2
Mob/Male/EnforcerLeader/Default,Mob/Male/EnforcerLeader,256,256,256×256,1
Mob/Male/HoodieLeader/Default,Mob/Male/HoodieLeader,2048,2048,2048×2048,5
Mob/Male/HoodieLeader/Default,Mob/Male/HoodieLeader,1024,1024,1024×1024,9
Mob/Male/HoodieLeader/Default,Mob/Male/HoodieLeader,512,512,512×512,9
Mob/Male/HoodieLeader/Default,Mob/Male/HoodieLeader,256,256,256×256,2
Mob/Male/HoodieLeader/Default,Mob/Male/HoodieLeader,128,128,128×128,1
Mob/Male/HoodieMan/Default,Mob/Male/HoodieMan,2048,2048,2048×2048,3
Mob/Male/HoodieMan/Default,Mob/Male/HoodieMan,1024,1024,1024×1024,7
Mob/Male/HoodieMan/Default,Mob/Male/HoodieMan,512,512,512×512,6
Mob/Male/HoodieMan/Default,Mob/Male/HoodieMan,256,256,256×256,1
Mob/Male/HoodieMan/Default,Mob/Male/HoodieMan,128,128,128×128,1
Mob/Male/Ork/Default,Mob/Male/Ork,2048,2048,2048×2048,4
Mob/Male/Ork/Default,Mob/Male/Ork,1024,1024,1024×1024,5
Mob/Male/Ork/Default,Mob/Male/Ork,512,256,512×256,2
Mob/Male/Ork/Default,Mob/Male/Ork,256,128,256×128,1
Mob/Male/Thug/Default,Mob/Male/Thug,2048,2048,2048×2048,6
Mob/Male/Thug/Default,Mob/Male/Thug,1024,1024,1024×1024,9
Mob/Male/Thug/Default,Mob/Male/Thug,512,512,512×512,5
Mob/Male/Thug/Default,Mob/Male/Thug,512,256,512×256,2
Mob/Male/Thug/Default,Mob/Male/Thug,256,128,256×128,1
Mob/Male/TraineeKnight/Default,Mob/Male/TraineeKnight,2048,2048,2048×2048,2
Mob/Male/TraineeKnight/Default,Mob/Male/TraineeKnight,1024,1024,1024×1024,8
Mob/Male/TraineeKnight/Default,Mob/Male/TraineeKnight,1024,512,1024×512,2
Mob/Male/TraineeKnight/Default,Mob/Male/TraineeKnight,512,512,512×512,6
Mob/Male/TraineeKnight/Default,Mob/Male/TraineeKnight,512,256,512×256,2
Mob/Manhole/ManholeCover/Default,Mob/Manhole/ManholeCover,2048,2048,2048×2048,2
Mob/Manhole/ManholeCover/Default,Mob/Manhole/ManholeCover,1024,1024,1024×1024,2
Mob/Manhole/ManholeCover/Default,Mob/Manhole/ManholeCover,512,512,512×512,1
Mob/Manhole/ManholeCover/Default,Mob/Manhole/ManholeCover,256,256,256×256,1
Mob/RabiesFemale/RabiesMaba/Default,Mob/RabiesFemale/RabiesMaba,2048,2048,2048×2048,5
Mob/RabiesFemale/RabiesMaba/Default,Mob/RabiesFemale/RabiesMaba,1024,1024,1024×1024,13
Mob/RabiesFemale/RabiesMaba/Default,Mob/RabiesFemale/RabiesMaba,512,512,512×512,7
Mob/RabiesFemale/RabiesMaba/Default,Mob/RabiesFemale/RabiesMaba,256,256,256×256,3
Mob/RabiesMale/RabiesPaba/Default,Mob/RabiesMale/RabiesPaba,2048,2048,2048×2048,6
Mob/RabiesMale/RabiesPaba/Default,Mob/RabiesMale/RabiesPaba,1024,1024,1024×1024,12
Mob/RabiesMale/RabiesPaba/Default,Mob/RabiesMale/RabiesPaba,512,512,512×512,8
Mob/RabiesMale/RabiesPaba/Default,Mob/RabiesMale/RabiesPaba,256,256,256×256,2
Mob/Shield/MaidShield/Default,Mob/Shield/MaidShield,2048,2048,2048×2048,6
Mob/Shield/MaidShield/Default,Mob/Shield/MaidShield,1024,1024,1024×1024,20
Mob/Shield/MaidShield/Default,Mob/Shield/MaidShield,512,512,512×512,15
Mob/Shield/MaidShield/Default,Mob/Shield/MaidShield,256,256,256×256,4
Mob/WaxMaskMan/WaxMaskMale/Default,Mob/WaxMaskMan/WaxMaskMale,2048,2048,2048×2048,8
Mob/WaxMaskMan/WaxMaskMale/Default,Mob/WaxMaskMan/WaxMaskMale,1024,1024,1024×1024,8
Mob/WaxMaskMan/WaxMaskMale/Default,Mob/WaxMaskMan/WaxMaskMale,512,512,512×512,3
Mob/WaxMaskMan/WaxMaskMale/Default,Mob/WaxMaskMan/WaxMaskMale,128,128,128×128,1
Mob/WaxMaskWoman/WaxMaskFemale/Default,Mob/WaxMaskWoman/WaxMaskFemale,2048,2048,2048×2048,7
Mob/WaxMaskWoman/WaxMaskFemale/Default,Mob/WaxMaskWoman/WaxMaskFemale,1024,1024,1024×1024,6
Mob/WaxMaskWoman/WaxMaskFemale/Default,Mob/WaxMaskWoman/WaxMaskFemale,512,512,512×512,4
Mob/WaxMaskWoman/WaxMaskFemale/Default,Mob/WaxMaskWoman/WaxMaskFemale,256,256,256×256,1
Mob/WaxMaskWoman/WaxMaskFemale/Default,Mob/WaxMaskWoman/WaxMaskFemale,128,128,128×128,1
Mob/Werewolf/WerewolfDefault/Default,Mob/Werewolf/WerewolfDefault,2048,2048,2048×2048,6
Mob/Werewolf/WerewolfDefault/Default,Mob/Werewolf/WerewolfDefault,1024,1024,1024×1024,8
Mob/Werewolf/WerewolfDefault/Default,Mob/Werewolf/WerewolfDefault,512,512,512×512,5
NPC/Class_A/201005/Default,NPC/Class_A/201005,2048,2048,2048×2048,5
NPC/Class_A/201005/Default,NPC/Class_A/201005,1024,1024,1024×1024,7
NPC/Class_A/201005/Default,NPC/Class_A/201005,512,512,512×512,10
NPC/Class_A/201005/Default,NPC/Class_A/201005,256,256,256×256,3
NPC/Class_A/201005/Default,NPC/Class_A/201005,128,128,128×128,1
NPC/Class_A/201005/Default,NPC/Class_A/201005,64,64,64×64,1
NPC/Class_A/201016/Default,NPC/Class_A/201016,2048,2048,2048×2048,5
NPC/Class_A/201016/Default,NPC/Class_A/201016,1024,1024,1024×1024,9
NPC/Class_A/201016/Default,NPC/Class_A/201016,512,512,512×512,11
NPC/Class_A/201016/Default,NPC/Class_A/201016,256,256,256×256,4
NPC/Class_A/201016/Default,NPC/Class_A/201016,128,128,128×128,2
NPC/Class_A/201016/Default,NPC/Class_A/201016,64,64,64×64,1
NPC/Class_A/203016/Default,NPC/Class_A/203016,2048,2048,2048×2048,2
NPC/Class_A/203016/Default,NPC/Class_A/203016,1024,1024,1024×1024,2
NPC/Class_A/203016/Default,NPC/Class_A/203016,512,512,512×512,1
NPC/Class_A/203016/Default,NPC/Class_A/203016,128,128,128×128,1
NPC/Class_A/203017/Default,NPC/Class_A/203017,2048,2048,2048×2048,2
NPC/Class_A/203017/Default,NPC/Class_A/203017,1024,1024,1024×1024,2
NPC/Class_A/203017/Default,NPC/Class_A/203017,512,512,512×512,1
NPC/Class_A/203017/Default,NPC/Class_A/203017,128,128,128×128,1
NPC/Class_A/203018/Default,NPC/Class_A/203018,2048,2048,2048×2048,2
NPC/Class_A/203018/Default,NPC/Class_A/203018,1024,1024,1024×1024,2
NPC/Class_A/210001/Default,NPC/Class_A/210001,2048,2048,2048×2048,3
NPC/Class_A/210001/Default,NPC/Class_A/210001,1024,1024,1024×1024,13
NPC/Class_A/210001/Default,NPC/Class_A/210001,512,512,512×512,13
NPC/Class_A/210001/Default,NPC/Class_A/210001,256,256,256×256,6
NPC/Class_A/210001/Default,NPC/Class_A/210001,128,128,128×128,1
NPC/Class_A/210001/Default,NPC/Class_A/210001,64,64,64×64,1
NPC/Class_A/210002/Default,NPC/Class_A/210002,2048,2048,2048×2048,3
NPC/Class_A/210002/Default,NPC/Class_A/210002,1024,1024,1024×1024,14
NPC/Class_A/210002/Default,NPC/Class_A/210002,512,512,512×512,12
NPC/Class_A/210002/Default,NPC/Class_A/210002,256,256,256×256,6
NPC/Class_A/210002/Default,NPC/Class_A/210002,128,128,128×128,1
NPC/Class_A/210002/Default,NPC/Class_A/210002,64,64,64×64,1
NPC/Class_A/210003/Default,NPC/Class_A/210003,2048,2048,2048×2048,3
NPC/Class_A/210003/Default,NPC/Class_A/210003,1024,1024,1024×1024,13
NPC/Class_A/210003/Default,NPC/Class_A/210003,512,512,512×512,12
NPC/Class_A/210003/Default,NPC/Class_A/210003,256,256,256×256,5
NPC/Class_A/210003/Default,NPC/Class_A/210003,128,128,128×128,1
NPC/Class_A/210003/Default,NPC/Class_A/210003,64,64,64×64,1
NPC/Class_A/210004/Default,NPC/Class_A/210004,2048,2048,2048×2048,3
NPC/Class_A/210004/Default,NPC/Class_A/210004,1024,1024,1024×1024,13
NPC/Class_A/210004/Default,NPC/Class_A/210004,512,512,512×512,14
NPC/Class_A/210004/Default,NPC/Class_A/210004,256,256,256×256,6
NPC/Class_A/210004/Default,NPC/Class_A/210004,128,128,128×128,2
NPC/Class_A/210004/Default,NPC/Class_A/210004,64,64,64×64,1
NPC/Class_A/210005/Default,NPC/Class_A/210005,2048,2048,2048×2048,3
NPC/Class_A/210005/Default,NPC/Class_A/210005,1024,1024,1024×1024,11
NPC/Class_A/210005/Default,NPC/Class_A/210005,512,512,512×512,15
NPC/Class_A/210005/Default,NPC/Class_A/210005,256,256,256×256,6
NPC/Class_A/210005/Default,NPC/Class_A/210005,128,128,128×128,2
NPC/Class_A/210005/Default,NPC/Class_A/210005,64,64,64×64,1
NPC/Class_A/210006/Default,NPC/Class_A/210006,2048,2048,2048×2048,3
NPC/Class_A/210006/Default,NPC/Class_A/210006,1024,1024,1024×1024,10
NPC/Class_A/210006/Default,NPC/Class_A/210006,512,512,512×512,12
NPC/Class_A/210006/Default,NPC/Class_A/210006,256,256,256×256,5
NPC/Class_A/210006/Default,NPC/Class_A/210006,128,128,128×128,1
NPC/Class_A/210006/Default,NPC/Class_A/210006,64,64,64×64,1
NPC/Class_A/210007/Default,NPC/Class_A/210007,2048,2048,2048×2048,3
NPC/Class_A/210007/Default,NPC/Class_A/210007,1024,1024,1024×1024,11
NPC/Class_A/210007/Default,NPC/Class_A/210007,512,512,512×512,12
NPC/Class_A/210007/Default,NPC/Class_A/210007,256,256,256×256,6
NPC/Class_A/210007/Default,NPC/Class_A/210007,128,128,128×128,2
NPC/Class_A/210007/Default,NPC/Class_A/210007,64,64,64×64,1
NPC/Class_A/210008/Default,NPC/Class_A/210008,2048,2048,2048×2048,3
NPC/Class_A/210008/Default,NPC/Class_A/210008,1024,1024,1024×1024,10
NPC/Class_A/210008/Default,NPC/Class_A/210008,512,512,512×512,13
NPC/Class_A/210008/Default,NPC/Class_A/210008,256,256,256×256,7
NPC/Class_A/210008/Default,NPC/Class_A/210008,128,128,128×128,2
NPC/Class_A/210008/Default,NPC/Class_A/210008,64,64,64×64,1
NPC/Class_A/210009/Default,NPC/Class_A/210009,2048,2048,2048×2048,3
NPC/Class_A/210009/Default,NPC/Class_A/210009,1024,1024,1024×1024,10
NPC/Class_A/210009/Default,NPC/Class_A/210009,512,512,512×512,11
NPC/Class_A/210009/Default,NPC/Class_A/210009,256,256,256×256,5
NPC/Class_A/210009/Default,NPC/Class_A/210009,128,128,128×128,1
NPC/Class_A/210009/Default,NPC/Class_A/210009,64,64,64×64,1
NPC/Class_A/210010/Default,NPC/Class_A/210010,2048,2048,2048×2048,3
NPC/Class_A/210010/Default,NPC/Class_A/210010,1024,1024,1024×1024,10
NPC/Class_A/210010/Default,NPC/Class_A/210010,512,512,512×512,11
NPC/Class_A/210010/Default,NPC/Class_A/210010,256,256,256×256,6
NPC/Class_A/210010/Default,NPC/Class_A/210010,128,128,128×128,1
NPC/Class_A/210010/Default,NPC/Class_A/210010,64,64,64×64,1
NPC/Class_A/210011/Default,NPC/Class_A/210011,2048,2048,2048×2048,5
NPC/Class_A/210011/Default,NPC/Class_A/210011,1024,1024,1024×1024,9
NPC/Class_A/210011/Default,NPC/Class_A/210011,512,512,512×512,8
NPC/Class_A/210011/Default,NPC/Class_A/210011,256,256,256×256,3
NPC/Class_A/210011/Default,NPC/Class_A/210011,128,128,128×128,1
NPC/Class_A/210011/Default,NPC/Class_A/210011,64,64,64×64,1
NPC/Class_A/210012/Default,NPC/Class_A/210012,2048,2048,2048×2048,5
NPC/Class_A/210012/Default,NPC/Class_A/210012,1024,1024,1024×1024,9
NPC/Class_A/210012/Default,NPC/Class_A/210012,512,512,512×512,8
NPC/Class_A/210012/Default,NPC/Class_A/210012,256,256,256×256,3
NPC/Class_A/210012/Default,NPC/Class_A/210012,128,128,128×128,1
NPC/Class_A/210012/Default,NPC/Class_A/210012,64,64,64×64,1
NPC/Class_A/210013/Default,NPC/Class_A/210013,2048,2048,2048×2048,3
NPC/Class_A/210013/Default,NPC/Class_A/210013,1024,1024,1024×1024,9
NPC/Class_A/210013/Default,NPC/Class_A/210013,512,512,512×512,9
NPC/Class_A/210013/Default,NPC/Class_A/210013,256,256,256×256,3
NPC/Class_A/210013/Default,NPC/Class_A/210013,128,128,128×128,1
NPC/Class_A/210013/Default,NPC/Class_A/210013,64,64,64×64,1
NPC/Class_A/210013/Default,NPC/Class_A/210013,1,1,1×1,1
NPC/Class_A/210014/Default,NPC/Class_A/210014,2048,2048,2048×2048,5
NPC/Class_A/210014/Default,NPC/Class_A/210014,1024,1024,1024×1024,10
NPC/Class_A/210014/Default,NPC/Class_A/210014,512,512,512×512,12
NPC/Class_A/210014/Default,NPC/Class_A/210014,256,256,256×256,4
NPC/Class_A/210014/Default,NPC/Class_A/210014,128,128,128×128,2
NPC/Class_A/210014/Default,NPC/Class_A/210014,64,64,64×64,1
NPC/Class_A/210015/Default,NPC/Class_A/210015,2048,2048,2048×2048,5
NPC/Class_A/210015/Default,NPC/Class_A/210015,1024,1024,1024×1024,10
NPC/Class_A/210015/Default,NPC/Class_A/210015,512,512,512×512,11
NPC/Class_A/210015/Default,NPC/Class_A/210015,256,256,256×256,4
NPC/Class_A/210015/Default,NPC/Class_A/210015,128,128,128×128,2
NPC/Class_A/210015/Default,NPC/Class_A/210015,64,64,64×64,1
NPC/Class_A/210016/Default,NPC/Class_A/210016,2048,2048,2048×2048,3
NPC/Class_A/210016/Default,NPC/Class_A/210016,1024,1024,1024×1024,14
NPC/Class_A/210016/Default,NPC/Class_A/210016,512,512,512×512,10
NPC/Class_A/210016/Default,NPC/Class_A/210016,256,256,256×256,5
NPC/Class_A/210016/Default,NPC/Class_A/210016,128,128,128×128,1
NPC/Class_A/210016/Default,NPC/Class_A/210016,64,64,64×64,1
NPC/Class_A/210017/Default,NPC/Class_A/210017,2048,2048,2048×2048,5
NPC/Class_A/210017/Default,NPC/Class_A/210017,1024,1024,1024×1024,9
NPC/Class_A/210017/Default,NPC/Class_A/210017,512,512,512×512,8
NPC/Class_A/210017/Default,NPC/Class_A/210017,256,256,256×256,3
NPC/Class_A/210017/Default,NPC/Class_A/210017,128,128,128×128,1
NPC/Class_A/210017/Default,NPC/Class_A/210017,64,64,64×64,1
NPC/Class_A/210018/Default,NPC/Class_A/210018,2048,2048,2048×2048,4
NPC/Class_A/210018/Default,NPC/Class_A/210018,1024,1024,1024×1024,4
NPC/Class_A/210019/Default,NPC/Class_A/210019,2048,2048,2048×2048,5
NPC/Class_A/210019/Default,NPC/Class_A/210019,1024,1024,1024×1024,8
NPC/Class_A/210019/Default,NPC/Class_A/210019,512,512,512×512,12
NPC/Class_A/210019/Default,NPC/Class_A/210019,256,256,256×256,4
NPC/Class_A/210019/Default,NPC/Class_A/210019,128,128,128×128,2
NPC/Class_A/210019/Default,NPC/Class_A/210019,64,64,64×64,1
NPC/Class_A/210020/Default,NPC/Class_A/210020,2048,2048,2048×2048,3
NPC/Class_A/210020/Default,NPC/Class_A/210020,1024,1024,1024×1024,10
NPC/Class_A/210020/Default,NPC/Class_A/210020,512,512,512×512,14
NPC/Class_A/210020/Default,NPC/Class_A/210020,256,256,256×256,6
NPC/Class_A/210020/Default,NPC/Class_A/210020,128,128,128×128,2
NPC/Class_A/210020/Default,NPC/Class_A/210020,64,64,64×64,1
NPC/Class_A/210021/Default,NPC/Class_A/210021,2048,2048,2048×2048,3
NPC/Class_A/210021/Default,NPC/Class_A/210021,1024,1024,1024×1024,10
NPC/Class_A/210021/Default,NPC/Class_A/210021,512,512,512×512,14
NPC/Class_A/210021/Default,NPC/Class_A/210021,256,256,256×256,9
NPC/Class_A/210021/Default,NPC/Class_A/210021,128,128,128×128,1
NPC/Class_A/210021/Default,NPC/Class_A/210021,64,64,64×64,1
NPC/Class_A/210022/Default,NPC/Class_A/210022,2048,2048,2048×2048,6
NPC/Class_A/210022/Default,NPC/Class_A/210022,1024,1024,1024×1024,10
NPC/Class_A/210022/Default,NPC/Class_A/210022,512,512,512×512,12
NPC/Class_A/210022/Default,NPC/Class_A/210022,256,256,256×256,3
NPC/Class_A/210022/Default,NPC/Class_A/210022,128,128,128×128,1
NPC/Class_A/210022/Default,NPC/Class_A/210022,64,64,64×64,1
NPC/Class_A/210023/Default,NPC/Class_A/210023,2048,2048,2048×2048,3
NPC/Class_A/210023/Default,NPC/Class_A/210023,1024,1024,1024×1024,12
NPC/Class_A/210023/Default,NPC/Class_A/210023,512,512,512×512,13
NPC/Class_A/210023/Default,NPC/Class_A/210023,256,256,256×256,6
NPC/Class_A/210023/Default,NPC/Class_A/210023,128,128,128×128,2
NPC/Class_A/210023/Default,NPC/Class_A/210023,64,64,64×64,1
NPC/Class_A/210024/Default,NPC/Class_A/210024,2048,2048,2048×2048,5
NPC/Class_A/210024/Default,NPC/Class_A/210024,1024,1024,1024×1024,8
NPC/Class_A/210024/Default,NPC/Class_A/210024,512,512,512×512,9
NPC/Class_A/210024/Default,NPC/Class_A/210024,256,256,256×256,3
NPC/Class_A/210024/Default,NPC/Class_A/210024,128,128,128×128,1
NPC/Class_A/210024/Default,NPC/Class_A/210024,64,64,64×64,1
NPC/Class_A/210025/Default,NPC/Class_A/210025,2048,2048,2048×2048,3
NPC/Class_A/210025/Default,NPC/Class_A/210025,1024,1024,1024×1024,11
NPC/Class_A/210025/Default,NPC/Class_A/210025,512,512,512×512,11
NPC/Class_A/210025/Default,NPC/Class_A/210025,256,256,256×256,5
NPC/Class_A/210025/Default,NPC/Class_A/210025,128,128,128×128,1
NPC/Class_A/210025/Default,NPC/Class_A/210025,64,64,64×64,1
NPC/Class_A/210026/Default,NPC/Class_A/210026,2048,2048,2048×2048,3
NPC/Class_A/210026/Default,NPC/Class_A/210026,1024,1024,1024×1024,11
NPC/Class_A/210026/Default,NPC/Class_A/210026,512,512,512×512,10
NPC/Class_A/210026/Default,NPC/Class_A/210026,256,256,256×256,5
NPC/Class_A/210026/Default,NPC/Class_A/210026,128,128,128×128,1
NPC/Class_A/210026/Default,NPC/Class_A/210026,64,64,64×64,1
NPC/Class_A/210027/Default,NPC/Class_A/210027,2048,2048,2048×2048,3
NPC/Class_A/210027/Default,NPC/Class_A/210027,1024,1024,1024×1024,11
NPC/Class_A/210027/Default,NPC/Class_A/210027,512,512,512×512,12
NPC/Class_A/210027/Default,NPC/Class_A/210027,256,256,256×256,5
NPC/Class_A/210027/Default,NPC/Class_A/210027,128,128,128×128,1
NPC/Class_A/210027/Default,NPC/Class_A/210027,64,64,64×64,1
NPC/Class_A/210028/Default,NPC/Class_A/210028,2048,2048,2048×2048,3
NPC/Class_A/210028/Default,NPC/Class_A/210028,1024,1024,1024×1024,10
NPC/Class_A/210028/Default,NPC/Class_A/210028,512,512,512×512,14
NPC/Class_A/210028/Default,NPC/Class_A/210028,256,256,256×256,7
NPC/Class_A/210028/Default,NPC/Class_A/210028,128,128,128×128,1
NPC/Class_A/210028/Default,NPC/Class_A/210028,64,64,64×64,1
NPC/Class_A/210029/Default,NPC/Class_A/210029,2048,2048,2048×2048,3
NPC/Class_A/210029/Default,NPC/Class_A/210029,1024,1024,1024×1024,11
NPC/Class_A/210029/Default,NPC/Class_A/210029,512,512,512×512,11
NPC/Class_A/210029/Default,NPC/Class_A/210029,256,256,256×256,5
NPC/Class_A/210029/Default,NPC/Class_A/210029,128,128,128×128,1
NPC/Class_A/210029/Default,NPC/Class_A/210029,64,64,64×64,1
NPC/Class_A/210030/Default,NPC/Class_A/210030,2048,2048,2048×2048,3
NPC/Class_A/210030/Default,NPC/Class_A/210030,1024,1024,1024×1024,11
NPC/Class_A/210030/Default,NPC/Class_A/210030,512,512,512×512,12
NPC/Class_A/210030/Default,NPC/Class_A/210030,256,256,256×256,6
NPC/Class_A/210030/Default,NPC/Class_A/210030,128,128,128×128,1
NPC/Class_A/210030/Default,NPC/Class_A/210030,64,64,64×64,1
NPC/Class_A/210031/Default,NPC/Class_A/210031,2048,2048,2048×2048,3
NPC/Class_A/210031/Default,NPC/Class_A/210031,1024,1024,1024×1024,9
NPC/Class_A/210031/Default,NPC/Class_A/210031,512,512,512×512,11
NPC/Class_A/210031/Default,NPC/Class_A/210031,256,256,256×256,6
NPC/Class_A/210031/Default,NPC/Class_A/210031,128,128,128×128,2
NPC/Class_A/210031/Default,NPC/Class_A/210031,64,64,64×64,2
NPC/Class_A/210031/Default,NPC/Class_A/210031,1,1,1×1,1
NPC/Class_A/210032/Default,NPC/Class_A/210032,2048,2048,2048×2048,3
NPC/Class_A/210032/Default,NPC/Class_A/210032,1024,1024,1024×1024,11
NPC/Class_A/210032/Default,NPC/Class_A/210032,512,512,512×512,9
NPC/Class_A/210032/Default,NPC/Class_A/210032,256,256,256×256,3
NPC/Class_A/210032/Default,NPC/Class_A/210032,128,128,128×128,1
NPC/Class_A/210032/Default,NPC/Class_A/210032,64,64,64×64,1
NPC/Class_A/210032/Default,NPC/Class_A/210032,1,1,1×1,1
NPC/Class_A/210033/Default,NPC/Class_A/210033,2048,2048,2048×2048,5
NPC/Class_A/210033/Default,NPC/Class_A/210033,1024,1024,1024×1024,10
NPC/Class_A/210033/Default,NPC/Class_A/210033,512,512,512×512,8
NPC/Class_A/210033/Default,NPC/Class_A/210033,256,256,256×256,3
NPC/Class_A/210033/Default,NPC/Class_A/210033,128,128,128×128,1
NPC/Class_A/210033/Default,NPC/Class_A/210033,64,64,64×64,1
NPC/Class_A/210034/Default,NPC/Class_A/210034,2048,2048,2048×2048,3
NPC/Class_A/210034/Default,NPC/Class_A/210034,1024,1024,1024×1024,10
NPC/Class_A/210034/Default,NPC/Class_A/210034,512,512,512×512,13
NPC/Class_A/210034/Default,NPC/Class_A/210034,256,256,256×256,8
NPC/Class_A/210034/Default,NPC/Class_A/210034,128,128,128×128,2
NPC/Class_A/210034/Default,NPC/Class_A/210034,64,64,64×64,1
NPC/Class_A/210035/Default,NPC/Class_A/210035,2048,2048,2048×2048,3
NPC/Class_A/210035/Default,NPC/Class_A/210035,1024,1024,1024×1024,11
NPC/Class_A/210035/Default,NPC/Class_A/210035,512,512,512×512,12
NPC/Class_A/210035/Default,NPC/Class_A/210035,256,256,256×256,6
NPC/Class_A/210035/Default,NPC/Class_A/210035,128,128,128×128,2
NPC/Class_A/210035/Default,NPC/Class_A/210035,64,64,64×64,1
NPC/Class_A/210036/Default,NPC/Class_A/210036,2048,2048,2048×2048,3
NPC/Class_A/210036/Default,NPC/Class_A/210036,1024,1024,1024×1024,11
NPC/Class_A/210036/Default,NPC/Class_A/210036,512,512,512×512,13
NPC/Class_A/210036/Default,NPC/Class_A/210036,256,256,256×256,6
NPC/Class_A/210036/Default,NPC/Class_A/210036,128,128,128×128,2
NPC/Class_A/210036/Default,NPC/Class_A/210036,64,64,64×64,1
NPC/Class_A/210037/Default,NPC/Class_A/210037,2048,2048,2048×2048,3
NPC/Class_A/210037/Default,NPC/Class_A/210037,1024,1024,1024×1024,11
NPC/Class_A/210037/Default,NPC/Class_A/210037,512,512,512×512,11
NPC/Class_A/210037/Default,NPC/Class_A/210037,256,256,256×256,5
NPC/Class_A/210037/Default,NPC/Class_A/210037,128,128,128×128,1
NPC/Class_A/210037/Default,NPC/Class_A/210037,64,64,64×64,1
NPC/Class_A/210038/Default,NPC/Class_A/210038,2048,2048,2048×2048,3
NPC/Class_A/210038/Default,NPC/Class_A/210038,1024,1024,1024×1024,10
NPC/Class_A/210038/Default,NPC/Class_A/210038,512,512,512×512,14
NPC/Class_A/210038/Default,NPC/Class_A/210038,256,256,256×256,7
NPC/Class_A/210038/Default,NPC/Class_A/210038,128,128,128×128,2
NPC/Class_A/210038/Default,NPC/Class_A/210038,64,64,64×64,1
NPC/Class_A/210039/Default,NPC/Class_A/210039,2048,2048,2048×2048,3
NPC/Class_A/210039/Default,NPC/Class_A/210039,1024,1024,1024×1024,10
NPC/Class_A/210039/Default,NPC/Class_A/210039,512,512,512×512,14
NPC/Class_A/210039/Default,NPC/Class_A/210039,256,256,256×256,6
NPC/Class_A/210039/Default,NPC/Class_A/210039,128,128,128×128,2
NPC/Class_A/210039/Default,NPC/Class_A/210039,64,64,64×64,1
NPC/Class_A/210040/Default,NPC/Class_A/210040,2048,2048,2048×2048,3
NPC/Class_A/210040/Default,NPC/Class_A/210040,1024,1024,1024×1024,11
NPC/Class_A/210040/Default,NPC/Class_A/210040,512,512,512×512,14
NPC/Class_A/210040/Default,NPC/Class_A/210040,256,256,256×256,5
NPC/Class_A/210040/Default,NPC/Class_A/210040,128,128,128×128,1
NPC/Class_A/210040/Default,NPC/Class_A/210040,64,64,64×64,1
NPC/Class_A/210041/Default,NPC/Class_A/210041,2048,2048,2048×2048,5
NPC/Class_A/210041/Default,NPC/Class_A/210041,1024,1024,1024×1024,7
NPC/Class_A/210041/Default,NPC/Class_A/210041,512,512,512×512,10
NPC/Class_A/210041/Default,NPC/Class_A/210041,256,256,256×256,3
NPC/Class_A/210041/Default,NPC/Class_A/210041,128,128,128×128,1
NPC/Class_A/210041/Default,NPC/Class_A/210041,64,64,64×64,1
NPC/Class_A/210042/Default,NPC/Class_A/210042,2048,2048,2048×2048,3
NPC/Class_A/210042/Default,NPC/Class_A/210042,1024,1024,1024×1024,12
NPC/Class_A/210042/Default,NPC/Class_A/210042,512,512,512×512,13
NPC/Class_A/210042/Default,NPC/Class_A/210042,256,256,256×256,5
NPC/Class_A/210042/Default,NPC/Class_A/210042,128,128,128×128,1
NPC/Class_A/210042/Default,NPC/Class_A/210042,64,64,64×64,1
NPC/Class_A/210043/Default,NPC/Class_A/210043,2048,2048,2048×2048,3
NPC/Class_A/210043/Default,NPC/Class_A/210043,1024,1024,1024×1024,10
NPC/Class_A/210043/Default,NPC/Class_A/210043,512,512,512×512,11
NPC/Class_A/210043/Default,NPC/Class_A/210043,256,256,256×256,5
NPC/Class_A/210043/Default,NPC/Class_A/210043,128,128,128×128,1
NPC/Class_A/210043/Default,NPC/Class_A/210043,64,64,64×64,1
NPC/Class_A/210044/Default,NPC/Class_A/210044,2048,2048,2048×2048,3
NPC/Class_A/210044/Default,NPC/Class_A/210044,1024,1024,1024×1024,7
NPC/Class_A/210044/Default,NPC/Class_A/210044,512,512,512×512,8
NPC/Class_A/210044/Default,NPC/Class_A/210044,256,256,256×256,3
NPC/Class_A/210044/Default,NPC/Class_A/210044,128,128,128×128,1
NPC/Class_A/210044/Default,NPC/Class_A/210044,64,64,64×64,1
NPC/Class_A/210044/Default,NPC/Class_A/210044,1,1,1×1,1
NPC/Class_A/210045/Default,NPC/Class_A/210045,2048,2048,2048×2048,3
NPC/Class_A/210045/Default,NPC/Class_A/210045,1024,1024,1024×1024,10
NPC/Class_A/210045/Default,NPC/Class_A/210045,512,512,512×512,13
NPC/Class_A/210045/Default,NPC/Class_A/210045,256,256,256×256,7
NPC/Class_A/210045/Default,NPC/Class_A/210045,128,128,128×128,2
NPC/Class_A/210045/Default,NPC/Class_A/210045,64,64,64×64,1
NPC/Class_A/210046/Default,NPC/Class_A/210046,2048,2048,2048×2048,3
NPC/Class_A/210046/Default,NPC/Class_A/210046,1024,1024,1024×1024,12
NPC/Class_A/210046/Default,NPC/Class_A/210046,512,512,512×512,13
NPC/Class_A/210046/Default,NPC/Class_A/210046,256,256,256×256,6
NPC/Class_A/210046/Default,NPC/Class_A/210046,128,128,128×128,2
NPC/Class_A/210046/Default,NPC/Class_A/210046,64,64,64×64,1
NPC/Class_A/210047/Default,NPC/Class_A/210047,2048,2048,2048×2048,3
NPC/Class_A/210047/Default,NPC/Class_A/210047,1024,1024,1024×1024,11
NPC/Class_A/210047/Default,NPC/Class_A/210047,512,512,512×512,13
NPC/Class_A/210047/Default,NPC/Class_A/210047,256,256,256×256,6
NPC/Class_A/210047/Default,NPC/Class_A/210047,128,128,128×128,2
NPC/Class_A/210047/Default,NPC/Class_A/210047,64,64,64×64,1
NPC/Class_A/210048/Default,NPC/Class_A/210048,2048,2048,2048×2048,3
NPC/Class_A/210048/Default,NPC/Class_A/210048,1024,1024,1024×1024,11
NPC/Class_A/210048/Default,NPC/Class_A/210048,512,512,512×512,13
NPC/Class_A/210048/Default,NPC/Class_A/210048,256,256,256×256,7
NPC/Class_A/210048/Default,NPC/Class_A/210048,128,128,128×128,1
NPC/Class_A/210048/Default,NPC/Class_A/210048,64,64,64×64,1
NPC/Class_A/210049/Default,NPC/Class_A/210049,2048,2048,2048×2048,3
NPC/Class_A/210049/Default,NPC/Class_A/210049,1024,1024,1024×1024,11
NPC/Class_A/210049/Default,NPC/Class_A/210049,512,512,512×512,13
NPC/Class_A/210049/Default,NPC/Class_A/210049,256,256,256×256,6
NPC/Class_A/210049/Default,NPC/Class_A/210049,128,128,128×128,2
NPC/Class_A/210049/Default,NPC/Class_A/210049,64,64,64×64,1
NPC/Class_A/210050/Default,NPC/Class_A/210050,2048,2048,2048×2048,3
NPC/Class_A/210050/Default,NPC/Class_A/210050,1024,1024,1024×1024,11
NPC/Class_A/210050/Default,NPC/Class_A/210050,512,512,512×512,12
NPC/Class_A/210050/Default,NPC/Class_A/210050,256,256,256×256,6
NPC/Class_A/210050/Default,NPC/Class_A/210050,128,128,128×128,2
NPC/Class_A/210050/Default,NPC/Class_A/210050,64,64,64×64,1
NPC/Class_A/210051/Default,NPC/Class_A/210051,2048,2048,2048×2048,3
NPC/Class_A/210051/Default,NPC/Class_A/210051,1024,1024,1024×1024,10
NPC/Class_A/210051/Default,NPC/Class_A/210051,512,512,512×512,9
NPC/Class_A/210051/Default,NPC/Class_A/210051,256,256,256×256,5
NPC/Class_A/210051/Default,NPC/Class_A/210051,128,128,128×128,1
NPC/Class_A/210051/Default,NPC/Class_A/210051,64,64,64×64,1
NPC/Class_A/210052/Default,NPC/Class_A/210052,2048,2048,2048×2048,5
NPC/Class_A/210052/Default,NPC/Class_A/210052,1024,1024,1024×1024,10
NPC/Class_A/210052/Default,NPC/Class_A/210052,512,512,512×512,10
NPC/Class_A/210052/Default,NPC/Class_A/210052,256,256,256×256,5
NPC/Class_A/210052/Default,NPC/Class_A/210052,128,128,128×128,1
NPC/Class_A/210052/Default,NPC/Class_A/210052,64,64,64×64,1
NPC/Class_A/210053/Default,NPC/Class_A/210053,2048,2048,2048×2048,3
NPC/Class_A/210053/Default,NPC/Class_A/210053,1024,1024,1024×1024,11
NPC/Class_A/210053/Default,NPC/Class_A/210053,512,512,512×512,13
NPC/Class_A/210053/Default,NPC/Class_A/210053,256,256,256×256,6
NPC/Class_A/210053/Default,NPC/Class_A/210053,128,128,128×128,2
NPC/Class_A/210053/Default,NPC/Class_A/210053,64,64,64×64,1
NPC/Class_A/210054/Default,NPC/Class_A/210054,2048,2048,2048×2048,3
NPC/Class_A/210054/Default,NPC/Class_A/210054,1024,1024,1024×1024,10
NPC/Class_A/210054/Default,NPC/Class_A/210054,512,512,512×512,11
NPC/Class_A/210054/Default,NPC/Class_A/210054,256,256,256×256,5
NPC/Class_A/210054/Default,NPC/Class_A/210054,128,128,128×128,1
NPC/Class_A/210054/Default,NPC/Class_A/210054,64,64,64×64,1
NPC/Class_A/210055/Default,NPC/Class_A/210055,2048,2048,2048×2048,3
NPC/Class_A/210055/Default,NPC/Class_A/210055,1024,1024,1024×1024,10
NPC/Class_A/210055/Default,NPC/Class_A/210055,512,512,512×512,12
NPC/Class_A/210055/Default,NPC/Class_A/210055,256,256,256×256,5
NPC/Class_A/210055/Default,NPC/Class_A/210055,128,128,128×128,1
NPC/Class_A/210055/Default,NPC/Class_A/210055,64,64,64×64,1
NPC/Class_A/210056/Default,NPC/Class_A/210056,2048,2048,2048×2048,3
NPC/Class_A/210056/Default,NPC/Class_A/210056,1024,1024,1024×1024,10
NPC/Class_A/210056/Default,NPC/Class_A/210056,512,512,512×512,12
NPC/Class_A/210056/Default,NPC/Class_A/210056,256,256,256×256,5
NPC/Class_A/210056/Default,NPC/Class_A/210056,128,128,128×128,1
NPC/Class_A/210056/Default,NPC/Class_A/210056,64,64,64×64,1
NPC/Class_A/210057/Default,NPC/Class_A/210057,2048,2048,2048×2048,3
NPC/Class_A/210057/Default,NPC/Class_A/210057,1024,1024,1024×1024,10
NPC/Class_A/210057/Default,NPC/Class_A/210057,512,512,512×512,12
NPC/Class_A/210057/Default,NPC/Class_A/210057,256,256,256×256,5
NPC/Class_A/210057/Default,NPC/Class_A/210057,128,128,128×128,1
NPC/Class_A/210057/Default,NPC/Class_A/210057,64,64,64×64,1
NPC/Class_A/210058/Default,NPC/Class_A/210058,2048,2048,2048×2048,5
NPC/Class_A/210058/Default,NPC/Class_A/210058,1024,1024,1024×1024,8
NPC/Class_A/210058/Default,NPC/Class_A/210058,512,512,512×512,11
NPC/Class_A/210058/Default,NPC/Class_A/210058,256,256,256×256,4
NPC/Class_A/210058/Default,NPC/Class_A/210058,128,128,128×128,2
NPC/Class_A/210058/Default,NPC/Class_A/210058,64,64,64×64,1
NPC/Class_A/210059/Default,NPC/Class_A/210059,2048,2048,2048×2048,4
NPC/Class_A/210059/Default,NPC/Class_A/210059,1024,1024,1024×1024,4
NPC/Class_A/210059/Default,NPC/Class_A/210059,512,512,512×512,2
NPC/Class_A/210060/Default,NPC/Class_A/210060,2048,2048,2048×2048,3
NPC/Class_A/210060/Default,NPC/Class_A/210060,1024,1024,1024×1024,10
NPC/Class_A/210060/Default,NPC/Class_A/210060,512,512,512×512,11
NPC/Class_A/210060/Default,NPC/Class_A/210060,256,256,256×256,5
NPC/Class_A/210060/Default,NPC/Class_A/210060,128,128,128×128,1
NPC/Class_A/210060/Default,NPC/Class_A/210060,64,64,64×64,1
NPC/Class_A/210061/Default,NPC/Class_A/210061,2048,2048,2048×2048,3
NPC/Class_A/210061/Default,NPC/Class_A/210061,1024,1024,1024×1024,10
NPC/Class_A/210061/Default,NPC/Class_A/210061,512,512,512×512,12
NPC/Class_A/210061/Default,NPC/Class_A/210061,256,256,256×256,3
NPC/Class_A/210061/Default,NPC/Class_A/210061,128,128,128×128,1
NPC/Class_A/210062/Default,NPC/Class_A/210062,2048,2048,2048×2048,3
NPC/Class_A/210062/Default,NPC/Class_A/210062,1024,1024,1024×1024,10
NPC/Class_A/210062/Default,NPC/Class_A/210062,512,512,512×512,12
NPC/Class_A/210062/Default,NPC/Class_A/210062,256,256,256×256,6
NPC/Class_A/210062/Default,NPC/Class_A/210062,128,128,128×128,1
NPC/Class_A/210062/Default,NPC/Class_A/210062,64,64,64×64,1
NPC/Class_A/210063/Default,NPC/Class_A/210063,2048,2048,2048×2048,3
NPC/Class_A/210063/Default,NPC/Class_A/210063,1024,1024,1024×1024,11
NPC/Class_A/210063/Default,NPC/Class_A/210063,512,512,512×512,13
NPC/Class_A/210063/Default,NPC/Class_A/210063,256,256,256×256,6
NPC/Class_A/210063/Default,NPC/Class_A/210063,128,128,128×128,2
NPC/Class_A/210063/Default,NPC/Class_A/210063,64,64,64×64,1
NPC/Class_A/210064/Default,NPC/Class_A/210064,2048,2048,2048×2048,5
NPC/Class_A/210064/Default,NPC/Class_A/210064,1024,1024,1024×1024,7
NPC/Class_A/210064/Default,NPC/Class_A/210064,512,512,512×512,10
NPC/Class_A/210064/Default,NPC/Class_A/210064,256,256,256×256,1
NPC/Class_A/210064/Default,NPC/Class_A/210064,128,128,128×128,1
NPC/Class_A/210065/Default,NPC/Class_A/210065,2048,2048,2048×2048,3
NPC/Class_A/210065/Default,NPC/Class_A/210065,1024,1024,1024×1024,11
NPC/Class_A/210065/Default,NPC/Class_A/210065,512,512,512×512,12
NPC/Class_A/210065/Default,NPC/Class_A/210065,256,256,256×256,6
NPC/Class_A/210065/Default,NPC/Class_A/210065,128,128,128×128,2
NPC/Class_A/210065/Default,NPC/Class_A/210065,64,64,64×64,1
NPC/Class_A/210066/Default,NPC/Class_A/210066,2048,2048,2048×2048,4
NPC/Class_A/210066/Default,NPC/Class_A/210066,1024,1024,1024×1024,12
NPC/Class_A/210066/Default,NPC/Class_A/210066,512,512,512×512,12
NPC/Class_A/210066/Default,NPC/Class_A/210066,256,256,256×256,6
NPC/Class_A/210066/Default,NPC/Class_A/210066,128,128,128×128,2
NPC/Class_A/210066/Default,NPC/Class_A/210066,64,64,64×64,1
NPC/Class_A/210067/Default,NPC/Class_A/210067,2048,2048,2048×2048,3
NPC/Class_A/210067/Default,NPC/Class_A/210067,1024,1024,1024×1024,11
NPC/Class_A/210067/Default,NPC/Class_A/210067,512,512,512×512,11
NPC/Class_A/210067/Default,NPC/Class_A/210067,256,256,256×256,5
NPC/Class_A/210067/Default,NPC/Class_A/210067,128,128,128×128,1
NPC/Class_A/210067/Default,NPC/Class_A/210067,64,64,64×64,1
NPC/Class_A/210068/Default,NPC/Class_A/210068,2048,2048,2048×2048,3
NPC/Class_A/210068/Default,NPC/Class_A/210068,1024,1024,1024×1024,10
NPC/Class_A/210068/Default,NPC/Class_A/210068,512,512,512×512,10
NPC/Class_A/210068/Default,NPC/Class_A/210068,256,256,256×256,5
NPC/Class_A/210068/Default,NPC/Class_A/210068,128,128,128×128,1
NPC/Class_A/210068/Default,NPC/Class_A/210068,64,64,64×64,1
NPC/Class_A/210069/Default,NPC/Class_A/210069,2048,2048,2048×2048,3
NPC/Class_A/210069/Default,NPC/Class_A/210069,1024,1024,1024×1024,7
NPC/Class_A/210069/Default,NPC/Class_A/210069,512,512,512×512,8
NPC/Class_A/210069/Default,NPC/Class_A/210069,256,256,256×256,3
NPC/Class_A/210069/Default,NPC/Class_A/210069,128,128,128×128,1
NPC/Class_A/210069/Default,NPC/Class_A/210069,64,64,64×64,1
NPC/Class_A/210069/Default,NPC/Class_A/210069,1,1,1×1,1
NPC/Class_A/210070/Default,NPC/Class_A/210070,2048,2048,2048×2048,3
NPC/Class_A/210070/Default,NPC/Class_A/210070,1024,1024,1024×1024,12
NPC/Class_A/210070/Default,NPC/Class_A/210070,512,512,512×512,10
NPC/Class_A/210070/Default,NPC/Class_A/210070,256,256,256×256,5
NPC/Class_A/210070/Default,NPC/Class_A/210070,128,128,128×128,1
NPC/Class_A/210070/Default,NPC/Class_A/210070,64,64,64×64,1
NPC/Class_A/210071/Default,NPC/Class_A/210071,2048,2048,2048×2048,3
NPC/Class_A/210071/Default,NPC/Class_A/210071,1024,1024,1024×1024,11
NPC/Class_A/210071/Default,NPC/Class_A/210071,512,512,512×512,10
NPC/Class_A/210071/Default,NPC/Class_A/210071,256,256,256×256,4
NPC/Class_A/210071/Default,NPC/Class_A/210071,128,128,128×128,1
NPC/Class_A/210071/Default,NPC/Class_A/210071,64,64,64×64,1
NPC/Class_A/210072/Default,NPC/Class_A/210072,2048,2048,2048×2048,3
NPC/Class_A/210072/Default,NPC/Class_A/210072,1024,1024,1024×1024,11
NPC/Class_A/210072/Default,NPC/Class_A/210072,512,512,512×512,12
NPC/Class_A/210072/Default,NPC/Class_A/210072,256,256,256×256,6
NPC/Class_A/210072/Default,NPC/Class_A/210072,128,128,128×128,2
NPC/Class_A/210072/Default,NPC/Class_A/210072,64,64,64×64,1
NPC/Class_A/210073/Default,NPC/Class_A/210073,2048,2048,2048×2048,3
NPC/Class_A/210073/Default,NPC/Class_A/210073,1024,1024,1024×1024,10
NPC/Class_A/210073/Default,NPC/Class_A/210073,512,512,512×512,14
NPC/Class_A/210073/Default,NPC/Class_A/210073,256,256,256×256,6
NPC/Class_A/210073/Default,NPC/Class_A/210073,128,128,128×128,2
NPC/Class_A/210073/Default,NPC/Class_A/210073,64,64,64×64,1
NPC/Class_A/210074/Default,NPC/Class_A/210074,2048,2048,2048×2048,6
NPC/Class_A/210074/Default,NPC/Class_A/210074,1024,1024,1024×1024,4
NPC/Class_A/210074/Default,NPC/Class_A/210074,512,512,512×512,2
NPC/Class_A/210074/Default,NPC/Class_A/210074,256,256,256×256,1
NPC/Class_A/210074/Default,NPC/Class_A/210074,128,128,128×128,1
NPC/Class_A/210075/Default,NPC/Class_A/210075,2048,2048,2048×2048,3
NPC/Class_A/210075/Default,NPC/Class_A/210075,1024,1024,1024×1024,11
NPC/Class_A/210075/Default,NPC/Class_A/210075,512,512,512×512,11
NPC/Class_A/210075/Default,NPC/Class_A/210075,256,256,256×256,5
NPC/Class_A/210075/Default,NPC/Class_A/210075,128,128,128×128,1
NPC/Class_A/210075/Default,NPC/Class_A/210075,64,64,64×64,1
NPC/Class_A/210076/Default,NPC/Class_A/210076,2048,2048,2048×2048,3
NPC/Class_A/210076/Default,NPC/Class_A/210076,1024,1024,1024×1024,12
NPC/Class_A/210076/Default,NPC/Class_A/210076,512,512,512×512,12
NPC/Class_A/210076/Default,NPC/Class_A/210076,256,256,256×256,6
NPC/Class_A/210076/Default,NPC/Class_A/210076,128,128,128×128,2
NPC/Class_A/210076/Default,NPC/Class_A/210076,64,64,64×64,1
NPC/Class_A/210077/Default,NPC/Class_A/210077,2048,2048,2048×2048,3
NPC/Class_A/210077/Default,NPC/Class_A/210077,1024,1024,1024×1024,10
NPC/Class_A/210077/Default,NPC/Class_A/210077,512,512,512×512,13
NPC/Class_A/210077/Default,NPC/Class_A/210077,256,256,256×256,7
NPC/Class_A/210077/Default,NPC/Class_A/210077,128,128,128×128,2
NPC/Class_A/210077/Default,NPC/Class_A/210077,64,64,64×64,1
NPC/Class_A/210078/Default,NPC/Class_A/210078,2048,2048,2048×2048,3
NPC/Class_A/210078/Default,NPC/Class_A/210078,1024,1024,1024×1024,11
NPC/Class_A/210078/Default,NPC/Class_A/210078,512,512,512×512,12
NPC/Class_A/210078/Default,NPC/Class_A/210078,256,256,256×256,6
NPC/Class_A/210078/Default,NPC/Class_A/210078,128,128,128×128,2
NPC/Class_A/210078/Default,NPC/Class_A/210078,64,64,64×64,1
NPC/Class_A/210079/Default,NPC/Class_A/210079,2048,2048,2048×2048,6
NPC/Class_A/210079/Default,NPC/Class_A/210079,1024,1024,1024×1024,4
NPC/Class_A/210079/Default,NPC/Class_A/210079,512,512,512×512,1
NPC/Class_A/210079/Default,NPC/Class_A/210079,256,256,256×256,1
NPC/Class_A/210079/Default,NPC/Class_A/210079,128,128,128×128,1
NPC/Class_A/210080/Default,NPC/Class_A/210080,2048,2048,2048×2048,3
NPC/Class_A/210080/Default,NPC/Class_A/210080,1024,1024,1024×1024,11
NPC/Class_A/210080/Default,NPC/Class_A/210080,512,512,512×512,13
NPC/Class_A/210080/Default,NPC/Class_A/210080,256,256,256×256,6
NPC/Class_A/210080/Default,NPC/Class_A/210080,128,128,128×128,2
NPC/Class_A/210080/Default,NPC/Class_A/210080,64,64,64×64,1
NPC/Class_A/210081/Default,NPC/Class_A/210081,2048,2048,2048×2048,5
NPC/Class_A/210081/Default,NPC/Class_A/210081,1024,1024,1024×1024,7
NPC/Class_A/210081/Default,NPC/Class_A/210081,512,512,512×512,9
NPC/Class_A/210081/Default,NPC/Class_A/210081,256,256,256×256,3
NPC/Class_A/210081/Default,NPC/Class_A/210081,128,128,128×128,1
NPC/Class_A/210081/Default,NPC/Class_A/210081,64,64,64×64,1
NPC/Class_A/210082/Default,NPC/Class_A/210082,2048,2048,2048×2048,3
NPC/Class_A/210082/Default,NPC/Class_A/210082,1024,1024,1024×1024,8
NPC/Class_A/210082/Default,NPC/Class_A/210082,512,512,512×512,7
NPC/Class_A/210082/Default,NPC/Class_A/210082,256,256,256×256,3
NPC/Class_A/210082/Default,NPC/Class_A/210082,128,128,128×128,1
NPC/Class_A/210082/Default,NPC/Class_A/210082,64,64,64×64,1
NPC/Class_A/210083/Default,NPC/Class_A/210083,2048,2048,2048×2048,5
NPC/Class_A/210083/Default,NPC/Class_A/210083,1024,1024,1024×1024,9
NPC/Class_A/210083/Default,NPC/Class_A/210083,512,512,512×512,11
NPC/Class_A/210083/Default,NPC/Class_A/210083,256,256,256×256,4
NPC/Class_A/210083/Default,NPC/Class_A/210083,128,128,128×128,2
NPC/Class_A/210083/Default,NPC/Class_A/210083,64,64,64×64,1
NPC/Class_A/210084/Default,NPC/Class_A/210084,2048,2048,2048×2048,3
NPC/Class_A/210084/Default,NPC/Class_A/210084,1024,1024,1024×1024,11
NPC/Class_A/210084/Default,NPC/Class_A/210084,512,512,512×512,13
NPC/Class_A/210084/Default,NPC/Class_A/210084,256,256,256×256,6
NPC/Class_A/210084/Default,NPC/Class_A/210084,128,128,128×128,2
NPC/Class_A/210084/Default,NPC/Class_A/210084,64,64,64×64,1
NPC/Class_A/210085/Default,NPC/Class_A/210085,2048,2048,2048×2048,3
NPC/Class_A/210085/Default,NPC/Class_A/210085,1024,1024,1024×1024,10
NPC/Class_A/210085/Default,NPC/Class_A/210085,512,512,512×512,12
NPC/Class_A/210085/Default,NPC/Class_A/210085,256,256,256×256,6
NPC/Class_A/210085/Default,NPC/Class_A/210085,128,128,128×128,1
NPC/Class_A/210085/Default,NPC/Class_A/210085,64,64,64×64,1
NPC/Class_A/210086/Default,NPC/Class_A/210086,2048,2048,2048×2048,3
NPC/Class_A/210086/Default,NPC/Class_A/210086,1024,1024,1024×1024,13
NPC/Class_A/210086/Default,NPC/Class_A/210086,512,512,512×512,11
NPC/Class_A/210086/Default,NPC/Class_A/210086,256,256,256×256,6
NPC/Class_A/210086/Default,NPC/Class_A/210086,128,128,128×128,1
NPC/Class_A/210086/Default,NPC/Class_A/210086,64,64,64×64,1
NPC/Class_A/210087/Default,NPC/Class_A/210087,2048,2048,2048×2048,5
NPC/Class_A/210087/Default,NPC/Class_A/210087,1024,1024,1024×1024,9
NPC/Class_A/210087/Default,NPC/Class_A/210087,512,512,512×512,12
NPC/Class_A/210087/Default,NPC/Class_A/210087,256,256,256×256,4
NPC/Class_A/210087/Default,NPC/Class_A/210087,128,128,128×128,2
NPC/Class_A/210087/Default,NPC/Class_A/210087,64,64,64×64,1
NPC/Class_A/210088/Default,NPC/Class_A/210088,2048,2048,2048×2048,5
NPC/Class_A/210088/Default,NPC/Class_A/210088,1024,1024,1024×1024,7
NPC/Class_A/210088/Default,NPC/Class_A/210088,512,512,512×512,10
NPC/Class_A/210088/Default,NPC/Class_A/210088,256,256,256×256,3
NPC/Class_A/210088/Default,NPC/Class_A/210088,128,128,128×128,1
NPC/Class_A/210088/Default,NPC/Class_A/210088,64,64,64×64,1
NPC/Class_A/210089/Default,NPC/Class_A/210089,2048,2048,2048×2048,3
NPC/Class_A/210089/Default,NPC/Class_A/210089,1024,1024,1024×1024,11
NPC/Class_A/210089/Default,NPC/Class_A/210089,512,512,512×512,11
NPC/Class_A/210089/Default,NPC/Class_A/210089,256,256,256×256,5
NPC/Class_A/210089/Default,NPC/Class_A/210089,128,128,128×128,1
NPC/Class_A/210089/Default,NPC/Class_A/210089,64,64,64×64,1
NPC/Class_A/210090/Default,NPC/Class_A/210090,2048,2048,2048×2048,5
NPC/Class_A/210090/Default,NPC/Class_A/210090,1024,1024,1024×1024,8
NPC/Class_A/210090/Default,NPC/Class_A/210090,512,512,512×512,9
NPC/Class_A/210090/Default,NPC/Class_A/210090,256,256,256×256,3
NPC/Class_A/210090/Default,NPC/Class_A/210090,128,128,128×128,1
NPC/Class_A/210090/Default,NPC/Class_A/210090,64,64,64×64,1
NPC/Class_A/210091/Default,NPC/Class_A/210091,2048,2048,2048×2048,5
NPC/Class_A/210091/Default,NPC/Class_A/210091,1024,1024,1024×1024,8
NPC/Class_A/210091/Default,NPC/Class_A/210091,512,512,512×512,8
NPC/Class_A/210091/Default,NPC/Class_A/210091,256,256,256×256,3
NPC/Class_A/210091/Default,NPC/Class_A/210091,128,128,128×128,1
NPC/Class_A/210091/Default,NPC/Class_A/210091,64,64,64×64,1
NPC/Class_A/210092/Default,NPC/Class_A/210092,2048,2048,2048×2048,3
NPC/Class_A/210092/Default,NPC/Class_A/210092,1024,1024,1024×1024,10
NPC/Class_A/210092/Default,NPC/Class_A/210092,512,512,512×512,11
NPC/Class_A/210092/Default,NPC/Class_A/210092,256,256,256×256,2
NPC/Class_A/210093/Default,NPC/Class_A/210093,2048,2048,2048×2048,5
NPC/Class_A/210093/Default,NPC/Class_A/210093,1024,1024,1024×1024,10
NPC/Class_A/210093/Default,NPC/Class_A/210093,512,512,512×512,10
NPC/Class_A/210093/Default,NPC/Class_A/210093,256,256,256×256,4
NPC/Class_A/210093/Default,NPC/Class_A/210093,128,128,128×128,2
NPC/Class_A/210093/Default,NPC/Class_A/210093,64,64,64×64,1
NPC/Class_A/210094/Default,NPC/Class_A/210094,2048,2048,2048×2048,3
NPC/Class_A/210094/Default,NPC/Class_A/210094,1024,1024,1024×1024,10
NPC/Class_A/210094/Default,NPC/Class_A/210094,512,512,512×512,10
NPC/Class_A/210094/Default,NPC/Class_A/210094,256,256,256×256,2
NPC/Class_A/210095/Default,NPC/Class_A/210095,2048,2048,2048×2048,3
NPC/Class_A/210095/Default,NPC/Class_A/210095,1024,1024,1024×1024,10
NPC/Class_A/210095/Default,NPC/Class_A/210095,512,512,512×512,9
NPC/Class_A/210095/Default,NPC/Class_A/210095,256,256,256×256,3
NPC/Class_A/210100/Default,NPC/Class_A/210100,2048,2048,2048×2048,4
NPC/Class_A/210100/Default,NPC/Class_A/210100,1024,1024,1024×1024,4
NPC/Class_A/210102/Default,NPC/Class_A/210102,2048,2048,2048×2048,7
NPC/Class_A/210102/Default,NPC/Class_A/210102,1024,1024,1024×1024,9
NPC/Class_A/210102/Default,NPC/Class_A/210102,512,512,512×512,10
NPC/Class_A/210102/Default,NPC/Class_A/210102,256,256,256×256,4
NPC/Class_A/210102/Default,NPC/Class_A/210102,64,64,64×64,1
NPC/Class_A/210105/Default,NPC/Class_A/210105,2048,2048,2048×2048,3
NPC/Class_A/210105/Default,NPC/Class_A/210105,1024,1024,1024×1024,10
NPC/Class_A/210105/Default,NPC/Class_A/210105,512,512,512×512,9
NPC/Class_A/210105/Default,NPC/Class_A/210105,256,256,256×256,5
NPC/Class_A/210105/Default,NPC/Class_A/210105,128,128,128×128,1
NPC/Class_A/210105/Default,NPC/Class_A/210105,64,64,64×64,1
NPC/Class_A/210106/Default,NPC/Class_A/210106,2048,2048,2048×2048,3
NPC/Class_A/210106/Default,NPC/Class_A/210106,1024,1024,1024×1024,11
NPC/Class_A/210106/Default,NPC/Class_A/210106,512,512,512×512,10
NPC/Class_A/210106/Default,NPC/Class_A/210106,256,256,256×256,6
NPC/Class_A/210106/Default,NPC/Class_A/210106,128,128,128×128,2
NPC/Class_A/210106/Default,NPC/Class_A/210106,64,64,64×64,1
NPC/Class_A/210107/Default,NPC/Class_A/210107,2048,2048,2048×2048,3
NPC/Class_A/210107/Default,NPC/Class_A/210107,1024,1024,1024×1024,10
NPC/Class_A/210107/Default,NPC/Class_A/210107,512,512,512×512,13
NPC/Class_A/210107/Default,NPC/Class_A/210107,256,256,256×256,7
NPC/Class_A/210107/Default,NPC/Class_A/210107,128,128,128×128,2
NPC/Class_A/210107/Default,NPC/Class_A/210107,64,64,64×64,1
NPC/Class_A/210110/Default,NPC/Class_A/210110,2048,2048,2048×2048,3
NPC/Class_A/210110/Default,NPC/Class_A/210110,1024,1024,1024×1024,11
NPC/Class_A/210110/Default,NPC/Class_A/210110,512,512,512×512,9
NPC/Class_A/210110/Default,NPC/Class_A/210110,256,256,256×256,4
NPC/Class_A/210110/Default,NPC/Class_A/210110,128,128,128×128,1
NPC/Class_A/210110/Default,NPC/Class_A/210110,64,64,64×64,1
NPC/Class_A/210111/Default,NPC/Class_A/210111,2048,2048,2048×2048,3
NPC/Class_A/210111/Default,NPC/Class_A/210111,1024,1024,1024×1024,8
NPC/Class_A/210111/Default,NPC/Class_A/210111,512,512,512×512,7
NPC/Class_A/210111/Default,NPC/Class_A/210111,1,1,1×1,1
NPC/Class_A/210112/Default,NPC/Class_A/210112,2048,2048,2048×2048,3
NPC/Class_A/210112/Default,NPC/Class_A/210112,1024,1024,1024×1024,11
NPC/Class_A/210112/Default,NPC/Class_A/210112,512,512,512×512,10
NPC/Class_A/210112/Default,NPC/Class_A/210112,256,256,256×256,5
NPC/Class_A/210112/Default,NPC/Class_A/210112,128,128,128×128,1
NPC/Class_A/210112/Default,NPC/Class_A/210112,64,64,64×64,1
NPC/Class_A/210113/Default,NPC/Class_A/210113,2048,2048,2048×2048,3
NPC/Class_A/210113/Default,NPC/Class_A/210113,1024,1024,1024×1024,11
NPC/Class_A/210113/Default,NPC/Class_A/210113,512,512,512×512,12
NPC/Class_A/210113/Default,NPC/Class_A/210113,256,256,256×256,6
NPC/Class_A/210113/Default,NPC/Class_A/210113,128,128,128×128,2
NPC/Class_A/210113/Default,NPC/Class_A/210113,64,64,64×64,1
NPC/Class_A/210114/Default,NPC/Class_A/210114,2048,2048,2048×2048,3
NPC/Class_A/210114/Default,NPC/Class_A/210114,1024,1024,1024×1024,10
NPC/Class_A/210114/Default,NPC/Class_A/210114,512,512,512×512,13
NPC/Class_A/210114/Default,NPC/Class_A/210114,256,256,256×256,6
NPC/Class_A/210114/Default,NPC/Class_A/210114,128,128,128×128,2
NPC/Class_A/210114/Default,NPC/Class_A/210114,64,64,64×64,1
NPC/Class_A/210116/Default,NPC/Class_A/210116,2048,2048,2048×2048,3
NPC/Class_A/210116/Default,NPC/Class_A/210116,1024,1024,1024×1024,11
NPC/Class_A/210116/Default,NPC/Class_A/210116,512,512,512×512,12
NPC/Class_A/210116/Default,NPC/Class_A/210116,256,256,256×256,7
NPC/Class_A/210116/Default,NPC/Class_A/210116,128,128,128×128,2
NPC/Class_A/210116/Default,NPC/Class_A/210116,64,64,64×64,1
NPC/Class_A/210117/Default,NPC/Class_A/210117,2048,2048,2048×2048,3
NPC/Class_A/210117/Default,NPC/Class_A/210117,1024,1024,1024×1024,11
NPC/Class_A/210117/Default,NPC/Class_A/210117,512,512,512×512,12
NPC/Class_A/210117/Default,NPC/Class_A/210117,256,256,256×256,6
NPC/Class_A/210117/Default,NPC/Class_A/210117,128,128,128×128,2
NPC/Class_A/210117/Default,NPC/Class_A/210117,64,64,64×64,1
NPC/Class_A/210118/Default,NPC/Class_A/210118,2048,2048,2048×2048,5
NPC/Class_A/210118/Default,NPC/Class_A/210118,1024,1024,1024×1024,9
NPC/Class_A/210118/Default,NPC/Class_A/210118,512,512,512×512,11
NPC/Class_A/210118/Default,NPC/Class_A/210118,256,256,256×256,5
NPC/Class_A/210118/Default,NPC/Class_A/210118,128,128,128×128,1
NPC/Class_A/210118/Default,NPC/Class_A/210118,64,64,64×64,1
NPC/Class_A/210119/Default,NPC/Class_A/210119,2048,2048,2048×2048,3
NPC/Class_A/210119/Default,NPC/Class_A/210119,1024,1024,1024×1024,10
NPC/Class_A/210119/Default,NPC/Class_A/210119,512,512,512×512,13
NPC/Class_A/210119/Default,NPC/Class_A/210119,256,256,256×256,6
NPC/Class_A/210119/Default,NPC/Class_A/210119,128,128,128×128,2
NPC/Class_A/210119/Default,NPC/Class_A/210119,64,64,64×64,1
NPC/Class_A/210120/Default,NPC/Class_A/210120,2048,2048,2048×2048,3
NPC/Class_A/210120/Default,NPC/Class_A/210120,1024,1024,1024×1024,11
NPC/Class_A/210120/Default,NPC/Class_A/210120,512,512,512×512,13
NPC/Class_A/210120/Default,NPC/Class_A/210120,256,256,256×256,6
NPC/Class_A/210120/Default,NPC/Class_A/210120,128,128,128×128,2
NPC/Class_A/210120/Default,NPC/Class_A/210120,64,64,64×64,1
NPC/Class_A/210121/Default,NPC/Class_A/210121,2048,2048,2048×2048,3
NPC/Class_A/210121/Default,NPC/Class_A/210121,1024,1024,1024×1024,10
NPC/Class_A/210121/Default,NPC/Class_A/210121,512,512,512×512,9
NPC/Class_A/210121/Default,NPC/Class_A/210121,256,256,256×256,2
NPC/Class_A/210122/Default,NPC/Class_A/210122,2048,2048,2048×2048,3
NPC/Class_A/210122/Default,NPC/Class_A/210122,1024,1024,1024×1024,11
NPC/Class_A/210122/Default,NPC/Class_A/210122,512,512,512×512,10
NPC/Class_A/210122/Default,NPC/Class_A/210122,256,256,256×256,5
NPC/Class_A/210122/Default,NPC/Class_A/210122,128,128,128×128,1
NPC/Class_A/210122/Default,NPC/Class_A/210122,64,64,64×64,1
NPC/Class_A/210123/Default,NPC/Class_A/210123,2048,2048,2048×2048,3
NPC/Class_A/210123/Default,NPC/Class_A/210123,1024,1024,1024×1024,11
NPC/Class_A/210123/Default,NPC/Class_A/210123,512,512,512×512,10
NPC/Class_A/210123/Default,NPC/Class_A/210123,256,256,256×256,5
NPC/Class_A/210123/Default,NPC/Class_A/210123,128,128,128×128,1
NPC/Class_A/210123/Default,NPC/Class_A/210123,64,64,64×64,1
NPC/Class_A/210124/Default,NPC/Class_A/210124,2048,2048,2048×2048,3
NPC/Class_A/210124/Default,NPC/Class_A/210124,1024,1024,1024×1024,10
NPC/Class_A/210124/Default,NPC/Class_A/210124,512,512,512×512,10
NPC/Class_A/210124/Default,NPC/Class_A/210124,256,256,256×256,1
NPC/Class_A/210125/Default,NPC/Class_A/210125,2048,2048,2048×2048,3
NPC/Class_A/210125/Default,NPC/Class_A/210125,1024,1024,1024×1024,11
NPC/Class_A/210125/Default,NPC/Class_A/210125,512,512,512×512,12
NPC/Class_A/210125/Default,NPC/Class_A/210125,256,256,256×256,6
NPC/Class_A/210125/Default,NPC/Class_A/210125,128,128,128×128,2
NPC/Class_A/210125/Default,NPC/Class_A/210125,64,64,64×64,1
NPC/Class_A/210126/Default,NPC/Class_A/210126,2048,2048,2048×2048,5
NPC/Class_A/210126/Default,NPC/Class_A/210126,1024,1024,1024×1024,10
NPC/Class_A/210126/Default,NPC/Class_A/210126,512,512,512×512,11
NPC/Class_A/210126/Default,NPC/Class_A/210126,256,256,256×256,4
NPC/Class_A/210126/Default,NPC/Class_A/210126,128,128,128×128,2
NPC/Class_A/210126/Default,NPC/Class_A/210126,64,64,64×64,1
NPC/Class_A/210127/Default,NPC/Class_A/210127,2048,2048,2048×2048,5
NPC/Class_A/210127/Default,NPC/Class_A/210127,1024,1024,1024×1024,9
NPC/Class_A/210127/Default,NPC/Class_A/210127,512,512,512×512,12
NPC/Class_A/210127/Default,NPC/Class_A/210127,256,256,256×256,4
NPC/Class_A/210127/Default,NPC/Class_A/210127,128,128,128×128,2
NPC/Class_A/210127/Default,NPC/Class_A/210127,64,64,64×64,1
NPC/Class_A/210128/Default,NPC/Class_A/210128,2048,2048,2048×2048,3
NPC/Class_A/210128/Default,NPC/Class_A/210128,1024,1024,1024×1024,10
NPC/Class_A/210128/Default,NPC/Class_A/210128,512,512,512×512,11
NPC/Class_A/210128/Default,NPC/Class_A/210128,256,256,256×256,5
NPC/Class_A/210128/Default,NPC/Class_A/210128,128,128,128×128,1
NPC/Class_A/210128/Default,NPC/Class_A/210128,64,64,64×64,1
NPC/Class_A/210129/Default,NPC/Class_A/210129,2048,2048,2048×2048,3
NPC/Class_A/210129/Default,NPC/Class_A/210129,1024,1024,1024×1024,10
NPC/Class_A/210129/Default,NPC/Class_A/210129,512,512,512×512,9
NPC/Class_A/210129/Default,NPC/Class_A/210129,256,256,256×256,5
NPC/Class_A/210129/Default,NPC/Class_A/210129,128,128,128×128,1
NPC/Class_A/210129/Default,NPC/Class_A/210129,64,64,64×64,1
NPC/Class_A/210130/Default,NPC/Class_A/210130,2048,2048,2048×2048,3
NPC/Class_A/210130/Default,NPC/Class_A/210130,1024,1024,1024×1024,11
NPC/Class_A/210130/Default,NPC/Class_A/210130,512,512,512×512,8
NPC/Class_A/210130/Default,NPC/Class_A/210130,256,256,256×256,5
NPC/Class_A/210130/Default,NPC/Class_A/210130,128,128,128×128,1
NPC/Class_A/210130/Default,NPC/Class_A/210130,64,64,64×64,1
NPC/Class_A/210131/Default,NPC/Class_A/210131,2048,2048,2048×2048,3
NPC/Class_A/210131/Default,NPC/Class_A/210131,1024,1024,1024×1024,10
NPC/Class_A/210131/Default,NPC/Class_A/210131,512,512,512×512,11
NPC/Class_A/210131/Default,NPC/Class_A/210131,256,256,256×256,6
NPC/Class_A/210131/Default,NPC/Class_A/210131,128,128,128×128,2
NPC/Class_A/210131/Default,NPC/Class_A/210131,64,64,64×64,1
NPC/Class_A/210132/Default,NPC/Class_A/210132,2048,2048,2048×2048,5
NPC/Class_A/210132/Default,NPC/Class_A/210132,1024,1024,1024×1024,9
NPC/Class_A/210132/Default,NPC/Class_A/210132,512,512,512×512,12
NPC/Class_A/210132/Default,NPC/Class_A/210132,256,256,256×256,4
NPC/Class_A/210132/Default,NPC/Class_A/210132,128,128,128×128,2
NPC/Class_A/210132/Default,NPC/Class_A/210132,64,64,64×64,1
NPC/Class_A/210133/Default,NPC/Class_A/210133,2048,2048,2048×2048,5
NPC/Class_A/210133/Default,NPC/Class_A/210133,1024,1024,1024×1024,5
NPC/Class_A/210133/Default,NPC/Class_A/210133,512,512,512×512,7
NPC/Class_A/210133/Default,NPC/Class_A/210133,256,256,256×256,2
NPC/Class_A/210134/Default,NPC/Class_A/210134,2048,2048,2048×2048,3
NPC/Class_A/210134/Default,NPC/Class_A/210134,1024,1024,1024×1024,6
NPC/Class_A/210134/Default,NPC/Class_A/210134,512,512,512×512,4
NPC/Class_A/210135/Default,NPC/Class_A/210135,2048,2048,2048×2048,4
NPC/Class_A/210135/Default,NPC/Class_A/210135,1024,1024,1024×1024,4
NPC/Class_A/210135/Default,NPC/Class_A/210135,128,128,128×128,1
NPC/Class_A/210136/Default,NPC/Class_A/210136,2048,2048,2048×2048,6
NPC/Class_A/210136/Default,NPC/Class_A/210136,1024,1024,1024×1024,4
NPC/Class_A/210136/Default,NPC/Class_A/210136,512,512,512×512,3
NPC/Class_A/210136/Default,NPC/Class_A/210136,256,256,256×256,2
NPC/Class_A/210136/Default,NPC/Class_A/210136,1,1,1×1,1
NPC/Class_A/210137/Default,NPC/Class_A/210137,2048,2048,2048×2048,3
NPC/Class_A/210137/Default,NPC/Class_A/210137,1024,1024,1024×1024,10
NPC/Class_A/210137/Default,NPC/Class_A/210137,512,512,512×512,13
NPC/Class_A/210137/Default,NPC/Class_A/210137,256,256,256×256,6
NPC/Class_A/210137/Default,NPC/Class_A/210137,128,128,128×128,2
NPC/Class_A/210137/Default,NPC/Class_A/210137,64,64,64×64,1
NPC/Class_A/210140/Default,NPC/Class_A/210140,2048,2048,2048×2048,3
NPC/Class_A/210140/Default,NPC/Class_A/210140,1024,1024,1024×1024,10
NPC/Class_A/210140/Default,NPC/Class_A/210140,512,512,512×512,11
NPC/Class_A/210140/Default,NPC/Class_A/210140,256,256,256×256,5
NPC/Class_A/210140/Default,NPC/Class_A/210140,128,128,128×128,1
NPC/Class_A/210140/Default,NPC/Class_A/210140,64,64,64×64,1
NPC/Class_A/210141/Default,NPC/Class_A/210141,2048,2048,2048×2048,3
NPC/Class_A/210141/Default,NPC/Class_A/210141,1024,1024,1024×1024,12
NPC/Class_A/210141/Default,NPC/Class_A/210141,512,512,512×512,10
NPC/Class_A/210141/Default,NPC/Class_A/210141,256,256,256×256,6
NPC/Class_A/210141/Default,NPC/Class_A/210141,128,128,128×128,1
NPC/Class_A/210141/Default,NPC/Class_A/210141,64,64,64×64,1
NPC/Class_A/210142/Default,NPC/Class_A/210142,2048,2048,2048×2048,3
NPC/Class_A/210142/Default,NPC/Class_A/210142,1024,1024,1024×1024,8
NPC/Class_A/210142/Default,NPC/Class_A/210142,512,512,512×512,7
NPC/Class_A/210142/Default,NPC/Class_A/210142,1,1,1×1,1
NPC/Class_A/210144/Default,NPC/Class_A/210144,2048,2048,2048×2048,3
NPC/Class_A/210144/Default,NPC/Class_A/210144,1024,1024,1024×1024,10
NPC/Class_A/210144/Default,NPC/Class_A/210144,512,512,512×512,11
NPC/Class_A/210144/Default,NPC/Class_A/210144,256,256,256×256,5
NPC/Class_A/210144/Default,NPC/Class_A/210144,128,128,128×128,1
NPC/Class_A/210144/Default,NPC/Class_A/210144,64,64,64×64,1
NPC/Class_A/210145/Default,NPC/Class_A/210145,2048,2048,2048×2048,3
NPC/Class_A/210145/Default,NPC/Class_A/210145,1024,1024,1024×1024,11
NPC/Class_A/210145/Default,NPC/Class_A/210145,512,512,512×512,12
NPC/Class_A/210145/Default,NPC/Class_A/210145,256,256,256×256,6
NPC/Class_A/210145/Default,NPC/Class_A/210145,128,128,128×128,2
NPC/Class_A/210145/Default,NPC/Class_A/210145,64,64,64×64,1
NPC/Class_A/210146/Default,NPC/Class_A/210146,2048,2048,2048×2048,3
NPC/Class_A/210146/Default,NPC/Class_A/210146,1024,1024,1024×1024,10
NPC/Class_A/210146/Default,NPC/Class_A/210146,512,512,512×512,11
NPC/Class_A/210146/Default,NPC/Class_A/210146,256,256,256×256,5
NPC/Class_A/210146/Default,NPC/Class_A/210146,128,128,128×128,1
NPC/Class_A/210146/Default,NPC/Class_A/210146,64,64,64×64,1
NPC/Class_A/210147/Default,NPC/Class_A/210147,2048,2048,2048×2048,3
NPC/Class_A/210147/Default,NPC/Class_A/210147,1024,1024,1024×1024,11
NPC/Class_A/210147/Default,NPC/Class_A/210147,512,512,512×512,12
NPC/Class_A/210147/Default,NPC/Class_A/210147,256,256,256×256,6
NPC/Class_A/210147/Default,NPC/Class_A/210147,128,128,128×128,2
NPC/Class_A/210147/Default,NPC/Class_A/210147,64,64,64×64,1
NPC/Class_A/210148/Default,NPC/Class_A/210148,2048,2048,2048×2048,3
NPC/Class_A/210148/Default,NPC/Class_A/210148,1024,1024,1024×1024,10
NPC/Class_A/210148/Default,NPC/Class_A/210148,512,512,512×512,13
NPC/Class_A/210148/Default,NPC/Class_A/210148,256,256,256×256,6
NPC/Class_A/210148/Default,NPC/Class_A/210148,128,128,128×128,2
NPC/Class_A/210148/Default,NPC/Class_A/210148,64,64,64×64,1
NPC/Class_A/210149/Default,NPC/Class_A/210149,2048,2048,2048×2048,3
NPC/Class_A/210149/Default,NPC/Class_A/210149,1024,1024,1024×1024,12
NPC/Class_A/210149/Default,NPC/Class_A/210149,512,512,512×512,12
NPC/Class_A/210149/Default,NPC/Class_A/210149,256,256,256×256,5
NPC/Class_A/210149/Default,NPC/Class_A/210149,128,128,128×128,2
NPC/Class_A/210149/Default,NPC/Class_A/210149,64,64,64×64,1
NPC/Class_A/210150/Default,NPC/Class_A/210150,2048,2048,2048×2048,3
NPC/Class_A/210150/Default,NPC/Class_A/210150,1024,1024,1024×1024,10
NPC/Class_A/210150/Default,NPC/Class_A/210150,512,512,512×512,13
NPC/Class_A/210150/Default,NPC/Class_A/210150,256,256,256×256,9
NPC/Class_A/210150/Default,NPC/Class_A/210150,128,128,128×128,2
NPC/Class_A/210150/Default,NPC/Class_A/210150,64,64,64×64,1
NPC/Class_A/210151/Default,NPC/Class_A/210151,2048,2048,2048×2048,5
NPC/Class_A/210151/Default,NPC/Class_A/210151,1024,1024,1024×1024,8
NPC/Class_A/210151/Default,NPC/Class_A/210151,512,512,512×512,9
NPC/Class_A/210151/Default,NPC/Class_A/210151,256,256,256×256,3
NPC/Class_A/210151/Default,NPC/Class_A/210151,128,128,128×128,1
NPC/Class_A/210151/Default,NPC/Class_A/210151,64,64,64×64,1
NPC/Class_A/210152/Default,NPC/Class_A/210152,2048,2048,2048×2048,7
NPC/Class_A/210152/Default,NPC/Class_A/210152,1024,1024,1024×1024,11
NPC/Class_A/210152/Default,NPC/Class_A/210152,512,512,512×512,8
NPC/Class_A/210152/Default,NPC/Class_A/210152,256,256,256×256,3
NPC/Class_A/210152/Default,NPC/Class_A/210152,128,128,128×128,1
NPC/Class_A/210152/Default,NPC/Class_A/210152,64,64,64×64,1
NPC/Class_A/210153/Default,NPC/Class_A/210153,2048,2048,2048×2048,6
NPC/Class_A/210153/Default,NPC/Class_A/210153,1024,1024,1024×1024,7
NPC/Class_A/210153/Default,NPC/Class_A/210153,512,512,512×512,7
NPC/Class_A/210153/Default,NPC/Class_A/210153,256,256,256×256,3
NPC/Class_A/210153/Default,NPC/Class_A/210153,128,128,128×128,2
NPC/Class_A/210153/Default,NPC/Class_A/210153,64,64,64×64,1
NPC/Class_A/210154/Default,NPC/Class_A/210154,2048,2048,2048×2048,3
NPC/Class_A/210154/Default,NPC/Class_A/210154,1024,1024,1024×1024,10
NPC/Class_A/210154/Default,NPC/Class_A/210154,512,512,512×512,13
NPC/Class_A/210154/Default,NPC/Class_A/210154,256,256,256×256,6
NPC/Class_A/210154/Default,NPC/Class_A/210154,128,128,128×128,2
NPC/Class_A/210154/Default,NPC/Class_A/210154,64,64,64×64,1
NPC/Class_A/210155/Default,NPC/Class_A/210155,2048,2048,2048×2048,3
NPC/Class_A/210155/Default,NPC/Class_A/210155,1024,1024,1024×1024,11
NPC/Class_A/210155/Default,NPC/Class_A/210155,512,512,512×512,12
NPC/Class_A/210155/Default,NPC/Class_A/210155,256,256,256×256,6
NPC/Class_A/210155/Default,NPC/Class_A/210155,128,128,128×128,2
NPC/Class_A/210155/Default,NPC/Class_A/210155,64,64,64×64,1
NPC/Class_A/210156/Default,NPC/Class_A/210156,2048,2048,2048×2048,3
NPC/Class_A/210156/Default,NPC/Class_A/210156,1024,1024,1024×1024,11
NPC/Class_A/210156/Default,NPC/Class_A/210156,512,512,512×512,10
NPC/Class_A/210156/Default,NPC/Class_A/210156,256,256,256×256,5
NPC/Class_A/210156/Default,NPC/Class_A/210156,128,128,128×128,1
NPC/Class_A/210156/Default,NPC/Class_A/210156,64,64,64×64,1
NPC/Class_A/210157/Default,NPC/Class_A/210157,2048,2048,2048×2048,3
NPC/Class_A/210157/Default,NPC/Class_A/210157,1024,1024,1024×1024,11
NPC/Class_A/210157/Default,NPC/Class_A/210157,512,512,512×512,10
NPC/Class_A/210157/Default,NPC/Class_A/210157,256,256,256×256,5
NPC/Class_A/210157/Default,NPC/Class_A/210157,128,128,128×128,1
NPC/Class_A/210157/Default,NPC/Class_A/210157,64,64,64×64,1
NPC/Class_A/210158/Default,NPC/Class_A/210158,2048,2048,2048×2048,6
NPC/Class_A/210158/Default,NPC/Class_A/210158,1024,1024,1024×1024,8
NPC/Class_A/210158/Default,NPC/Class_A/210158,512,512,512×512,7
NPC/Class_A/210158/Default,NPC/Class_A/210158,256,256,256×256,3
NPC/Class_A/210158/Default,NPC/Class_A/210158,128,128,128×128,2
NPC/Class_A/210158/Default,NPC/Class_A/210158,64,64,64×64,1
NPC/Class_A/210159/Default,NPC/Class_A/210159,2048,2048,2048×2048,6
NPC/Class_A/210159/Default,NPC/Class_A/210159,1024,1024,1024×1024,8
NPC/Class_A/210159/Default,NPC/Class_A/210159,512,512,512×512,7
NPC/Class_A/210159/Default,NPC/Class_A/210159,256,256,256×256,3
NPC/Class_A/210159/Default,NPC/Class_A/210159,128,128,128×128,2
NPC/Class_A/210159/Default,NPC/Class_A/210159,64,64,64×64,1
NPC/Class_A/210161/Default,NPC/Class_A/210161,2048,2048,2048×2048,6
NPC/Class_A/210161/Default,NPC/Class_A/210161,1024,1024,1024×1024,10
NPC/Class_A/210161/Default,NPC/Class_A/210161,512,512,512×512,9
NPC/Class_A/210161/Default,NPC/Class_A/210161,256,256,256×256,5
NPC/Class_A/210161/Default,NPC/Class_A/210161,128,128,128×128,1
NPC/Class_A/210161/Default,NPC/Class_A/210161,64,64,64×64,1
NPC/Class_A/210162/Default,NPC/Class_A/210162,2048,2048,2048×2048,6
NPC/Class_A/210162/Default,NPC/Class_A/210162,1024,1024,1024×1024,10
NPC/Class_A/210162/Default,NPC/Class_A/210162,512,512,512×512,9
NPC/Class_A/210162/Default,NPC/Class_A/210162,256,256,256×256,5
NPC/Class_A/210162/Default,NPC/Class_A/210162,128,128,128×128,1
NPC/Class_A/210162/Default,NPC/Class_A/210162,64,64,64×64,1
NPC/Class_A/210163/Default,NPC/Class_A/210163,2048,2048,2048×2048,3
NPC/Class_A/210163/Default,NPC/Class_A/210163,1024,1024,1024×1024,11
NPC/Class_A/210163/Default,NPC/Class_A/210163,512,512,512×512,11
NPC/Class_A/210163/Default,NPC/Class_A/210163,256,256,256×256,6
NPC/Class_A/210163/Default,NPC/Class_A/210163,128,128,128×128,1
NPC/Class_A/210163/Default,NPC/Class_A/210163,64,64,64×64,1
NPC/Class_A/210164/Default,NPC/Class_A/210164,2048,2048,2048×2048,3
NPC/Class_A/210164/Default,NPC/Class_A/210164,1024,1024,1024×1024,9
NPC/Class_A/210164/Default,NPC/Class_A/210164,512,512,512×512,10
NPC/Class_A/210164/Default,NPC/Class_A/210164,256,256,256×256,6
NPC/Class_A/210164/Default,NPC/Class_A/210164,128,128,128×128,1
NPC/Class_A/210164/Default,NPC/Class_A/210164,64,64,64×64,1
NPC/Class_A/210165/Default,NPC/Class_A/210165,2048,2048,2048×2048,3
NPC/Class_A/210165/Default,NPC/Class_A/210165,1024,1024,1024×1024,10
NPC/Class_A/210165/Default,NPC/Class_A/210165,512,512,512×512,11
NPC/Class_A/210165/Default,NPC/Class_A/210165,256,256,256×256,5
NPC/Class_A/210165/Default,NPC/Class_A/210165,128,128,128×128,1
NPC/Class_A/210165/Default,NPC/Class_A/210165,64,64,64×64,1
NPC/Class_A/210166/Default,NPC/Class_A/210166,2048,2048,2048×2048,5
NPC/Class_A/210166/Default,NPC/Class_A/210166,1024,1024,1024×1024,8
NPC/Class_A/210166/Default,NPC/Class_A/210166,512,512,512×512,8
NPC/Class_A/210166/Default,NPC/Class_A/210166,256,256,256×256,3
NPC/Class_A/210166/Default,NPC/Class_A/210166,128,128,128×128,1
NPC/Class_A/210166/Default,NPC/Class_A/210166,64,64,64×64,1
NPC/Class_A/210167/Default,NPC/Class_A/210167,2048,2048,2048×2048,5
NPC/Class_A/210167/Default,NPC/Class_A/210167,1024,1024,1024×1024,8
NPC/Class_A/210167/Default,NPC/Class_A/210167,512,512,512×512,9
NPC/Class_A/210167/Default,NPC/Class_A/210167,256,256,256×256,3
NPC/Class_A/210167/Default,NPC/Class_A/210167,128,128,128×128,1
NPC/Class_A/210167/Default,NPC/Class_A/210167,64,64,64×64,1
NPC/Class_A/210168/Default,NPC/Class_A/210168,2048,2048,2048×2048,5
NPC/Class_A/210168/Default,NPC/Class_A/210168,1024,1024,1024×1024,7
NPC/Class_A/210168/Default,NPC/Class_A/210168,512,512,512×512,10
NPC/Class_A/210168/Default,NPC/Class_A/210168,256,256,256×256,3
NPC/Class_A/210168/Default,NPC/Class_A/210168,128,128,128×128,1
NPC/Class_A/210168/Default,NPC/Class_A/210168,64,64,64×64,1
NPC/Class_A/210169/Default,NPC/Class_A/210169,2048,2048,2048×2048,5
NPC/Class_A/210169/Default,NPC/Class_A/210169,1024,1024,1024×1024,11
NPC/Class_A/210169/Default,NPC/Class_A/210169,512,512,512×512,10
NPC/Class_A/210169/Default,NPC/Class_A/210169,256,256,256×256,6
NPC/Class_A/210169/Default,NPC/Class_A/210169,128,128,128×128,1
NPC/Class_A/210169/Default,NPC/Class_A/210169,64,64,64×64,1
NPC/Class_A/210170/Default,NPC/Class_A/210170,2048,2048,2048×2048,5
NPC/Class_A/210170/Default,NPC/Class_A/210170,1024,1024,1024×1024,8
NPC/Class_A/210170/Default,NPC/Class_A/210170,512,512,512×512,11
NPC/Class_A/210170/Default,NPC/Class_A/210170,256,256,256×256,5
NPC/Class_A/210170/Default,NPC/Class_A/210170,128,128,128×128,2
NPC/Class_A/210170/Default,NPC/Class_A/210170,64,64,64×64,1
NPC/Class_A/210171/Default,NPC/Class_A/210171,2048,2048,2048×2048,5
NPC/Class_A/210171/Default,NPC/Class_A/210171,1024,1024,1024×1024,10
NPC/Class_A/210171/Default,NPC/Class_A/210171,512,512,512×512,10
NPC/Class_A/210171/Default,NPC/Class_A/210171,256,256,256×256,6
NPC/Class_A/210171/Default,NPC/Class_A/210171,128,128,128×128,1
NPC/Class_A/210171/Default,NPC/Class_A/210171,64,64,64×64,1
NPC/Class_A/210172/Default,NPC/Class_A/210172,2048,2048,2048×2048,3
NPC/Class_A/210172/Default,NPC/Class_A/210172,1024,1024,1024×1024,8
NPC/Class_A/210172/Default,NPC/Class_A/210172,512,512,512×512,10
NPC/Class_A/210172/Default,NPC/Class_A/210172,256,256,256×256,4
NPC/Class_A/210172/Default,NPC/Class_A/210172,128,128,128×128,1
NPC/Class_A/210172/Default,NPC/Class_A/210172,64,64,64×64,1
NPC/Class_A/210173/Default,NPC/Class_A/210173,2048,2048,2048×2048,5
NPC/Class_A/210173/Default,NPC/Class_A/210173,1024,1024,1024×1024,8
NPC/Class_A/210173/Default,NPC/Class_A/210173,512,512,512×512,9
NPC/Class_A/210173/Default,NPC/Class_A/210173,256,256,256×256,4
NPC/Class_A/210173/Default,NPC/Class_A/210173,128,128,128×128,1
NPC/Class_A/210173/Default,NPC/Class_A/210173,64,64,64×64,1
NPC/Class_A/210174/Default,NPC/Class_A/210174,2048,2048,2048×2048,5
NPC/Class_A/210174/Default,NPC/Class_A/210174,1024,1024,1024×1024,8
NPC/Class_A/210174/Default,NPC/Class_A/210174,512,512,512×512,8
NPC/Class_A/210174/Default,NPC/Class_A/210174,256,256,256×256,3
NPC/Class_A/210174/Default,NPC/Class_A/210174,128,128,128×128,1
NPC/Class_A/210174/Default,NPC/Class_A/210174,64,64,64×64,1
NPC/Class_A/210175/Default,NPC/Class_A/210175,2048,2048,2048×2048,5
NPC/Class_A/210175/Default,NPC/Class_A/210175,1024,1024,1024×1024,7
NPC/Class_A/210175/Default,NPC/Class_A/210175,512,512,512×512,7
NPC/Class_A/210176/Default,NPC/Class_A/210176,2048,2048,2048×2048,4
NPC/Class_A/210176/Default,NPC/Class_A/210176,1024,1024,1024×1024,5
NPC/Class_A/210176/Default,NPC/Class_A/210176,512,512,512×512,4
NPC/Class_A/210177/Default,NPC/Class_A/210177,2048,2048,2048×2048,5
NPC/Class_A/210177/Default,NPC/Class_A/210177,1024,1024,1024×1024,7
NPC/Class_A/210177/Default,NPC/Class_A/210177,512,512,512×512,10
NPC/Class_A/210177/Default,NPC/Class_A/210177,256,256,256×256,3
NPC/Class_A/210177/Default,NPC/Class_A/210177,128,128,128×128,1
NPC/Class_A/210177/Default,NPC/Class_A/210177,64,64,64×64,1
NPC/Class_A/210178/Default,NPC/Class_A/210178,2048,2048,2048×2048,5
NPC/Class_A/210178/Default,NPC/Class_A/210178,1024,1024,1024×1024,8
NPC/Class_A/210178/Default,NPC/Class_A/210178,512,512,512×512,9
NPC/Class_A/210178/Default,NPC/Class_A/210178,256,256,256×256,3
NPC/Class_A/210178/Default,NPC/Class_A/210178,128,128,128×128,1
NPC/Class_A/210178/Default,NPC/Class_A/210178,64,64,64×64,1
NPC/Class_A/210179/Default,NPC/Class_A/210179,2048,2048,2048×2048,5
NPC/Class_A/210179/Default,NPC/Class_A/210179,1024,1024,1024×1024,8
NPC/Class_A/210179/Default,NPC/Class_A/210179,512,512,512×512,9
NPC/Class_A/210179/Default,NPC/Class_A/210179,256,256,256×256,3
NPC/Class_A/210179/Default,NPC/Class_A/210179,128,128,128×128,1
NPC/Class_A/210179/Default,NPC/Class_A/210179,64,64,64×64,1
NPC/Class_A/210180/Default,NPC/Class_A/210180,2048,2048,2048×2048,5
NPC/Class_A/210180/Default,NPC/Class_A/210180,1024,1024,1024×1024,7
NPC/Class_A/210180/Default,NPC/Class_A/210180,512,512,512×512,10
NPC/Class_A/210180/Default,NPC/Class_A/210180,256,256,256×256,3
NPC/Class_A/210180/Default,NPC/Class_A/210180,128,128,128×128,1
NPC/Class_A/210180/Default,NPC/Class_A/210180,64,64,64×64,1
NPC/Class_A/210181/Default,NPC/Class_A/210181,2048,2048,2048×2048,3
NPC/Class_A/210181/Default,NPC/Class_A/210181,1024,1024,1024×1024,11
NPC/Class_A/210181/Default,NPC/Class_A/210181,512,512,512×512,12
NPC/Class_A/210181/Default,NPC/Class_A/210181,256,256,256×256,6
NPC/Class_A/210181/Default,NPC/Class_A/210181,128,128,128×128,2
NPC/Class_A/210181/Default,NPC/Class_A/210181,64,64,64×64,1
NPC/Class_A/210182/Default,NPC/Class_A/210182,2048,2048,2048×2048,3
NPC/Class_A/210182/Default,NPC/Class_A/210182,1024,1024,1024×1024,11
NPC/Class_A/210182/Default,NPC/Class_A/210182,512,512,512×512,12
NPC/Class_A/210182/Default,NPC/Class_A/210182,256,256,256×256,6
NPC/Class_A/210182/Default,NPC/Class_A/210182,128,128,128×128,2
NPC/Class_A/210182/Default,NPC/Class_A/210182,64,64,64×64,1
NPC/Class_A/210183/Default,NPC/Class_A/210183,2048,2048,2048×2048,7
NPC/Class_A/210183/Default,NPC/Class_A/210183,1024,1024,1024×1024,8
NPC/Class_A/210183/Default,NPC/Class_A/210183,512,512,512×512,10
NPC/Class_A/210183/Default,NPC/Class_A/210183,256,256,256×256,3
NPC/Class_A/210183/Default,NPC/Class_A/210183,128,128,128×128,1
NPC/Class_A/210183/Default,NPC/Class_A/210183,64,64,64×64,1
NPC/Class_A/210185/Default,NPC/Class_A/210185,2048,2048,2048×2048,3
NPC/Class_A/210185/Default,NPC/Class_A/210185,1024,1024,1024×1024,10
NPC/Class_A/210185/Default,NPC/Class_A/210185,512,512,512×512,13
NPC/Class_A/210185/Default,NPC/Class_A/210185,256,256,256×256,6
NPC/Class_A/210185/Default,NPC/Class_A/210185,128,128,128×128,2
NPC/Class_A/210185/Default,NPC/Class_A/210185,64,64,64×64,1
NPC/Class_A/210186/Default,NPC/Class_A/210186,2048,2048,2048×2048,3
NPC/Class_A/210186/Default,NPC/Class_A/210186,1024,1024,1024×1024,11
NPC/Class_A/210186/Default,NPC/Class_A/210186,512,512,512×512,12
NPC/Class_A/210186/Default,NPC/Class_A/210186,256,256,256×256,6
NPC/Class_A/210186/Default,NPC/Class_A/210186,128,128,128×128,2
NPC/Class_A/210186/Default,NPC/Class_A/210186,64,64,64×64,1
NPC/Class_A/210187/Default,NPC/Class_A/210187,2048,2048,2048×2048,3
NPC/Class_A/210187/Default,NPC/Class_A/210187,1024,1024,1024×1024,10
NPC/Class_A/210187/Default,NPC/Class_A/210187,512,512,512×512,11
NPC/Class_A/210187/Default,NPC/Class_A/210187,256,256,256×256,5
NPC/Class_A/210187/Default,NPC/Class_A/210187,128,128,128×128,1
NPC/Class_A/210187/Default,NPC/Class_A/210187,64,64,64×64,1
NPC/Class_A/210188/Default,NPC/Class_A/210188,2048,2048,2048×2048,3
NPC/Class_A/210188/Default,NPC/Class_A/210188,1024,1024,1024×1024,11
NPC/Class_A/210188/Default,NPC/Class_A/210188,512,512,512×512,10
NPC/Class_A/210188/Default,NPC/Class_A/210188,256,256,256×256,5
NPC/Class_A/210188/Default,NPC/Class_A/210188,128,128,128×128,1
NPC/Class_A/210188/Default,NPC/Class_A/210188,64,64,64×64,1
NPC/Class_A/210189/Default,NPC/Class_A/210189,2048,2048,2048×2048,3
NPC/Class_A/210189/Default,NPC/Class_A/210189,1024,1024,1024×1024,10
NPC/Class_A/210189/Default,NPC/Class_A/210189,512,512,512×512,11
NPC/Class_A/210189/Default,NPC/Class_A/210189,256,256,256×256,5
NPC/Class_A/210189/Default,NPC/Class_A/210189,128,128,128×128,1
NPC/Class_A/210189/Default,NPC/Class_A/210189,64,64,64×64,1
NPC/Class_A/210191/Default,NPC/Class_A/210191,2048,2048,2048×2048,3
NPC/Class_A/210191/Default,NPC/Class_A/210191,1024,1024,1024×1024,11
NPC/Class_A/210191/Default,NPC/Class_A/210191,512,512,512×512,10
NPC/Class_A/210191/Default,NPC/Class_A/210191,256,256,256×256,5
NPC/Class_A/210191/Default,NPC/Class_A/210191,128,128,128×128,1
NPC/Class_A/210191/Default,NPC/Class_A/210191,64,64,64×64,1
NPC/Class_A/210192/Default,NPC/Class_A/210192,2048,2048,2048×2048,3
NPC/Class_A/210192/Default,NPC/Class_A/210192,1024,1024,1024×1024,11
NPC/Class_A/210192/Default,NPC/Class_A/210192,512,512,512×512,10
NPC/Class_A/210192/Default,NPC/Class_A/210192,256,256,256×256,5
NPC/Class_A/210192/Default,NPC/Class_A/210192,128,128,128×128,1
NPC/Class_A/210192/Default,NPC/Class_A/210192,64,64,64×64,1
NPC/Class_A/210193/Default,NPC/Class_A/210193,2048,2048,2048×2048,3
NPC/Class_A/210193/Default,NPC/Class_A/210193,1024,1024,1024×1024,11
NPC/Class_A/210193/Default,NPC/Class_A/210193,512,512,512×512,10
NPC/Class_A/210193/Default,NPC/Class_A/210193,256,256,256×256,7
NPC/Class_A/210193/Default,NPC/Class_A/210193,128,128,128×128,2
NPC/Class_A/210193/Default,NPC/Class_A/210193,64,64,64×64,1
NPC/Class_A/210197/Default,NPC/Class_A/210197,2048,2048,2048×2048,3
NPC/Class_A/210197/Default,NPC/Class_A/210197,1024,1024,1024×1024,11
NPC/Class_A/210197/Default,NPC/Class_A/210197,512,512,512×512,11
NPC/Class_A/210197/Default,NPC/Class_A/210197,256,256,256×256,5
NPC/Class_A/210197/Default,NPC/Class_A/210197,128,128,128×128,1
NPC/Class_A/210197/Default,NPC/Class_A/210197,64,64,64×64,1
NPC/Class_A/210198/Default,NPC/Class_A/210198,2048,2048,2048×2048,3
NPC/Class_A/210198/Default,NPC/Class_A/210198,1024,1024,1024×1024,11
NPC/Class_A/210198/Default,NPC/Class_A/210198,512,512,512×512,13
NPC/Class_A/210198/Default,NPC/Class_A/210198,256,256,256×256,6
NPC/Class_A/210198/Default,NPC/Class_A/210198,128,128,128×128,2
NPC/Class_A/210198/Default,NPC/Class_A/210198,64,64,64×64,1
NPC/Class_A/210199/Default,NPC/Class_A/210199,2048,2048,2048×2048,3
NPC/Class_A/210199/Default,NPC/Class_A/210199,1024,1024,1024×1024,13
NPC/Class_A/210199/Default,NPC/Class_A/210199,512,512,512×512,12
NPC/Class_A/210199/Default,NPC/Class_A/210199,256,256,256×256,6
NPC/Class_A/210199/Default,NPC/Class_A/210199,128,128,128×128,1
NPC/Class_A/210199/Default,NPC/Class_A/210199,64,64,64×64,1
NPC/Class_A/210200/Default,NPC/Class_A/210200,2048,2048,2048×2048,3
NPC/Class_A/210200/Default,NPC/Class_A/210200,1024,1024,1024×1024,11
NPC/Class_A/210200/Default,NPC/Class_A/210200,512,512,512×512,10
NPC/Class_A/210200/Default,NPC/Class_A/210200,256,256,256×256,5
NPC/Class_A/210200/Default,NPC/Class_A/210200,128,128,128×128,1
NPC/Class_A/210200/Default,NPC/Class_A/210200,64,64,64×64,1
NPC/Class_A/210201/Default,NPC/Class_A/210201,2048,2048,2048×2048,3
NPC/Class_A/210201/Default,NPC/Class_A/210201,1024,1024,1024×1024,13
NPC/Class_A/210201/Default,NPC/Class_A/210201,512,512,512×512,11
NPC/Class_A/210201/Default,NPC/Class_A/210201,256,256,256×256,3
NPC/Class_A/210202/Default,NPC/Class_A/210202,2048,2048,2048×2048,3
NPC/Class_A/210202/Default,NPC/Class_A/210202,1024,1024,1024×1024,14
NPC/Class_A/210202/Default,NPC/Class_A/210202,512,512,512×512,12
NPC/Class_A/210202/Default,NPC/Class_A/210202,256,256,256×256,6
NPC/Class_A/210202/Default,NPC/Class_A/210202,128,128,128×128,1
NPC/Class_A/210202/Default,NPC/Class_A/210202,64,64,64×64,1
NPC/Class_A/210203/Default,NPC/Class_A/210203,2048,2048,2048×2048,3
NPC/Class_A/210203/Default,NPC/Class_A/210203,1024,1024,1024×1024,11
NPC/Class_A/210203/Default,NPC/Class_A/210203,512,512,512×512,10
NPC/Class_A/210203/Default,NPC/Class_A/210203,256,256,256×256,5
NPC/Class_A/210203/Default,NPC/Class_A/210203,128,128,128×128,1
NPC/Class_A/210203/Default,NPC/Class_A/210203,64,64,64×64,1
NPC/Class_A/210204/Default,NPC/Class_A/210204,2048,2048,2048×2048,3
NPC/Class_A/210204/Default,NPC/Class_A/210204,1024,1024,1024×1024,11
NPC/Class_A/210204/Default,NPC/Class_A/210204,512,512,512×512,10
NPC/Class_A/210204/Default,NPC/Class_A/210204,256,256,256×256,5
NPC/Class_A/210204/Default,NPC/Class_A/210204,128,128,128×128,1
NPC/Class_A/210204/Default,NPC/Class_A/210204,64,64,64×64,1
NPC/Class_A/210205/Default,NPC/Class_A/210205,2048,2048,2048×2048,3
NPC/Class_A/210205/Default,NPC/Class_A/210205,1024,1024,1024×1024,13
NPC/Class_A/210205/Default,NPC/Class_A/210205,512,512,512×512,13
NPC/Class_A/210205/Default,NPC/Class_A/210205,256,256,256×256,6
NPC/Class_A/210205/Default,NPC/Class_A/210205,128,128,128×128,1
NPC/Class_A/210205/Default,NPC/Class_A/210205,64,64,64×64,1
NPC/Class_A/210206/Default,NPC/Class_A/210206,2048,2048,2048×2048,1
NPC/Class_A/210206/Default,NPC/Class_A/210206,1024,1024,1024×1024,4
NPC/Class_A/210206/Default,NPC/Class_A/210206,512,512,512×512,6
NPC/Class_A/210206/Default,NPC/Class_A/210206,256,256,256×256,3
NPC/Class_A/210206/Default,NPC/Class_A/210206,128,128,128×128,1
NPC/Class_A/210206/Default,NPC/Class_A/210206,64,64,64×64,1
NPC/Class_A/210207/Default,NPC/Class_A/210207,2048,2048,2048×2048,3
NPC/Class_A/210207/Default,NPC/Class_A/210207,1024,1024,1024×1024,10
NPC/Class_A/210207/Default,NPC/Class_A/210207,512,512,512×512,13
NPC/Class_A/210207/Default,NPC/Class_A/210207,256,256,256×256,7
NPC/Class_A/210207/Default,NPC/Class_A/210207,128,128,128×128,2
NPC/Class_A/210207/Default,NPC/Class_A/210207,64,64,64×64,1
NPC/Class_A/210208/Default,NPC/Class_A/210208,2048,2048,2048×2048,3
NPC/Class_A/210208/Default,NPC/Class_A/210208,1024,1024,1024×1024,11
NPC/Class_A/210208/Default,NPC/Class_A/210208,512,512,512×512,12
NPC/Class_A/210208/Default,NPC/Class_A/210208,256,256,256×256,6
NPC/Class_A/210208/Default,NPC/Class_A/210208,128,128,128×128,2
NPC/Class_A/210208/Default,NPC/Class_A/210208,64,64,64×64,1
NPC/Class_A/210209/Default,NPC/Class_A/210209,2048,2048,2048×2048,3
NPC/Class_A/210209/Default,NPC/Class_A/210209,1024,1024,1024×1024,10
NPC/Class_A/210209/Default,NPC/Class_A/210209,512,512,512×512,11
NPC/Class_A/210209/Default,NPC/Class_A/210209,256,256,256×256,6
NPC/Class_A/210209/Default,NPC/Class_A/210209,128,128,128×128,1
NPC/Class_A/210209/Default,NPC/Class_A/210209,64,64,64×64,1
NPC/Class_A/210210/Default,NPC/Class_A/210210,2048,2048,2048×2048,3
NPC/Class_A/210210/Default,NPC/Class_A/210210,1024,1024,1024×1024,11
NPC/Class_A/210210/Default,NPC/Class_A/210210,512,512,512×512,12
NPC/Class_A/210210/Default,NPC/Class_A/210210,256,256,256×256,6
NPC/Class_A/210210/Default,NPC/Class_A/210210,128,128,128×128,2
NPC/Class_A/210210/Default,NPC/Class_A/210210,64,64,64×64,1
NPC/Class_A/210211/Default,NPC/Class_A/210211,2048,2048,2048×2048,3
NPC/Class_A/210211/Default,NPC/Class_A/210211,1024,1024,1024×1024,11
NPC/Class_A/210211/Default,NPC/Class_A/210211,512,512,512×512,10
NPC/Class_A/210211/Default,NPC/Class_A/210211,256,256,256×256,5
NPC/Class_A/210211/Default,NPC/Class_A/210211,128,128,128×128,1
NPC/Class_A/210211/Default,NPC/Class_A/210211,64,64,64×64,1
NPC/Class_A/210212/Default,NPC/Class_A/210212,2048,2048,2048×2048,3
NPC/Class_A/210212/Default,NPC/Class_A/210212,1024,1024,1024×1024,11
NPC/Class_A/210212/Default,NPC/Class_A/210212,512,512,512×512,10
NPC/Class_A/210212/Default,NPC/Class_A/210212,256,256,256×256,5
NPC/Class_A/210212/Default,NPC/Class_A/210212,128,128,128×128,1
NPC/Class_A/210212/Default,NPC/Class_A/210212,64,64,64×64,1
NPC/Class_A/210213/Default,NPC/Class_A/210213,2048,2048,2048×2048,7
NPC/Class_A/210213/Default,NPC/Class_A/210213,1024,1024,1024×1024,6
NPC/Class_A/210213/Default,NPC/Class_A/210213,512,512,512×512,5
NPC/Class_A/210214/Default,NPC/Class_A/210214,2048,2048,2048×2048,8
NPC/Class_A/210214/Default,NPC/Class_A/210214,1024,1024,1024×1024,4
NPC/Class_A/210214/Default,NPC/Class_A/210214,512,512,512×512,5
NPC/Class_A/210215/Default,NPC/Class_A/210215,2048,2048,2048×2048,3
NPC/Class_A/210215/Default,NPC/Class_A/210215,1024,1024,1024×1024,6
NPC/Class_A/210215/Default,NPC/Class_A/210215,512,512,512×512,4
NPC/Class_A/210216/Default,NPC/Class_A/210216,2048,2048,2048×2048,3
NPC/Class_A/210216/Default,NPC/Class_A/210216,1024,1024,1024×1024,6
NPC/Class_A/210216/Default,NPC/Class_A/210216,512,512,512×512,4
NPC/Class_A/210217/Default,NPC/Class_A/210217,2048,2048,2048×2048,6
NPC/Class_A/210217/Default,NPC/Class_A/210217,1024,1024,1024×1024,9
NPC/Class_A/210217/Default,NPC/Class_A/210217,512,512,512×512,7
NPC/Class_A/210217/Default,NPC/Class_A/210217,256,256,256×256,4
NPC/Class_A/210217/Default,NPC/Class_A/210217,64,64,64×64,1
NPC/Class_A/210218/Default,NPC/Class_A/210218,2048,2048,2048×2048,4
NPC/Class_A/210218/Default,NPC/Class_A/210218,1024,1024,1024×1024,4
NPC/Class_A/210219/Default,NPC/Class_A/210219,2048,2048,2048×2048,4
NPC/Class_A/210219/Default,NPC/Class_A/210219,1024,1024,1024×1024,4
NPC/Class_A/210221/Default,NPC/Class_A/210221,2048,2048,2048×2048,5
NPC/Class_A/210221/Default,NPC/Class_A/210221,1024,1024,1024×1024,8
NPC/Class_A/210221/Default,NPC/Class_A/210221,512,512,512×512,7
NPC/Class_A/210222/Default,NPC/Class_A/210222,2048,2048,2048×2048,2
NPC/Class_A/210222/Default,NPC/Class_A/210222,1024,1024,1024×1024,2
NPC/Class_A/210223/Default,NPC/Class_A/210223,2048,2048,2048×2048,2
NPC/Class_A/210223/Default,NPC/Class_A/210223,1024,1024,1024×1024,2
NPC/Class_A/210223/Default,NPC/Class_A/210223,512,512,512×512,1
NPC/Class_A/210224/Default,NPC/Class_A/210224,2048,2048,2048×2048,5
NPC/Class_A/210224/Default,NPC/Class_A/210224,1024,1024,1024×1024,9
NPC/Class_A/210224/Default,NPC/Class_A/210224,512,512,512×512,9
NPC/Class_A/210224/Default,NPC/Class_A/210224,256,256,256×256,6
NPC/Class_A/210224/Default,NPC/Class_A/210224,128,128,128×128,1
NPC/Class_A/210224/Default,NPC/Class_A/210224,64,64,64×64,1
NPC/Class_A/210225/Default,NPC/Class_A/210225,2048,2048,2048×2048,5
NPC/Class_A/210225/Default,NPC/Class_A/210225,1024,1024,1024×1024,9
NPC/Class_A/210225/Default,NPC/Class_A/210225,512,512,512×512,9
NPC/Class_A/210225/Default,NPC/Class_A/210225,256,256,256×256,6
NPC/Class_A/210225/Default,NPC/Class_A/210225,128,128,128×128,1
NPC/Class_A/210225/Default,NPC/Class_A/210225,64,64,64×64,1
NPC/Class_A/210226/Default,NPC/Class_A/210226,2048,2048,2048×2048,5
NPC/Class_A/210226/Default,NPC/Class_A/210226,1024,1024,1024×1024,9
NPC/Class_A/210226/Default,NPC/Class_A/210226,512,512,512×512,9
NPC/Class_A/210226/Default,NPC/Class_A/210226,256,256,256×256,6
NPC/Class_A/210226/Default,NPC/Class_A/210226,128,128,128×128,1
NPC/Class_A/210226/Default,NPC/Class_A/210226,64,64,64×64,1
NPC/Class_A/210227/Default,NPC/Class_A/210227,2048,2048,2048×2048,5
NPC/Class_A/210227/Default,NPC/Class_A/210227,1024,1024,1024×1024,9
NPC/Class_A/210227/Default,NPC/Class_A/210227,512,512,512×512,9
NPC/Class_A/210227/Default,NPC/Class_A/210227,256,256,256×256,6
NPC/Class_A/210227/Default,NPC/Class_A/210227,128,128,128×128,1
NPC/Class_A/210227/Default,NPC/Class_A/210227,64,64,64×64,1
NPC/Class_A/210228/Default,NPC/Class_A/210228,2048,2048,2048×2048,3
NPC/Class_A/210228/Default,NPC/Class_A/210228,1024,1024,1024×1024,14
NPC/Class_A/210228/Default,NPC/Class_A/210228,512,512,512×512,15
NPC/Class_A/210228/Default,NPC/Class_A/210228,256,256,256×256,8
NPC/Class_A/210228/Default,NPC/Class_A/210228,128,128,128×128,1
NPC/Class_A/210228/Default,NPC/Class_A/210228,64,64,64×64,1
NPC/Class_A/210229/Default,NPC/Class_A/210229,2048,2048,2048×2048,5
NPC/Class_A/210229/Default,NPC/Class_A/210229,1024,1024,1024×1024,8
NPC/Class_A/210229/Default,NPC/Class_A/210229,512,512,512×512,7
NPC/Class_A/210229/Default,NPC/Class_A/210229,256,256,256×256,1
NPC/Class_A/210230/Default,NPC/Class_A/210230,2048,2048,2048×2048,5
NPC/Class_A/210230/Default,NPC/Class_A/210230,1024,1024,1024×1024,8
NPC/Class_A/210230/Default,NPC/Class_A/210230,512,512,512×512,8
NPC/Class_A/210230/Default,NPC/Class_A/210230,256,256,256×256,2
NPC/Class_A/210231/Default,NPC/Class_A/210231,2048,2048,2048×2048,6
NPC/Class_A/210231/Default,NPC/Class_A/210231,1024,1024,1024×1024,9
NPC/Class_A/210231/Default,NPC/Class_A/210231,512,512,512×512,8
NPC/Class_A/210231/Default,NPC/Class_A/210231,256,256,256×256,1
NPC/Class_A/210232/Default,NPC/Class_A/210232,2048,2048,2048×2048,6
NPC/Class_A/210232/Default,NPC/Class_A/210232,1024,1024,1024×1024,8
NPC/Class_A/210232/Default,NPC/Class_A/210232,512,512,512×512,8
NPC/Class_A/210232/Default,NPC/Class_A/210232,256,256,256×256,1
NPC/Class_A/210233/Default,NPC/Class_A/210233,2048,2048,2048×2048,5
NPC/Class_A/210233/Default,NPC/Class_A/210233,1024,1024,1024×1024,9
NPC/Class_A/210233/Default,NPC/Class_A/210233,512,512,512×512,9
NPC/Class_A/210233/Default,NPC/Class_A/210233,256,256,256×256,1
NPC/Class_A/210234/Default,NPC/Class_A/210234,2048,2048,2048×2048,5
NPC/Class_A/210234/Default,NPC/Class_A/210234,1024,1024,1024×1024,8
NPC/Class_A/210234/Default,NPC/Class_A/210234,512,512,512×512,8
NPC/Class_A/210234/Default,NPC/Class_A/210234,256,256,256×256,2
NPC/Class_A/210235/Default,NPC/Class_A/210235,2048,2048,2048×2048,9
NPC/Class_A/210235/Default,NPC/Class_A/210235,1024,1024,1024×1024,14
NPC/Class_A/210235/Default,NPC/Class_A/210235,512,512,512×512,18
NPC/Class_A/210235/Default,NPC/Class_A/210235,256,256,256×256,5
NPC/Class_A/210235/Default,NPC/Class_A/210235,128,128,128×128,1
NPC/Class_A/210235/Default,NPC/Class_A/210235,64,64,64×64,1
NPC/Class_A/210243/Default,NPC/Class_A/210243,2048,2048,2048×2048,5
NPC/Class_A/210243/Default,NPC/Class_A/210243,1024,1024,1024×1024,8
NPC/Class_A/210243/Default,NPC/Class_A/210243,512,512,512×512,9
NPC/Class_A/210243/Default,NPC/Class_A/210243,256,256,256×256,3
NPC/Class_A/210243/Default,NPC/Class_A/210243,128,128,128×128,1
NPC/Class_A/210243/Default,NPC/Class_A/210243,64,64,64×64,1
NPC/Class_A/210244/Default,NPC/Class_A/210244,2048,2048,2048×2048,5
NPC/Class_A/210244/Default,NPC/Class_A/210244,1024,1024,1024×1024,8
NPC/Class_A/210244/Default,NPC/Class_A/210244,512,512,512×512,9
NPC/Class_A/210244/Default,NPC/Class_A/210244,256,256,256×256,3
NPC/Class_A/210244/Default,NPC/Class_A/210244,128,128,128×128,1
NPC/Class_A/210244/Default,NPC/Class_A/210244,64,64,64×64,1
NPC/Class_A/210245/Default,NPC/Class_A/210245,2048,2048,2048×2048,5
NPC/Class_A/210245/Default,NPC/Class_A/210245,1024,1024,1024×1024,8
NPC/Class_A/210245/Default,NPC/Class_A/210245,512,512,512×512,9
NPC/Class_A/210245/Default,NPC/Class_A/210245,256,256,256×256,3
NPC/Class_A/210245/Default,NPC/Class_A/210245,128,128,128×128,1
NPC/Class_A/210245/Default,NPC/Class_A/210245,64,64,64×64,1
NPC/Class_A/210246/Default,NPC/Class_A/210246,2048,2048,2048×2048,5
NPC/Class_A/210246/Default,NPC/Class_A/210246,1024,1024,1024×1024,8
NPC/Class_A/210246/Default,NPC/Class_A/210246,512,512,512×512,9
NPC/Class_A/210246/Default,NPC/Class_A/210246,256,256,256×256,3
NPC/Class_A/210246/Default,NPC/Class_A/210246,128,128,128×128,1
NPC/Class_A/210246/Default,NPC/Class_A/210246,64,64,64×64,1
NPC/Class_A/210258/Default,NPC/Class_A/210258,2048,2048,2048×2048,4
NPC/Class_A/210258/Default,NPC/Class_A/210258,1024,1024,1024×1024,2
NPC/Class_A/210258/Default,NPC/Class_A/210258,512,512,512×512,1
NPC/Class_A/210258/Default,NPC/Class_A/210258,256,256,256×256,2
NPC/Class_A/210259/Default,NPC/Class_A/210259,2048,2048,2048×2048,8
NPC/Class_A/210259/Default,NPC/Class_A/210259,1024,1024,1024×1024,6
NPC/Class_A/210259/Default,NPC/Class_A/210259,512,512,512×512,4
NPC/Class_A/210259/Default,NPC/Class_A/210259,256,256,256×256,1
NPC/Class_A/210260/Default,NPC/Class_A/210260,2048,2048,2048×2048,6
NPC/Class_A/210260/Default,NPC/Class_A/210260,1024,1024,1024×1024,9
NPC/Class_A/210260/Default,NPC/Class_A/210260,512,512,512×512,7
NPC/Class_A/210260/Default,NPC/Class_A/210260,256,256,256×256,4
NPC/Class_A/210260/Default,NPC/Class_A/210260,128,128,128×128,2
NPC/Class_A/210260/Default,NPC/Class_A/210260,64,64,64×64,1
NPC/Class_A/Boris/Default,NPC/Class_A/Boris,2048,2048,2048×2048,5
NPC/Class_A/Boris/Default,NPC/Class_A/Boris,1024,1024,1024×1024,8
NPC/Class_A/Boris/Default,NPC/Class_A/Boris,512,512,512×512,11
NPC/Class_A/Boris/Default,NPC/Class_A/Boris,256,256,256×256,4
NPC/Class_A/Boris/Default,NPC/Class_A/Boris,128,128,128×128,1
NPC/Class_A/Boris/Default,NPC/Class_A/Boris,64,64,64×64,1
NPC/Class_A/BurgerstackMasters/Default,NPC/Class_A/BurgerstackMasters,2048,2048,2048×2048,5
NPC/Class_A/BurgerstackMasters/Default,NPC/Class_A/BurgerstackMasters,1024,1024,1024×1024,12
NPC/Class_A/BurgerstackMasters/Default,NPC/Class_A/BurgerstackMasters,512,512,512×512,10
NPC/Class_A/BurgerstackMasters/Default,NPC/Class_A/BurgerstackMasters,256,256,256×256,5
NPC/Class_A/BurgerstackMasters/Default,NPC/Class_A/BurgerstackMasters,128,128,128×128,1
NPC/Class_A/BurgerstackMasters/Default,NPC/Class_A/BurgerstackMasters,64,64,64×64,1
NPC/Class_A/CharcoalGrill/Default,NPC/Class_A/CharcoalGrill,2048,2048,2048×2048,5
NPC/Class_A/CharcoalGrill/Default,NPC/Class_A/CharcoalGrill,1024,1024,1024×1024,9
NPC/Class_A/CharcoalGrill/Default,NPC/Class_A/CharcoalGrill,512,512,512×512,9
NPC/Class_A/CharcoalGrill/Default,NPC/Class_A/CharcoalGrill,256,256,256×256,5
NPC/Class_A/CharcoalGrill/Default,NPC/Class_A/CharcoalGrill,128,128,128×128,1
NPC/Class_A/CharcoalGrill/Default,NPC/Class_A/CharcoalGrill,64,64,64×64,1
NPC/Class_A/ChipmunkGrocery/Default,NPC/Class_A/ChipmunkGrocery,2048,2048,2048×2048,7
NPC/Class_A/ChipmunkGrocery/Default,NPC/Class_A/ChipmunkGrocery,1024,1024,1024×1024,8
NPC/Class_A/ChipmunkGrocery/Default,NPC/Class_A/ChipmunkGrocery,512,512,512×512,11
NPC/Class_A/ChipmunkGrocery/Default,NPC/Class_A/ChipmunkGrocery,256,256,256×256,6
NPC/Class_A/ChipmunkGrocery/Default,NPC/Class_A/ChipmunkGrocery,128,128,128×128,1
NPC/Class_A/ChipmunkGrocery/Default,NPC/Class_A/ChipmunkGrocery,64,64,64×64,1
NPC/Class_A/CoffeeShopStaff/Default,NPC/Class_A/CoffeeShopStaff,2048,2048,2048×2048,5
NPC/Class_A/CoffeeShopStaff/Default,NPC/Class_A/CoffeeShopStaff,1024,1024,1024×1024,8
NPC/Class_A/CoffeeShopStaff/Default,NPC/Class_A/CoffeeShopStaff,512,512,512×512,12
NPC/Class_A/CoffeeShopStaff/Default,NPC/Class_A/CoffeeShopStaff,256,256,256×256,9
NPC/Class_A/CoffeeShopStaff/Default,NPC/Class_A/CoffeeShopStaff,128,128,128×128,1
NPC/Class_A/CoffeeShopStaff/Default,NPC/Class_A/CoffeeShopStaff,64,64,64×64,1
NPC/Class_A/Daniel/Default,NPC/Class_A/Daniel,2048,2048,2048×2048,6
NPC/Class_A/Daniel/Default,NPC/Class_A/Daniel,1024,1024,1024×1024,7
NPC/Class_A/Daniel/Default,NPC/Class_A/Daniel,512,512,512×512,8
NPC/Class_A/Daniel/Default,NPC/Class_A/Daniel,256,256,256×256,5
NPC/Class_A/Daniel/Default,NPC/Class_A/Daniel,128,128,128×128,1
NPC/Class_A/Daniel/Default,NPC/Class_A/Daniel,64,64,64×64,1
NPC/Class_A/Deliverer/Default,NPC/Class_A/Deliverer,2048,2048,2048×2048,5
NPC/Class_A/Deliverer/Default,NPC/Class_A/Deliverer,1024,1024,1024×1024,8
NPC/Class_A/Deliverer/Default,NPC/Class_A/Deliverer,512,512,512×512,8
NPC/Class_A/Deliverer/Default,NPC/Class_A/Deliverer,256,256,256×256,1
NPC/Class_A/Edgar/Default,NPC/Class_A/Edgar,2048,2048,2048×2048,5
NPC/Class_A/Edgar/Default,NPC/Class_A/Edgar,1024,1024,1024×1024,10
NPC/Class_A/Edgar/Default,NPC/Class_A/Edgar,512,512,512×512,9
NPC/Class_A/Edgar/Default,NPC/Class_A/Edgar,256,256,256×256,4
NPC/Class_A/Edgar/Default,NPC/Class_A/Edgar,128,128,128×128,1
NPC/Class_A/Edgar/Default,NPC/Class_A/Edgar,64,64,64×64,1
NPC/Class_A/EvanKing/Default,NPC/Class_A/EvanKing,2048,2048,2048×2048,5
NPC/Class_A/EvanKing/Default,NPC/Class_A/EvanKing,1024,1024,1024×1024,6
NPC/Class_A/EvanKing/Default,NPC/Class_A/EvanKing,512,512,512×512,10
NPC/Class_A/EvanKing/Default,NPC/Class_A/EvanKing,256,256,256×256,6
NPC/Class_A/EvanKing/Default,NPC/Class_A/EvanKing,128,128,128×128,2
NPC/Class_A/EvanKing/Default,NPC/Class_A/EvanKing,64,64,64×64,1
NPC/Class_A/Florina/Default,NPC/Class_A/Florina,2048,2048,2048×2048,3
NPC/Class_A/Florina/Default,NPC/Class_A/Florina,1024,1024,1024×1024,14
NPC/Class_A/Florina/Default,NPC/Class_A/Florina,512,512,512×512,13
NPC/Class_A/Florina/Default,NPC/Class_A/Florina,256,256,256×256,7
NPC/Class_A/Florina/Default,NPC/Class_A/Florina,128,128,128×128,1
NPC/Class_A/Florina/Default,NPC/Class_A/Florina,64,64,64×64,1
NPC/Class_A/Gelato/Default,NPC/Class_A/Gelato,2048,2048,2048×2048,6
NPC/Class_A/Gelato/Default,NPC/Class_A/Gelato,1024,1024,1024×1024,13
NPC/Class_A/Gelato/Default,NPC/Class_A/Gelato,512,512,512×512,11
NPC/Class_A/Gelato/Default,NPC/Class_A/Gelato,256,256,256×256,4
NPC/Class_A/Gelato/Default,NPC/Class_A/Gelato,128,128,128×128,1
NPC/Class_A/Gelato/Default,NPC/Class_A/Gelato,64,64,64×64,1
NPC/Class_A/HeartsAndArrows/Default,NPC/Class_A/HeartsAndArrows,2048,2048,2048×2048,5
NPC/Class_A/HeartsAndArrows/Default,NPC/Class_A/HeartsAndArrows,1024,1024,1024×1024,8
NPC/Class_A/HeartsAndArrows/Default,NPC/Class_A/HeartsAndArrows,512,512,512×512,10
NPC/Class_A/HeartsAndArrows/Default,NPC/Class_A/HeartsAndArrows,256,256,256×256,5
NPC/Class_A/HeartsAndArrows/Default,NPC/Class_A/HeartsAndArrows,128,128,128×128,1
NPC/Class_A/HeartsAndArrows/Default,NPC/Class_A/HeartsAndArrows,64,64,64×64,1
NPC/Class_A/HoneyAndMilk/Default,NPC/Class_A/HoneyAndMilk,2048,2048,2048×2048,5
NPC/Class_A/HoneyAndMilk/Default,NPC/Class_A/HoneyAndMilk,1024,1024,1024×1024,12
NPC/Class_A/HoneyAndMilk/Default,NPC/Class_A/HoneyAndMilk,512,512,512×512,11
NPC/Class_A/HoneyAndMilk/Default,NPC/Class_A/HoneyAndMilk,256,256,256×256,4
NPC/Class_A/HoneyAndMilk/Default,NPC/Class_A/HoneyAndMilk,128,128,128×128,1
NPC/Class_A/HoneyAndMilk/Default,NPC/Class_A/HoneyAndMilk,64,64,64×64,1
NPC/Class_A/Jekyll/Default,NPC/Class_A/Jekyll,2048,2048,2048×2048,5
NPC/Class_A/Jekyll/Default,NPC/Class_A/Jekyll,1024,1024,1024×1024,9
NPC/Class_A/Jekyll/Default,NPC/Class_A/Jekyll,512,512,512×512,9
NPC/Class_A/Jekyll/Default,NPC/Class_A/Jekyll,256,256,256×256,5
NPC/Class_A/Jekyll/Default,NPC/Class_A/Jekyll,128,128,128×128,1
NPC/Class_A/Jekyll/Default,NPC/Class_A/Jekyll,64,64,64×64,1
NPC/Class_A/Jon/Default,NPC/Class_A/Jon,2048,2048,2048×2048,5
NPC/Class_A/Jon/Default,NPC/Class_A/Jon,1024,1024,1024×1024,9
NPC/Class_A/Jon/Default,NPC/Class_A/Jon,512,512,512×512,8
NPC/Class_A/Jon/Default,NPC/Class_A/Jon,256,256,256×256,2
NPC/Class_A/LittleCinderella/Default,NPC/Class_A/LittleCinderella,2048,2048,2048×2048,4
NPC/Class_A/LittleCinderella/Default,NPC/Class_A/LittleCinderella,1024,1024,1024×1024,15
NPC/Class_A/LittleCinderella/Default,NPC/Class_A/LittleCinderella,512,512,512×512,11
NPC/Class_A/LittleCinderella/Default,NPC/Class_A/LittleCinderella,256,256,256×256,7
NPC/Class_A/LittleCinderella/Default,NPC/Class_A/LittleCinderella,128,128,128×128,1
NPC/Class_A/LittleCinderella/Default,NPC/Class_A/LittleCinderella,64,64,64×64,1
NPC/Class_A/MarkedWorker/Default,NPC/Class_A/MarkedWorker,2048,2048,2048×2048,3
NPC/Class_A/MarkedWorker/Default,NPC/Class_A/MarkedWorker,1024,1024,1024×1024,11
NPC/Class_A/MarkedWorker/Default,NPC/Class_A/MarkedWorker,512,512,512×512,9
NPC/Class_A/MarkedWorker/Default,NPC/Class_A/MarkedWorker,256,256,256×256,2
NPC/Class_A/Miya/Default,NPC/Class_A/Miya,2048,2048,2048×2048,4
NPC/Class_A/Miya/Default,NPC/Class_A/Miya,1024,1024,1024×1024,14
NPC/Class_A/Miya/Default,NPC/Class_A/Miya,512,512,512×512,12
NPC/Class_A/Miya/Default,NPC/Class_A/Miya,256,256,256×256,7
NPC/Class_A/Miya/Default,NPC/Class_A/Miya,128,128,128×128,1
NPC/Class_A/Miya/Default,NPC/Class_A/Miya,64,64,64×64,1
NPC/Class_A/NightfallBoozers/Default,NPC/Class_A/NightfallBoozers,2048,2048,2048×2048,5
NPC/Class_A/NightfallBoozers/Default,NPC/Class_A/NightfallBoozers,1024,1024,1024×1024,6
NPC/Class_A/NightfallBoozers/Default,NPC/Class_A/NightfallBoozers,512,512,512×512,9
NPC/Class_A/NightfallBoozers/Default,NPC/Class_A/NightfallBoozers,256,256,256×256,4
NPC/Class_A/NightfallBoozers/Default,NPC/Class_A/NightfallBoozers,128,128,128×128,1
NPC/Class_A/NightfallBoozers/Default,NPC/Class_A/NightfallBoozers,64,64,64×64,1
NPC/Class_A/Pierre/Default,NPC/Class_A/Pierre,2048,2048,2048×2048,5
NPC/Class_A/Pierre/Default,NPC/Class_A/Pierre,1024,1024,1024×1024,9
NPC/Class_A/Pierre/Default,NPC/Class_A/Pierre,512,512,512×512,8
NPC/Class_A/Pierre/Default,NPC/Class_A/Pierre,256,256,256×256,7
NPC/Class_A/Pierre/Default,NPC/Class_A/Pierre,128,128,128×128,1
NPC/Class_A/Pierre/Default,NPC/Class_A/Pierre,64,64,64×64,1
NPC/Class_A/Pixy/Default,NPC/Class_A/Pixy,2048,2048,2048×2048,8
NPC/Class_A/Pixy/Default,NPC/Class_A/Pixy,1024,1024,1024×1024,10
NPC/Class_A/Pixy/Default,NPC/Class_A/Pixy,512,512,512×512,13
NPC/Class_A/Pixy/Default,NPC/Class_A/Pixy,256,256,256×256,5
NPC/Class_A/Pixy/Default,NPC/Class_A/Pixy,128,128,128×128,1
NPC/Class_A/Pixy/Default,NPC/Class_A/Pixy,64,64,64×64,1
NPC/Class_A/QuarterPastEight/Default,NPC/Class_A/QuarterPastEight,2048,2048,2048×2048,5
NPC/Class_A/QuarterPastEight/Default,NPC/Class_A/QuarterPastEight,1024,1024,1024×1024,7
NPC/Class_A/QuarterPastEight/Default,NPC/Class_A/QuarterPastEight,512,512,512×512,8
NPC/Class_A/QuarterPastEight/Default,NPC/Class_A/QuarterPastEight,256,256,256×256,4
NPC/Class_A/QuarterPastEight/Default,NPC/Class_A/QuarterPastEight,128,128,128×128,1
NPC/Class_A/QuarterPastEight/Default,NPC/Class_A/QuarterPastEight,64,64,64×64,1
NPC/Class_A/Rachel/Default,NPC/Class_A/Rachel,2048,2048,2048×2048,3
NPC/Class_A/Rachel/Default,NPC/Class_A/Rachel,1024,1024,1024×1024,12
NPC/Class_A/Rachel/Default,NPC/Class_A/Rachel,512,512,512×512,11
NPC/Class_A/Rachel/Default,NPC/Class_A/Rachel,256,256,256×256,7
NPC/Class_A/Rachel/Default,NPC/Class_A/Rachel,128,128,128×128,1
NPC/Class_A/Rachel/Default,NPC/Class_A/Rachel,64,64,64×64,1
NPC/Class_A/RacingKnight/Default,NPC/Class_A/RacingKnight,2048,2048,2048×2048,1
NPC/Class_A/Rohm/Default,NPC/Class_A/Rohm,2048,2048,2048×2048,6
NPC/Class_A/Rohm/Default,NPC/Class_A/Rohm,1024,1024,1024×1024,8
NPC/Class_A/Rohm/Default,NPC/Class_A/Rohm,512,512,512×512,10
NPC/Class_A/Rohm/Default,NPC/Class_A/Rohm,256,256,256×256,4
NPC/Class_A/Rohm/Default,NPC/Class_A/Rohm,128,128,128×128,2
NPC/Class_A/Rohm/Default,NPC/Class_A/Rohm,64,64,64×64,1
NPC/Class_A/Solferino/Default,NPC/Class_A/Solferino,2048,2048,2048×2048,5
NPC/Class_A/Solferino/Default,NPC/Class_A/Solferino,1024,1024,1024×1024,6
NPC/Class_A/Solferino/Default,NPC/Class_A/Solferino,512,512,512×512,12
NPC/Class_A/Solferino/Default,NPC/Class_A/Solferino,256,256,256×256,4
NPC/Class_A/Solferino/Default,NPC/Class_A/Solferino,128,128,128×128,2
NPC/Class_A/Solferino/Default,NPC/Class_A/Solferino,64,64,64×64,1
NPC/Class_A/SundayLounge/Default,NPC/Class_A/SundayLounge,2048,2048,2048×2048,5
NPC/Class_A/SundayLounge/Default,NPC/Class_A/SundayLounge,1024,1024,1024×1024,7
NPC/Class_A/SundayLounge/Default,NPC/Class_A/SundayLounge,512,512,512×512,8
NPC/Class_A/SundayLounge/Default,NPC/Class_A/SundayLounge,256,256,256×256,4
NPC/Class_A/SundayLounge/Default,NPC/Class_A/SundayLounge,128,128,128×128,1
NPC/Class_A/SundayLounge/Default,NPC/Class_A/SundayLounge,64,64,64×64,1
NPC/Class_A/TheVentus/Default,NPC/Class_A/TheVentus,2048,2048,2048×2048,5
NPC/Class_A/TheVentus/Default,NPC/Class_A/TheVentus,1024,1024,1024×1024,8
NPC/Class_A/TheVentus/Default,NPC/Class_A/TheVentus,512,512,512×512,8
NPC/Class_A/TheVentus/Default,NPC/Class_A/TheVentus,256,256,256×256,2
NPC/Class_A/VoicepipeCafe/Default,NPC/Class_A/VoicepipeCafe,2048,2048,2048×2048,4
NPC/Class_A/VoicepipeCafe/Default,NPC/Class_A/VoicepipeCafe,1024,1024,1024×1024,9
NPC/Class_A/VoicepipeCafe/Default,NPC/Class_A/VoicepipeCafe,512,512,512×512,10
NPC/Class_A/VoicepipeCafe/Default,NPC/Class_A/VoicepipeCafe,256,256,256×256,7
NPC/Class_A/VoicepipeCafe/Default,NPC/Class_A/VoicepipeCafe,128,128,128×128,2
NPC/Class_A/VoicepipeCafe/Default,NPC/Class_A/VoicepipeCafe,64,64,64×64,1
NPC/Class_A/WisdomBooks/Default,NPC/Class_A/WisdomBooks,2048,2048,2048×2048,5
NPC/Class_A/WisdomBooks/Default,NPC/Class_A/WisdomBooks,1024,1024,1024×1024,7
NPC/Class_A/WisdomBooks/Default,NPC/Class_A/WisdomBooks,512,512,512×512,8
NPC/Class_A/WisdomBooks/Default,NPC/Class_A/WisdomBooks,256,256,256×256,4
NPC/Class_A/WisdomBooks/Default,NPC/Class_A/WisdomBooks,128,128,128×128,1
NPC/Class_A/WisdomBooks/Default,NPC/Class_A/WisdomBooks,64,64,64×64,1
NPC/Class_S/AlexNPC/Default,NPC/Class_S/AlexNPC,2048,2048,2048×2048,8
NPC/Class_S/AlexNPC/Default,NPC/Class_S/AlexNPC,1024,1024,1024×1024,10
NPC/Class_S/AlexNPC/Default,NPC/Class_S/AlexNPC,512,512,512×512,12
NPC/Class_S/AlexNPC/Default,NPC/Class_S/AlexNPC,256,256,256×256,5
NPC/Class_S/AlexNPC/Default,NPC/Class_S/AlexNPC,128,128,128×128,2
NPC/Class_S/AlexNPC/Default,NPC/Class_S/AlexNPC,64,64,64×64,1
NPC/Class_S/AndersenFemale/Default,NPC/Class_S/AndersenFemale,2048,2048,2048×2048,6
NPC/Class_S/AndersenFemale/Default,NPC/Class_S/AndersenFemale,1024,1024,1024×1024,8
NPC/Class_S/AndersenFemale/Default,NPC/Class_S/AndersenFemale,512,512,512×512,12
NPC/Class_S/AndersenFemale/Default,NPC/Class_S/AndersenFemale,256,256,256×256,6
NPC/Class_S/AndersenFemale/Default,NPC/Class_S/AndersenFemale,128,128,128×128,2
NPC/Class_S/AndersenFemale/Default,NPC/Class_S/AndersenFemale,64,64,64×64,1
NPC/Class_S/AndersenFemale/Default,NPC/Class_S/AndersenFemale,128,1,128×1,1
NPC/Class_S/AshleyFoot/Default,NPC/Class_S/AshleyFoot,2048,2048,2048×2048,14
NPC/Class_S/AshleyFoot/Default,NPC/Class_S/AshleyFoot,1024,1024,1024×1024,16
NPC/Class_S/AshleyFoot/Default,NPC/Class_S/AshleyFoot,1024,512,1024×512,2
NPC/Class_S/AshleyFoot/Default,NPC/Class_S/AshleyFoot,512,512,512×512,16
NPC/Class_S/AshleyFoot/Default,NPC/Class_S/AshleyFoot,512,256,512×256,1
NPC/Class_S/AshleyFoot/Default,NPC/Class_S/AshleyFoot,256,256,256×256,6
NPC/Class_S/AshleyFoot/Default,NPC/Class_S/AshleyFoot,128,128,128×128,1
NPC/Class_S/AshleyFoot/Default,NPC/Class_S/AshleyFoot,64,64,64×64,1
NPC/Class_S/AshleyNPC/Default,NPC/Class_S/AshleyNPC,2048,2048,2048×2048,11
NPC/Class_S/AshleyNPC/Default,NPC/Class_S/AshleyNPC,1024,1024,1024×1024,15
NPC/Class_S/AshleyNPC/Default,NPC/Class_S/AshleyNPC,512,512,512×512,17
NPC/Class_S/AshleyNPC/Default,NPC/Class_S/AshleyNPC,256,256,256×256,6
NPC/Class_S/AshleyNPC/Default,NPC/Class_S/AshleyNPC,128,128,128×128,1
NPC/Class_S/AshleyNPC/Default,NPC/Class_S/AshleyNPC,64,64,64×64,1
NPC/Class_S/AshleyWorker/Default,NPC/Class_S/AshleyWorker,2048,2048,2048×2048,4
NPC/Class_S/AshleyWorker/Default,NPC/Class_S/AshleyWorker,1024,1024,1024×1024,15
NPC/Class_S/AshleyWorker/Default,NPC/Class_S/AshleyWorker,512,512,512×512,19
NPC/Class_S/AshleyWorker/Default,NPC/Class_S/AshleyWorker,256,256,256×256,11
NPC/Class_S/AshleyWorker/Default,NPC/Class_S/AshleyWorker,128,128,128×128,2
NPC/Class_S/AshleyWorker/Default,NPC/Class_S/AshleyWorker,64,64,64×64,2
NPC/Class_S/Augulia/Default,NPC/Class_S/Augulia,2048,2048,2048×2048,9
NPC/Class_S/Augulia/Default,NPC/Class_S/Augulia,1024,1024,1024×1024,10
NPC/Class_S/Augulia/Default,NPC/Class_S/Augulia,512,512,512×512,11
NPC/Class_S/Augulia/Default,NPC/Class_S/Augulia,256,256,256×256,5
NPC/Class_S/Augulia/Default,NPC/Class_S/Augulia,128,128,128×128,1
NPC/Class_S/Augulia/Default,NPC/Class_S/Augulia,64,64,64×64,1
NPC/Class_S/Bellboy/Default,NPC/Class_S/Bellboy,2048,2048,2048×2048,2
NPC/Class_S/Bellboy/Default,NPC/Class_S/Bellboy,1024,1024,1024×1024,5
NPC/Class_S/Bellboy/Default,NPC/Class_S/Bellboy,512,512,512×512,8
NPC/Class_S/Bellboy/Default,NPC/Class_S/Bellboy,256,256,256×256,4
NPC/Class_S/BoboNPC/Default,NPC/Class_S/BoboNPC,2048,2048,2048×2048,6
NPC/Class_S/BoboNPC/Default,NPC/Class_S/BoboNPC,1024,1024,1024×1024,9
NPC/Class_S/BoboNPC/Default,NPC/Class_S/BoboNPC,512,512,512×512,12
NPC/Class_S/BoboNPC/Default,NPC/Class_S/BoboNPC,256,256,256×256,5
NPC/Class_S/BoboNPC/Default,NPC/Class_S/BoboNPC,128,128,128×128,1
NPC/Class_S/BoboNPC/Default,NPC/Class_S/BoboNPC,64,64,64×64,1
NPC/Class_S/CaesarNPC/Default,NPC/Class_S/CaesarNPC,2048,2048,2048×2048,5
NPC/Class_S/CaesarNPC/Default,NPC/Class_S/CaesarNPC,1024,1024,1024×1024,9
NPC/Class_S/CaesarNPC/Default,NPC/Class_S/CaesarNPC,512,512,512×512,10
NPC/Class_S/CaesarNPC/Default,NPC/Class_S/CaesarNPC,256,256,256×256,5
NPC/Class_S/CaesarNPC/Default,NPC/Class_S/CaesarNPC,128,128,128×128,1
NPC/Class_S/CaesarNPC/Default,NPC/Class_S/CaesarNPC,64,64,64×64,1
NPC/Class_S/CeremoniaryMaster/Default,NPC/Class_S/CeremoniaryMaster,2048,2048,2048×2048,7
NPC/Class_S/CeremoniaryMaster/Default,NPC/Class_S/CeremoniaryMaster,1024,1024,1024×1024,8
NPC/Class_S/CeremoniaryMaster/Default,NPC/Class_S/CeremoniaryMaster,512,512,512×512,14
NPC/Class_S/CeremoniaryMaster/Default,NPC/Class_S/CeremoniaryMaster,256,256,256×256,6
NPC/Class_S/CeremoniaryMaster/Default,NPC/Class_S/CeremoniaryMaster,128,128,128×128,3
NPC/Class_S/CeremoniaryMaster/Default,NPC/Class_S/CeremoniaryMaster,64,64,64×64,1
NPC/Class_S/Ginkgo/Default,NPC/Class_S/Ginkgo,2048,2048,2048×2048,6
NPC/Class_S/Ginkgo/Default,NPC/Class_S/Ginkgo,1024,1024,1024×1024,8
NPC/Class_S/Ginkgo/Default,NPC/Class_S/Ginkgo,512,512,512×512,11
NPC/Class_S/Ginkgo/Default,NPC/Class_S/Ginkgo,256,256,256×256,7
NPC/Class_S/Ginkgo/Default,NPC/Class_S/Ginkgo,128,128,128×128,1
NPC/Class_S/Ginkgo/Default,NPC/Class_S/Ginkgo,64,64,64×64,1
NPC/Class_S/Hunt/Default,NPC/Class_S/Hunt,2048,2048,2048×2048,5
NPC/Class_S/Hunt/Default,NPC/Class_S/Hunt,1024,1024,1024×1024,10
NPC/Class_S/Hunt/Default,NPC/Class_S/Hunt,512,512,512×512,11
NPC/Class_S/Hunt/Default,NPC/Class_S/Hunt,512,256,512×256,2
NPC/Class_S/Hunt/Default,NPC/Class_S/Hunt,256,256,256×256,7
NPC/Class_S/Hunt/Default,NPC/Class_S/Hunt,256,128,256×128,1
NPC/Class_S/Hunt/Default,NPC/Class_S/Hunt,128,128,128×128,1
NPC/Class_S/Hunt/Default,NPC/Class_S/Hunt,64,64,64×64,1
NPC/Class_S/MrWatch/Default,NPC/Class_S/MrWatch,2048,2048,2048×2048,5
NPC/Class_S/MrWatch/Default,NPC/Class_S/MrWatch,1024,1024,1024×1024,12
NPC/Class_S/MrWatch/Default,NPC/Class_S/MrWatch,512,512,512×512,17
NPC/Class_S/MrWatch/Default,NPC/Class_S/MrWatch,256,256,256×256,5
NPC/Class_S/MrWatch/Default,NPC/Class_S/MrWatch,128,128,128×128,1
NPC/Class_S/MrWatch/Default,NPC/Class_S/MrWatch,64,64,64×64,1
NPC/Class_S/MrsCosmos/Default,NPC/Class_S/MrsCosmos,2048,2048,2048×2048,6
NPC/Class_S/MrsCosmos/Default,NPC/Class_S/MrsCosmos,1024,1024,1024×1024,10
NPC/Class_S/MrsCosmos/Default,NPC/Class_S/MrsCosmos,512,512,512×512,19
NPC/Class_S/MrsCosmos/Default,NPC/Class_S/MrsCosmos,256,256,256×256,7
NPC/Class_S/MrsCosmos/Default,NPC/Class_S/MrsCosmos,128,128,128×128,1
NPC/Class_S/MrsCosmos/Default,NPC/Class_S/MrsCosmos,64,64,64×64,1
NPC/Class_S/MyBarley/Default,NPC/Class_S/MyBarley,2048,2048,2048×2048,5
NPC/Class_S/MyBarley/Default,NPC/Class_S/MyBarley,1024,1024,1024×1024,5
NPC/Class_S/MyBarley/Default,NPC/Class_S/MyBarley,512,512,512×512,5
NPC/Class_S/Toxic/Default,NPC/Class_S/Toxic,2048,2048,2048×2048,7
NPC/Class_S/Toxic/Default,NPC/Class_S/Toxic,1024,1024,1024×1024,11
NPC/Class_S/Toxic/Default,NPC/Class_S/Toxic,512,512,512×512,12
NPC/Class_S/Toxic/Default,NPC/Class_S/Toxic,256,256,256×256,6
NPC/Class_S/Toxic/Default,NPC/Class_S/Toxic,128,128,128×128,1
NPC/Class_S/Toxic/Default,NPC/Class_S/Toxic,64,64,64×64,1
