assembly_id,category,logical_character_id,visual_variant,state,component,mesh_path,mesh_name,mesh_class,lod_count,lod0_triangles,skeleton_path,reference_bone_count
Boss/AshleyBoss/Default,Boss,Boss/AshleyBoss,Default,Default,Role,SilverPalace/Content/ArtRes/CharRes/Boss/AshleyBoss/Meshes/Role/SK_AshleyBoss_Body01.SK_AshleyBoss_Body01,SK_AshleyBoss_Body01,SkeletalMesh,5,73472,SilverPalace/Content/ArtRes/CharRes/Boss/AshleyBoss/Meshes/Role/SK_AshleyBoss_Body01_Skeleton.SK_AshleyBoss_Body01_Skeleton,511
Boss/AshleyBoss/Default,Boss,Boss/AshleyBoss,Default,Default,Role,SilverPalace/Content/ArtRes/CharRes/Boss/AshleyBoss/Meshes/Role/SK_AshleyBoss_Face01.SK_AshleyBoss_Face01,SK_AshleyBoss_Face01,SkeletalMesh,5,7679,SilverPalace/Content/ArtRes/CharRes/Boss/AshleyBoss/Meshes/Role/SK_AshleyBoss_Body01_Skeleton.SK_AshleyBoss_Body01_Skeleton,511
Boss/AshleyBoss/Default,Boss,Boss/AshleyBoss,Default,Default,Role,SilverPalace/Content/ArtRes/CharRes/Boss/AshleyBoss/Meshes/Role/SK_AshleyBoss_Hair01.SK_AshleyBoss_Hair01,SK_AshleyBoss_Hair01,SkeletalMesh,5,37988,SilverPalace/Content/ArtRes/CharRes/Boss/AshleyBoss/Meshes/Role/SK_AshleyBoss_Body01_Skeleton.SK_AshleyBoss_Body01_Skeleton,511
Boss/AshleyBoss/Default,Boss,Boss/AshleyBoss,Default,Default,Role,SilverPalace/Content/ArtRes/CharRes/Boss/AshleyBoss/Meshes/Role/SK_AshleyBoss_Hat01.SK_AshleyBoss_Hat01,SK_AshleyBoss_Hat01,SkeletalMesh,5,5592,SilverPalace/Content/ArtRes/CharRes/Boss/AshleyBoss/Meshes/Role/SK_AshleyBoss_Body01_Skeleton.SK_AshleyBoss_Body01_Skeleton,511
Boss/AshleyBoss/Default,Boss,Boss/AshleyBoss,Default,Default,Role,SilverPalace/Content/ArtRes/CharRes/Boss/AshleyBoss/Meshes/Role/SK_AshleyBoss_U_Face01.SK_AshleyBoss_U_Face01,SK_AshleyBoss_U_Face01,SkeletalMesh,1,9085,SilverPalace/Content/ArtRes/CharRes/Boss/AshleyBoss/Meshes/Role/SK_AshleyBoss_Body01_Skeleton.SK_AshleyBoss_Body01_Skeleton,511
Boss/AshleyBoss/Default,Boss,Boss/AshleyBoss,Default,Default,Weapon,SilverPalace/Content/ArtRes/CharRes/Boss/AshleyBoss/Meshes/Weapon/SK_AshleyBoss_MachineGun01.SK_AshleyBoss_MachineGun01,SK_AshleyBoss_MachineGun01,SkeletalMesh,5,19995,SilverPalace/Content/ArtRes/CharRes/Boss/AshleyBoss/Meshes/Weapon/SK_AshleyBoss_MachineGun01_Skeleton.SK_AshleyBoss_MachineGun01_Skeleton,16
Boss/AshleyBoss/Default,Boss,Boss/AshleyBoss,Default,Default,Weapon,SilverPalace/Content/ArtRes/CharRes/Boss/AshleyBoss/Meshes/Weapon/SK_AshleyBoss_Sword01.SK_AshleyBoss_Sword01,SK_AshleyBoss_Sword01,SkeletalMesh,5,22014,SilverPalace/Content/ArtRes/CharRes/Boss/AshleyBoss/Meshes/Role/SK_AshleyBoss_Body01_Skeleton.SK_AshleyBoss_Body01_Skeleton,511
Boss/AshleyBoss/Default,Boss,Boss/AshleyBoss,Default,Default,Weapon,SilverPalace/Content/ArtRes/CharRes/Boss/AshleyBoss/Meshes/Weapon/SK_AshleyBoss_Sword02.SK_AshleyBoss_Sword02,SK_AshleyBoss_Sword02,SkeletalMesh,5,3634,SilverPalace/Content/ArtRes/CharRes/Boss/AshleyBoss/Meshes/Weapon/SK_AshleyBoss_Sword02_Skeleton.SK_AshleyBoss_Sword02_Skeleton,9
Boss/AshleyBoss/Default,Boss,Boss/AshleyBoss,Default,Default,Weapon,SilverPalace/Content/ArtRes/CharRes/Boss/AshleyBoss/Meshes/Weapon/SM_AshleyBoss_MachineGun01_BulletShell.SM_AshleyBoss_MachineGun01_BulletShell,SM_AshleyBoss_MachineGun01_BulletShell,StaticMesh,4,506,,
Boss/AshleyBoss/InCar,Boss,Boss/AshleyBoss,Default,InCar,InCar,SilverPalace/Content/ArtRes/CharRes/Boss/AshleyBoss/Meshes/InCar/SK_AshleyBossInCar_01.SK_AshleyBossInCar_01,SK_AshleyBossInCar_01,SkeletalMesh,5,163872,SilverPalace/Content/ArtRes/CharRes/Boss/AshleyBoss/Meshes/InCar/SK_AshleyBossInCar_01_Skeleton.SK_AshleyBossInCar_01_Skeleton,888
Boss/AshleyBoss/InCar,Boss,Boss/AshleyBoss,Default,InCar,InCar,SilverPalace/Content/ArtRes/CharRes/Boss/AshleyBoss/Meshes/InCar/SK_AshleyBossInCar_02.SK_AshleyBossInCar_02,SK_AshleyBossInCar_02,SkeletalMesh,5,171780,SilverPalace/Content/ArtRes/CharRes/Boss/AshleyBoss/Meshes/InCar/SK_AshleyBossInCar_02_Skeleton.SK_AshleyBossInCar_02_Skeleton,543
Boss/AshleyBoss/InCar,Boss,Boss/AshleyBoss,Default,InCar,InCar,SilverPalace/Content/ArtRes/CharRes/Boss/AshleyBoss/Meshes/InCar/SK_AshleyBossInCar_03.SK_AshleyBossInCar_03,SK_AshleyBossInCar_03,SkeletalMesh,5,136328,SilverPalace/Content/ArtRes/CharRes/Boss/AshleyBoss/Meshes/InCar/SK_AshleyBossInCar_03_Skeleton.SK_AshleyBossInCar_03_Skeleton,164
Boss/AshleyBoss/InCar,Boss,Boss/AshleyBoss,Default,InCar,InCar,SilverPalace/Content/ArtRes/CharRes/Boss/AshleyBoss/Meshes/InCar/SK_AshleyBossInCar_Bomb02.SK_AshleyBossInCar_Bomb02,SK_AshleyBossInCar_Bomb02,SkeletalMesh,5,2834,SilverPalace/Content/ArtRes/CharRes/Boss/AshleyBoss/Meshes/InCar/SK_AshleyDefault_PumpkinCar01_Bomb02_Skeleton.SK_AshleyDefault_PumpkinCar01_Bomb02_Skeleton,17
Boss/AshleyBoss/InCar,Boss,Boss/AshleyBoss,Default,InCar,InCar,SilverPalace/Content/ArtRes/CharRes/Boss/AshleyBoss/Meshes/InCar/SK_AshleyBossInCar_Bomb03.SK_AshleyBossInCar_Bomb03,SK_AshleyBossInCar_Bomb03,SkeletalMesh,5,6391,SilverPalace/Content/ArtRes/CharRes/Boss/AshleyBoss/Meshes/InCar/SK_AshleyDefault_PumpkinCar01_Bomb03_Skeleton.SK_AshleyDefault_PumpkinCar01_Bomb03_Skeleton,42
Boss/AshleyBoss/InCar,Boss,Boss/AshleyBoss,Default,InCar,InCar,SilverPalace/Content/ArtRes/CharRes/Boss/AshleyBoss/Meshes/InCar/SM_AshleyBossInCar_Bomb01.SM_AshleyBossInCar_Bomb01,SM_AshleyBossInCar_Bomb01,StaticMesh,5,3524,,
Boss/AshleyBoss/InCar,Boss,Boss/AshleyBoss,Default,InCar,InCar,SilverPalace/Content/ArtRes/CharRes/Boss/AshleyBoss/Meshes/InCar/SM_AshleyBossInCar_Bomb02.SM_AshleyBossInCar_Bomb02,SM_AshleyBossInCar_Bomb02,StaticMesh,5,2834,,
Boss/AshleyBoss/InCar,Boss,Boss/AshleyBoss,Default,InCar,InCar,SilverPalace/Content/ArtRes/CharRes/Boss/AshleyBoss/Meshes/InCar/SM_AshleyBossInCar_Bomb04.SM_AshleyBossInCar_Bomb04,SM_AshleyBossInCar_Bomb04,StaticMesh,5,1440,,
Boss/ChavAlex/Default,Boss,Boss/ChavAlex,Default,Default,Role,SilverPalace/Content/ArtRes/CharRes/Boss/ChavAlex/Role/Meshes/SK_ChavAlex01_Body01.SK_ChavAlex01_Body01,SK_ChavAlex01_Body01,SkeletalMesh,5,51407,SilverPalace/Content/ArtRes/CharRes/Boss/ChavAlex/Role/Meshes/SK_ChavAlex01_Body01_Skeleton.SK_ChavAlex01_Body01_Skeleton,277
Boss/ChavAlex/Default,Boss,Boss/ChavAlex,Default,Default,Role,SilverPalace/Content/ArtRes/CharRes/Boss/ChavAlex/Role/Meshes/SK_ChavAlex01_Face01.SK_ChavAlex01_Face01,SK_ChavAlex01_Face01,SkeletalMesh,5,4250,SilverPalace/Content/ArtRes/CharRes/Boss/ChavAlex/Role/Meshes/SK_ChavAlex01_Body01_Skeleton.SK_ChavAlex01_Body01_Skeleton,277
Boss/ChavAlex/Default,Boss,Boss/ChavAlex,Default,Default,Role,SilverPalace/Content/ArtRes/CharRes/Boss/ChavAlex/Role/Meshes/SK_ChavAlex01_Hair01.SK_ChavAlex01_Hair01,SK_ChavAlex01_Hair01,SkeletalMesh,5,11191,SilverPalace/Content/ArtRes/CharRes/Boss/ChavAlex/Role/Meshes/SK_ChavAlex01_Body01_Skeleton.SK_ChavAlex01_Body01_Skeleton,277
Boss/ChavAlex/Default,Boss,Boss/ChavAlex,Default,Default,Weapon,SilverPalace/Content/ArtRes/CharRes/Boss/ChavAlex/Weapon/Meshes/SK_ChavAlex01_Baseball01.SK_ChavAlex01_Baseball01,SK_ChavAlex01_Baseball01,SkeletalMesh,5,976,SilverPalace/Content/ArtRes/CharRes/Boss/ChavAlex/Weapon/Meshes/SK_ChavAlex01_Baseball01_Skeleton.SK_ChavAlex01_Baseball01_Skeleton,6
Boss/ChavAlex/Default,Boss,Boss/ChavAlex,Default,Default,Weapon,SilverPalace/Content/ArtRes/CharRes/Boss/ChavAlex/Weapon/Meshes/SK_ChavAlex01_Shield01.SK_ChavAlex01_Shield01,SK_ChavAlex01_Shield01,SkeletalMesh,5,360,SilverPalace/Content/ArtRes/CharRes/Boss/ChavAlex/Weapon/Meshes/SK_ChavAlex01_Shield01_Skeleton.SK_ChavAlex01_Shield01_Skeleton,6
Boss/ChavAlex/Default,Boss,Boss/ChavAlex,Default,Default,Weapon,SilverPalace/Content/ArtRes/CharRes/Boss/ChavAlex/Weapon/Meshes/SK_ChavAlex01_Stick01.SK_ChavAlex01_Stick01,SK_ChavAlex01_Stick01,SkeletalMesh,5,2214,SilverPalace/Content/ArtRes/CharRes/Boss/ChavAlex/Weapon/Meshes/SK_ChavAlex01_Stick01_Skeleton.SK_ChavAlex01_Stick01_Skeleton,11
Boss/ChavBobo/Default,Boss,Boss/ChavBobo,Default,Default,Role,SilverPalace/Content/ArtRes/CharRes/Boss/ChavBobo/Role/Meshes/SK_ChavBobo01_Body01.SK_ChavBobo01_Body01,SK_ChavBobo01_Body01,SkeletalMesh,5,36542,SilverPalace/Content/ArtRes/CharRes/Boss/ChavBobo/Role/Meshes/SK_ChavBobo01_Body01_Skeleton.SK_ChavBobo01_Body01_Skeleton,232
Boss/ChavBobo/Default,Boss,Boss/ChavBobo,Default,Default,Role,SilverPalace/Content/ArtRes/CharRes/Boss/ChavBobo/Role/Meshes/SK_ChavBobo01_Face01.SK_ChavBobo01_Face01,SK_ChavBobo01_Face01,SkeletalMesh,5,4870,SilverPalace/Content/ArtRes/CharRes/Boss/ChavBobo/Role/Meshes/SK_ChavBobo01_Body01_Skeleton.SK_ChavBobo01_Body01_Skeleton,232
Boss/ChavBobo/Default,Boss,Boss/ChavBobo,Default,Default,Role,SilverPalace/Content/ArtRes/CharRes/Boss/ChavBobo/Role/Meshes/SK_ChavBobo01_Hair01.SK_ChavBobo01_Hair01,SK_ChavBobo01_Hair01,SkeletalMesh,5,5923,SilverPalace/Content/ArtRes/CharRes/Boss/ChavBobo/Role/Meshes/SK_ChavBobo01_Body01_Skeleton.SK_ChavBobo01_Body01_Skeleton,232
Boss/ChavBobo/Default,Boss,Boss/ChavBobo,Default,Default,Weapon,SilverPalace/Content/ArtRes/CharRes/Boss/ChavBobo/Weapon/Meshes/SK_ChavBobo01_Compass01.SK_ChavBobo01_Compass01,SK_ChavBobo01_Compass01,SkeletalMesh,5,2957,SilverPalace/Content/ArtRes/CharRes/Boss/ChavBobo/Weapon/Meshes/SK_ChavBobo01_Compass01_Skeleton.SK_ChavBobo01_Compass01_Skeleton,10
Boss/ChavBobo/Default,Boss,Boss/ChavBobo,Default,Default,Weapon,SilverPalace/Content/ArtRes/CharRes/Boss/ChavBobo/Weapon/Meshes/SK_ChavBobo01_Spraycan01.SK_ChavBobo01_Spraycan01,SK_ChavBobo01_Spraycan01,SkeletalMesh,5,1310,SilverPalace/Content/ArtRes/CharRes/Boss/ChavBobo/Weapon/Meshes/SK_ChavBobo01_Spraycan01_Skeleton.SK_ChavBobo01_Spraycan01_Skeleton,6
Boss/ChavCaesar/Default,Boss,Boss/ChavCaesar,Default,Default,Role,SilverPalace/Content/ArtRes/CharRes/Boss/ChavCaesar/Role/Meshes/SK_ChavCaesar01_Body01.SK_ChavCaesar01_Body01,SK_ChavCaesar01_Body01,SkeletalMesh,5,29940,SilverPalace/Content/ArtRes/CharRes/Boss/ChavCaesar/Role/Meshes/SK_ChavCaesar01_Body01_Skeleton.SK_ChavCaesar01_Body01_Skeleton,299
Boss/ChavCaesar/Default,Boss,Boss/ChavCaesar,Default,Default,Role,SilverPalace/Content/ArtRes/CharRes/Boss/ChavCaesar/Role/Meshes/SK_ChavCaesar01_Face01.SK_ChavCaesar01_Face01,SK_ChavCaesar01_Face01,SkeletalMesh,5,4098,SilverPalace/Content/ArtRes/CharRes/Boss/ChavCaesar/Role/Meshes/SK_ChavCaesar01_Body01_Skeleton.SK_ChavCaesar01_Body01_Skeleton,299
Boss/ChavCaesar/Default,Boss,Boss/ChavCaesar,Default,Default,Role,SilverPalace/Content/ArtRes/CharRes/Boss/ChavCaesar/Role/Meshes/SK_ChavCaesar01_Hair01.SK_ChavCaesar01_Hair01,SK_ChavCaesar01_Hair01,SkeletalMesh,5,5473,SilverPalace/Content/ArtRes/CharRes/Boss/ChavCaesar/Role/Meshes/SK_ChavCaesar01_Body01_Skeleton.SK_ChavCaesar01_Body01_Skeleton,299
Boss/ChavCaesar/Default,Boss,Boss/ChavCaesar,Default,Default,Weapon,SilverPalace/Content/ArtRes/CharRes/Boss/ChavCaesar/Weapon/Meshes/SK_ChavCaesar01_Book01.SK_ChavCaesar01_Book01,SK_ChavCaesar01_Book01,SkeletalMesh,5,1208,SilverPalace/Content/ArtRes/CharRes/Boss/ChavCaesar/Weapon/Meshes/SK_ChavCaesar01_Book01_Skeleton.SK_ChavCaesar01_Book01_Skeleton,31
Boss/ChavCaesar/Default,Boss,Boss/ChavCaesar,Default,Default,Weapon,SilverPalace/Content/ArtRes/CharRes/Boss/ChavCaesar/Weapon/Meshes/SK_ChavCaesar01_Envelope01.SK_ChavCaesar01_Envelope01,SK_ChavCaesar01_Envelope01,SkeletalMesh,5,304,SilverPalace/Content/ArtRes/CharRes/Boss/ChavCaesar/Weapon/Meshes/SK_ChavCaesar01_Envelope01_Skeleton.SK_ChavCaesar01_Envelope01_Skeleton,9
Boss/EliteKnight/Default,Boss,Boss/EliteKnight,Default,Default,Role,SilverPalace/Content/ArtRes/CharRes/Boss/EliteKnight/Role/Meshes/SK_EliteKnight01.SK_EliteKnight01,SK_EliteKnight01,SkeletalMesh,5,132542,SilverPalace/Content/ArtRes/CharRes/Boss/EliteKnight/Role/Meshes/SK_EliteKnight01_Skeleton.SK_EliteKnight01_Skeleton,334
Boss/EliteKnight/Default,Boss,Boss/EliteKnight,Default,Default,Weapon,SilverPalace/Content/ArtRes/CharRes/Boss/EliteKnight/Weapon/Meshes/SK_EliteKnight01_Arrow.SK_EliteKnight01_Arrow,SK_EliteKnight01_Arrow,SkeletalMesh,5,6000,SilverPalace/Content/ArtRes/CharRes/Boss/EliteKnight/Weapon/Meshes/SK_EliteKnight01_Arrow_Skeleton.SK_EliteKnight01_Arrow_Skeleton,7
Boss/EliteKnight/Default,Boss,Boss/EliteKnight,Default,Default,Weapon,SilverPalace/Content/ArtRes/CharRes/Boss/EliteKnight/Weapon/Meshes/SK_EliteKnight01_Bow.SK_EliteKnight01_Bow,SK_EliteKnight01_Bow,SkeletalMesh,5,7998,SilverPalace/Content/ArtRes/CharRes/Boss/EliteKnight/Weapon/Meshes/SK_EliteKnight01_Bow_Skeleton.SK_EliteKnight01_Bow_Skeleton,16
Boss/EliteKnight/Default,Boss,Boss/EliteKnight,Default,Default,Weapon,SilverPalace/Content/ArtRes/CharRes/Boss/EliteKnight/Weapon/Meshes/SK_EliteKnight01_Rapier.SK_EliteKnight01_Rapier,SK_EliteKnight01_Rapier,SkeletalMesh,5,6199,SilverPalace/Content/ArtRes/CharRes/Boss/EliteKnight/Weapon/Meshes/SK_EliteKnight01_Rapier_Skeleton.SK_EliteKnight01_Rapier_Skeleton,7
Boss/EliteKnight/Default,Boss,Boss/EliteKnight,Default,Default,Weapon,SilverPalace/Content/ArtRes/CharRes/Boss/EliteKnight/Weapon/Meshes/SK_EliteKnight01_Spear.SK_EliteKnight01_Spear,SK_EliteKnight01_Spear,SkeletalMesh,5,6000,SilverPalace/Content/ArtRes/CharRes/Boss/EliteKnight/Weapon/Meshes/SK_EliteKnight01_Spear_Skeleton.SK_EliteKnight01_Spear_Skeleton,7
Boss/EliteKnight/Default,Boss,Boss/EliteKnight,Default,Default,Weapon,SilverPalace/Content/ArtRes/CharRes/Boss/EliteKnight/Weapon/Meshes/SK_EliteKnight01_Throwspr.SK_EliteKnight01_Throwspr,SK_EliteKnight01_Throwspr,SkeletalMesh,5,6000,SilverPalace/Content/ArtRes/CharRes/Boss/EliteKnight/Weapon/Meshes/SK_EliteKnight01_Throwspr_Skeleton.SK_EliteKnight01_Throwspr_Skeleton,7
Boss/KnightStatue/Default,Boss,Boss/KnightStatue,Default,Default,Role,SilverPalace/Content/ArtRes/CharRes/Boss/KnightStatue/Role/Meshes/SK_KnightStatue01.SK_KnightStatue01,SK_KnightStatue01,SkeletalMesh,5,88674,SilverPalace/Content/ArtRes/CharRes/Boss/KnightStatue/Role/Meshes/SK_KnightStatue01_Skeleton.SK_KnightStatue01_Skeleton,204
Boss/KnightStatue/Default,Boss,Boss/KnightStatue,Default,Default,Weapon,SilverPalace/Content/ArtRes/CharRes/Boss/KnightStatue/Weapon/Meshes/SK_KnightStatue_Axe01.SK_KnightStatue_Axe01,SK_KnightStatue_Axe01,SkeletalMesh,5,13767,SilverPalace/Content/ArtRes/CharRes/Boss/KnightStatue/Weapon/Meshes/SK_KnightStatue_Axe01_Skeleton.SK_KnightStatue_Axe01_Skeleton,6
Boss/KnightStatue/Default,Boss,Boss/KnightStatue,Default,Default,Weapon,SilverPalace/Content/ArtRes/CharRes/Boss/KnightStatue/Weapon/Meshes/SK_KnightStatue_Controller01.SK_KnightStatue_Controller01,SK_KnightStatue_Controller01,SkeletalMesh,5,10502,SilverPalace/Content/ArtRes/CharRes/Boss/KnightStatue/Weapon/Meshes/SK_KnightStatue_Controller01_Skeleton.SK_KnightStatue_Controller01_Skeleton,3
Boss/KnightStatueScb/Default,Boss,Boss/KnightStatueScb,Default,Default,Role,SilverPalace/Content/ArtRes/CharRes/Boss/KnightStatueScb/Role/Meshes/SK_KnightStatueScb01.SK_KnightStatueScb01,SK_KnightStatueScb01,SkeletalMesh,5,148763,SilverPalace/Content/ArtRes/CharRes/Boss/KnightStatueScb/Role/Meshes/SK_KnightStatueScb01_Skeleton.SK_KnightStatueScb01_Skeleton,464
Boss/Manager/Default,Boss,Boss/Manager,Default,Default,Role,SilverPalace/Content/ArtRes/CharRes/Boss/Manager/Role/Meshes/SK_Manager01.SK_Manager01,SK_Manager01,SkeletalMesh,5,90995,SilverPalace/Content/ArtRes/CharRes/Boss/Manager/Role/Meshes/SK_Manager01_Skeleton.SK_Manager01_Skeleton,437
Boss/Manager/Default,Boss,Boss/Manager,Default,Default,Weapon,SilverPalace/Content/ArtRes/CharRes/Boss/Manager/Weapon/Meshes/SK_Manager01_LevelCannon01_1X.SK_Manager01_LevelCannon01_1X,SK_Manager01_LevelCannon01_1X,SkeletalMesh,5,17220,SilverPalace/Content/ArtRes/CharRes/Boss/Manager/Weapon/Meshes/SK_Manager01_LevelCannon01_1X_Skeleton.SK_Manager01_LevelCannon01_1X_Skeleton,3
Boss/Manager/Default,Boss,Boss/Manager,Default,Default,Weapon,SilverPalace/Content/ArtRes/CharRes/Boss/Manager/Weapon/Meshes/SK_Manager01_LevelCannon01_2X.SK_Manager01_LevelCannon01_2X,SK_Manager01_LevelCannon01_2X,SkeletalMesh,5,17220,SilverPalace/Content/ArtRes/CharRes/Boss/Manager/Weapon/Meshes/SK_Manager01_LevelCannon01_2X_Skeleton.SK_Manager01_LevelCannon01_2X_Skeleton,3
Boss/Manager/Default,Boss,Boss/Manager,Default,Default,Weapon,SilverPalace/Content/ArtRes/CharRes/Boss/Manager/Weapon/Meshes/SK_Manager01_Meter01.SK_Manager01_Meter01,SK_Manager01_Meter01,SkeletalMesh,5,33838,SilverPalace/Content/ArtRes/CharRes/Boss/Manager/Weapon/Meshes/SK_Manager01_Meter01_Skeleton.SK_Manager01_Meter01_Skeleton,27
Boss/Manager/Default,Boss,Boss/Manager,Default,Default,Weapon,SilverPalace/Content/ArtRes/CharRes/Boss/Manager/Weapon/Meshes/SK_Manager01_PlasmaCannon01.SK_Manager01_PlasmaCannon01,SK_Manager01_PlasmaCannon01,SkeletalMesh,5,1472,SilverPalace/Content/ArtRes/CharRes/Boss/Manager/Weapon/Meshes/SK_Manager01_PlasmaCannon01_Skeleton.SK_Manager01_PlasmaCannon01_Skeleton,9
Boss/Manager/Default,Boss,Boss/Manager,Default,Default,Weapon,SilverPalace/Content/ArtRes/CharRes/Boss/Manager/Weapon/Meshes/SK_Manager01_Saw01.SK_Manager01_Saw01,SK_Manager01_Saw01,SkeletalMesh,5,4580,SilverPalace/Content/ArtRes/CharRes/Boss/Manager/Weapon/Meshes/SK_Manager01_Saw01_Skeleton.SK_Manager01_Saw01_Skeleton,4
Boss/Manager/Default,Boss,Boss/Manager,Default,Default,Weapon,SilverPalace/Content/ArtRes/CharRes/Boss/Manager/Weapon/Meshes/SK_Manager01_SwingingHammer01.SK_Manager01_SwingingHammer01,SK_Manager01_SwingingHammer01,SkeletalMesh,5,51852,SilverPalace/Content/ArtRes/CharRes/Boss/Manager/Weapon/Meshes/SK_Manager01_SwingingHammer01_Skeleton.SK_Manager01_SwingingHammer01_Skeleton,31
Boss/Manager/Default,Boss,Boss/Manager,Default,Default,Weapon,SilverPalace/Content/ArtRes/CharRes/Boss/Manager/Weapon/Meshes/SK_Manager01_Umbrella01.SK_Manager01_Umbrella01,SK_Manager01_Umbrella01,SkeletalMesh,5,27924,SilverPalace/Content/ArtRes/CharRes/Boss/Manager/Weapon/Meshes/SK_Manager01_Umbrella01_Skeleton.SK_Manager01_Umbrella01_Skeleton,68
Boss/Paraffin/Default,Boss,Boss/Paraffin,Default,Default,Role,SilverPalace/Content/ArtRes/CharRes/Boss/Paraffin/Meshes/SK_ParaffinLighter_01.SK_ParaffinLighter_01,SK_ParaffinLighter_01,SkeletalMesh,5,5078,SilverPalace/Content/ArtRes/CharRes/Boss/Paraffin/Meshes/SK_ParaffinLighter_01_Skeleton.SK_ParaffinLighter_01_Skeleton,6
Boss/Paraffin/Default,Boss,Boss/Paraffin,Default,Default,Role,SilverPalace/Content/ArtRes/CharRes/Boss/Paraffin/Meshes/SK_ParaffinWeapon_01.SK_ParaffinWeapon_01,SK_ParaffinWeapon_01,SkeletalMesh,5,7174,SilverPalace/Content/ArtRes/CharRes/Boss/Paraffin/Meshes/SK_ParaffinWeapon_01_Skeleton.SK_ParaffinWeapon_01_Skeleton,6
Boss/Paraffin/Default,Boss,Boss/Paraffin,Default,Default,Role,SilverPalace/Content/ArtRes/CharRes/Boss/Paraffin/Meshes/SK_Paraffin_00.SK_Paraffin_00,SK_Paraffin_00,SkeletalMesh,5,48923,SilverPalace/Content/ArtRes/CharRes/Boss/Paraffin/Meshes/SK_Paraffin_00_Skeleton.SK_Paraffin_00_Skeleton,190
Boss/Paraffin/Default,Boss,Boss/Paraffin,Default,Default,Role,SilverPalace/Content/ArtRes/CharRes/Boss/Paraffin/Meshes/SK_Paraffin_01.SK_Paraffin_01,SK_Paraffin_01,SkeletalMesh,5,48689,SilverPalace/Content/ArtRes/CharRes/Boss/Paraffin/Meshes/SK_Paraffin_01_Skeleton.SK_Paraffin_01_Skeleton,272
Boss/Predator/Default,Boss,Boss/Predator,Default,Default,Role,SilverPalace/Content/ArtRes/CharRes/Boss/Predator/Role/Meshes/SK_Predator01.SK_Predator01,SK_Predator01,SkeletalMesh,5,98270,SilverPalace/Content/ArtRes/CharRes/Boss/Predator/Role/Meshes/SK_Predator01_Skeleton.SK_Predator01_Skeleton,308
Boss/QuarterBack/Default,Boss,Boss/QuarterBack,Default,Default,Role,SilverPalace/Content/ArtRes/CharRes/Boss/QuarterBack/Role/Meshes/SK_QuarterBack01.SK_QuarterBack01,SK_QuarterBack01,SkeletalMesh,5,71512,SilverPalace/Content/ArtRes/CharRes/Boss/QuarterBack/Role/Meshes/SK_QuarterBack01_Skeleton.SK_QuarterBack01_Skeleton,216
Boss/QuarterBack/Default,Boss,Boss/QuarterBack,Default,Default,Role,SilverPalace/Content/ArtRes/CharRes/Boss/QuarterBack/Role/Meshes/SK_QuarterBack01_Fur01.SK_QuarterBack01_Fur01,SK_QuarterBack01_Fur01,SkeletalMesh,5,757,SilverPalace/Content/ArtRes/CharRes/Boss/QuarterBack/Role/Meshes/SK_QuarterBack01_Skeleton.SK_QuarterBack01_Skeleton,216
Boss/QuarterBack/Default,Boss,Boss/QuarterBack,Default,Default,Weapon,SilverPalace/Content/ArtRes/CharRes/Boss/QuarterBack/Weapon/Meshes/SK_QuarterBack01_Rugby01.SK_QuarterBack01_Rugby01,SK_QuarterBack01_Rugby01,SkeletalMesh,5,4764,SilverPalace/Content/ArtRes/CharRes/Boss/QuarterBack/Weapon/Meshes/SK_QuarterBack01_Rugby01_Skeleton.SK_QuarterBack01_Rugby01_Skeleton,6
Boss/RedBack/Default,Boss,Boss/RedBack,Default,Default,Role,SilverPalace/Content/ArtRes/CharRes/Boss/RedBack/Role/Meshes/SK_RedBack01.SK_RedBack01,SK_RedBack01,SkeletalMesh,5,74223,SilverPalace/Content/ArtRes/CharRes/Boss/RedBack/Role/Meshes/SK_RedBack01_Skeleton.SK_RedBack01_Skeleton,299
Boss/RedBack/Default,Boss,Boss/RedBack,Default,Default,Weapon,SilverPalace/Content/ArtRes/CharRes/Boss/RedBack/Weapon/Meshes/SK_RedBack01_knife.SK_RedBack01_knife,SK_RedBack01_knife,SkeletalMesh,5,8170,SilverPalace/Content/ArtRes/CharRes/Boss/RedBack/Weapon/Meshes/SK_RedBack01_knife_Skeleton.SK_RedBack01_knife_Skeleton,13
Boss/RexBoss/Default,Boss,Boss/RexBoss,Default,Default,Pet,SilverPalace/Content/ArtRes/CharRes/Boss/RexBoss/Pet/Meshes/SK_RexBoss_Dog01.SK_RexBoss_Dog01,SK_RexBoss_Dog01,SkeletalMesh,5,21988,SilverPalace/Content/ArtRes/CharRes/Boss/RexBoss/Pet/Meshes/SK_RexBoss_Dog01_Skeleton.SK_RexBoss_Dog01_Skeleton,204
Boss/RexBoss/Default,Boss,Boss/RexBoss,Default,Default,Role,SilverPalace/Content/ArtRes/CharRes/Boss/RexBoss/Role/Meshes/SK_RexBoss_Body01.SK_RexBoss_Body01,SK_RexBoss_Body01,SkeletalMesh,5,75093,SilverPalace/Content/ArtRes/CharRes/Boss/RexBoss/Role/Meshes/SK_RexBoss_Body01_Skeleton.SK_RexBoss_Body01_Skeleton,307
Boss/RexBoss/Default,Boss,Boss/RexBoss,Default,Default,Role,SilverPalace/Content/ArtRes/CharRes/Boss/RexBoss/Role/Meshes/SK_RexBoss_Face01.SK_RexBoss_Face01,SK_RexBoss_Face01,SkeletalMesh,5,5406,SilverPalace/Content/ArtRes/CharRes/Boss/RexBoss/Role/Meshes/SK_RexBoss_Body01_Skeleton.SK_RexBoss_Body01_Skeleton,307
Boss/RexBoss/Default,Boss,Boss/RexBoss,Default,Default,Role,SilverPalace/Content/ArtRes/CharRes/Boss/RexBoss/Role/Meshes/SK_RexBoss_Hair01.SK_RexBoss_Hair01,SK_RexBoss_Hair01,SkeletalMesh,5,14640,SilverPalace/Content/ArtRes/CharRes/Boss/RexBoss/Role/Meshes/SK_RexBoss_Body01_Skeleton.SK_RexBoss_Body01_Skeleton,307
Boss/RexBoss/Default,Boss,Boss/RexBoss,Default,Default,Role,SilverPalace/Content/ArtRes/CharRes/Boss/RexBoss/Role/Meshes/SK_RexBoss_Hair02.SK_RexBoss_Hair02,SK_RexBoss_Hair02,SkeletalMesh,5,25364,SilverPalace/Content/ArtRes/CharRes/Boss/RexBoss/Role/Meshes/SK_RexBoss_Body01_Skeleton.SK_RexBoss_Body01_Skeleton,307
Boss/RexBoss/Default,Boss,Boss/RexBoss,Default,Default,Role,SilverPalace/Content/ArtRes/CharRes/Boss/RexBoss/Role/Meshes/SK_RexBoss_Hat01.SK_RexBoss_Hat01,SK_RexBoss_Hat01,SkeletalMesh,5,2452,SilverPalace/Content/ArtRes/CharRes/Boss/RexBoss/Role/Meshes/SK_RexBoss_Body01_Skeleton.SK_RexBoss_Body01_Skeleton,307
Boss/RexBoss/Default,Boss,Boss/RexBoss,Default,Default,Role,SilverPalace/Content/ArtRes/CharRes/Boss/RexBoss/Role/Meshes/SK_RexBoss_U_Face01.SK_RexBoss_U_Face01,SK_RexBoss_U_Face01,SkeletalMesh,1,5406,SilverPalace/Content/ArtRes/CharRes/Boss/RexBoss/Role/Meshes/SK_RexBoss_Body01_Skeleton.SK_RexBoss_Body01_Skeleton,307
Boss/RexBoss/Default,Boss,Boss/RexBoss,Default,Default,Weapon,SilverPalace/Content/ArtRes/CharRes/Boss/RexBoss/Weapon/Meshes/SK_RexBoss_Stick01.SK_RexBoss_Stick01,SK_RexBoss_Stick01,SkeletalMesh,5,13452,SilverPalace/Content/ArtRes/CharRes/Boss/RexBoss/Role/Meshes/SK_RexBoss_Body01_Skeleton.SK_RexBoss_Body01_Skeleton,307
Boss/Supervisor/Default,Boss,Boss/Supervisor,Default,Default,Role,SilverPalace/Content/ArtRes/CharRes/Boss/Supervisor/Role/Meshes/SK_Supervisor01.SK_Supervisor01,SK_Supervisor01,SkeletalMesh,5,125417,SilverPalace/Content/ArtRes/CharRes/Boss/Supervisor/Role/Meshes/SK_Supervisor01_Skeleton.SK_Supervisor01_Skeleton,341
Boss/Supervisor/Default,Boss,Boss/Supervisor,Default,Default,Weapon,SilverPalace/Content/ArtRes/CharRes/Boss/Supervisor/Weapon/Meshes/SK_Supervisor01_Clock01.SK_Supervisor01_Clock01,SK_Supervisor01_Clock01,SkeletalMesh,5,18836,SilverPalace/Content/ArtRes/CharRes/Boss/Supervisor/Weapon/Meshes/SK_Supervisor01_Clock01_Skeleton.SK_Supervisor01_Clock01_Skeleton,13
Boss/Supervisor/Default,Boss,Boss/Supervisor,Default,Default,Weapon,SilverPalace/Content/ArtRes/CharRes/Boss/Supervisor/Weapon/Meshes/SK_Supervisor01_Suitcase01.SK_Supervisor01_Suitcase01,SK_Supervisor01_Suitcase01,SkeletalMesh,5,5354,SilverPalace/Content/ArtRes/CharRes/Boss/Supervisor/Weapon/Meshes/SK_Supervisor01_Suitcase01_Skeleton.SK_Supervisor01_Suitcase01_Skeleton,19
Boss/Supervisor/Default,Boss,Boss/Supervisor,Default,Default,Weapon,SilverPalace/Content/ArtRes/CharRes/Boss/Supervisor/Weapon/Meshes/SK_Supervisor01_Whip01.SK_Supervisor01_Whip01,SK_Supervisor01_Whip01,SkeletalMesh,5,16474,SilverPalace/Content/ArtRes/CharRes/Boss/Supervisor/Weapon/Meshes/SK_Supervisor01_Whip01_Skeleton.SK_Supervisor01_Whip01_Skeleton,32
Boss/Supervisor/Default,Boss,Boss/Supervisor,Default,Default,Weapon,SilverPalace/Content/ArtRes/CharRes/Boss/Supervisor/Weapon/Meshes/SM_Supervisor01_LevelClock01.SM_Supervisor01_LevelClock01,SM_Supervisor01_LevelClock01,SkeletalMesh,5,24610,SilverPalace/Content/ArtRes/CharRes/Boss/Supervisor/Weapon/Meshes/SM_Supervisor01_LevelClock01_Skeleton.SM_Supervisor01_LevelClock01_Skeleton,3
Boss/Supervisor/Default,Boss,Boss/Supervisor,Default,Default,Weapon,SilverPalace/Content/ArtRes/CharRes/Boss/Supervisor/Weapon/Meshes/SM_Supervisor01_Suitcase01.SM_Supervisor01_Suitcase01,SM_Supervisor01_Suitcase01,SkeletalMesh,5,5354,SilverPalace/Content/ArtRes/CharRes/Boss/Supervisor/Weapon/Meshes/SM_Supervisor01_Suitcase01_Skeleton.SM_Supervisor01_Suitcase01_Skeleton,2
Boss/Supervisor/Default,Boss,Boss/Supervisor,Default,Default,Weapon,SilverPalace/Content/ArtRes/CharRes/Boss/Supervisor/Weapon/Meshes/SM_Supervisor01_Whip01.SM_Supervisor01_Whip01,SM_Supervisor01_Whip01,SkeletalMesh,5,30656,SilverPalace/Content/ArtRes/CharRes/Boss/Supervisor/Weapon/Meshes/SM_Supervisor01_Whip01_Skeleton.SM_Supervisor01_Whip01_Skeleton,4
Boss/Vulture/Default,Boss,Boss/Vulture,Default,Default,Role,SilverPalace/Content/ArtRes/CharRes/Boss/Vulture/Role/Meshes/SK_Vulture01.SK_Vulture01,SK_Vulture01,SkeletalMesh,5,116707,SilverPalace/Content/ArtRes/CharRes/Boss/Vulture/Role/Meshes/SK_Vulture01_Skeleton.SK_Vulture01_Skeleton,481
Hero/Alf/Default/Combat,Hero,Hero/Alf,Default,Combat,Role,SilverPalace/Content/ArtRes/CharRes/Hero/Alf/Default/Role/Meshes/Combat/SK_AlfDefault_C_Body01.SK_AlfDefault_C_Body01,SK_AlfDefault_C_Body01,SkeletalMesh,5,66275,SilverPalace/Content/ArtRes/CharRes/Hero/Alf/Default/Role/Meshes/Combat/SK_AlfDefault_C_Body01_Skeleton.SK_AlfDefault_C_Body01_Skeleton,433
Hero/Alf/Default/Combat,Hero,Hero/Alf,Default,Combat,Role,SilverPalace/Content/ArtRes/CharRes/Hero/Alf/Default/Role/Meshes/Combat/SK_AlfDefault_C_Face01.SK_AlfDefault_C_Face01,SK_AlfDefault_C_Face01,SkeletalMesh,5,7485,SilverPalace/Content/ArtRes/CharRes/Hero/Alf/Default/Role/Meshes/Combat/SK_AlfDefault_C_Body01_Skeleton.SK_AlfDefault_C_Body01_Skeleton,433
Hero/Alf/Default/Combat,Hero,Hero/Alf,Default,Combat,Role,SilverPalace/Content/ArtRes/CharRes/Hero/Alf/Default/Role/Meshes/Combat/SK_AlfDefault_C_Hair01.SK_AlfDefault_C_Hair01,SK_AlfDefault_C_Hair01,SkeletalMesh,5,19984,SilverPalace/Content/ArtRes/CharRes/Hero/Alf/Default/Role/Meshes/Combat/SK_AlfDefault_C_Body01_Skeleton.SK_AlfDefault_C_Body01_Skeleton,433
Hero/Alf/Default/Combat,Hero,Hero/Alf,Default,Combat,Role,SilverPalace/Content/ArtRes/CharRes/Hero/Alf/Default/Role/Meshes/Combat/SK_AlfDefault_C_Hat01.SK_AlfDefault_C_Hat01,SK_AlfDefault_C_Hat01,SkeletalMesh,5,1628,SilverPalace/Content/ArtRes/CharRes/Hero/Alf/Default/Role/Meshes/Combat/SK_AlfDefault_C_Body01_Skeleton.SK_AlfDefault_C_Body01_Skeleton,433
Hero/Alf/Default/Combat,Hero,Hero/Alf,Default,Combat,Weapon,SilverPalace/Content/ArtRes/CharRes/Hero/Alf/Default/Weapon/Meshes/Combat/SK_AlfDefault_C_Flamethrower01.SK_AlfDefault_C_Flamethrower01,SK_AlfDefault_C_Flamethrower01,SkeletalMesh,5,8280,SilverPalace/Content/ArtRes/CharRes/Hero/Alf/Default/Weapon/Meshes/Combat/SK_AlfDefault_C_Flamethrower01_Skeleton.SK_AlfDefault_C_Flamethrower01_Skeleton,7
Hero/Alf/Default/Combat,Hero,Hero/Alf,Default,Combat,Weapon,SilverPalace/Content/ArtRes/CharRes/Hero/Alf/Default/Weapon/Meshes/Combat/SK_AlfDefault_C_Reactor01.SK_AlfDefault_C_Reactor01,SK_AlfDefault_C_Reactor01,SkeletalMesh,5,22882,SilverPalace/Content/ArtRes/CharRes/Hero/Alf/Default/Weapon/Meshes/Combat/SK_AlfDefault_C_Reactor01_Skeleton.SK_AlfDefault_C_Reactor01_Skeleton,61
Hero/Alf/Default/Combat,Hero,Hero/Alf,Default,Combat,Weapon,SilverPalace/Content/ArtRes/CharRes/Hero/Alf/Default/Weapon/Meshes/Combat/SK_AlfDefault_C_Rifle01.SK_AlfDefault_C_Rifle01,SK_AlfDefault_C_Rifle01,SkeletalMesh,5,16505,SilverPalace/Content/ArtRes/CharRes/Hero/Alf/Default/Weapon/Meshes/Combat/SK_AlfDefault_C_Rifle01_Skeleton.SK_AlfDefault_C_Rifle01_Skeleton,20
Hero/Alf/Default/Combat,Hero,Hero/Alf,Default,Combat,Weapon,SilverPalace/Content/ArtRes/CharRes/Hero/Alf/Default/Weapon/Meshes/Combat/SK_AlfDefault_C_Suitcase01.SK_AlfDefault_C_Suitcase01,SK_AlfDefault_C_Suitcase01,SkeletalMesh,5,5090,SilverPalace/Content/ArtRes/CharRes/Hero/Alf/Default/Weapon/Meshes/Combat/SK_AlfDefault_C_Suitcase01_Skeleton.SK_AlfDefault_C_Suitcase01_Skeleton,17
Hero/Alf/Default/Show,Hero,Hero/Alf,Default,Show,Role,SilverPalace/Content/ArtRes/CharRes/Hero/Alf/Default/Role/Meshes/Show/SK_AlfDefault_U_Face01.SK_AlfDefault_U_Face01,SK_AlfDefault_U_Face01,SkeletalMesh,1,7485,SilverPalace/Content/ArtRes/CharRes/Hero/Alf/Default/Role/Meshes/Combat/SK_AlfDefault_C_Body01_Skeleton.SK_AlfDefault_C_Body01_Skeleton,433
Hero/Alf/Default/Show,Hero,Hero/Alf,Default,Show,Weapon,SilverPalace/Content/ArtRes/CharRes/Hero/Alf/Default/Weapon/Meshes/Show/SK_AlfDefault_U_Bucket01.SK_AlfDefault_U_Bucket01,SK_AlfDefault_U_Bucket01,SkeletalMesh,5,2866,SilverPalace/Content/ArtRes/CharRes/Hero/Alf/Default/Weapon/Meshes/Show/SK_AlfDefault_U_Bucket01_Skeleton.SK_AlfDefault_U_Bucket01_Skeleton,4
Hero/Argos/Default/Combat,Hero,Hero/Argos,Default,Combat,Role,SilverPalace/Content/ArtRes/CharRes/Hero/Argos/Default/Role/Meshes/Combat/SK_ArgosDefault_C_Body01.SK_ArgosDefault_C_Body01,SK_ArgosDefault_C_Body01,SkeletalMesh,5,47390,SilverPalace/Content/ArtRes/CharRes/Hero/Argos/Default/Role/Meshes/Combat/SK_ArgosDefault_C_Body01_Skeleton.SK_ArgosDefault_C_Body01_Skeleton,368
Hero/Argos/Default/Combat,Hero,Hero/Argos,Default,Combat,Role,SilverPalace/Content/ArtRes/CharRes/Hero/Argos/Default/Role/Meshes/Combat/SK_ArgosDefault_C_Face01.SK_ArgosDefault_C_Face01,SK_ArgosDefault_C_Face01,SkeletalMesh,5,5082,SilverPalace/Content/ArtRes/CharRes/Hero/Argos/Default/Role/Meshes/Combat/SK_ArgosDefault_C_Body01_Skeleton.SK_ArgosDefault_C_Body01_Skeleton,368
Hero/Argos/Default/Combat,Hero,Hero/Argos,Default,Combat,Role,SilverPalace/Content/ArtRes/CharRes/Hero/Argos/Default/Role/Meshes/Combat/SK_ArgosDefault_C_Hair01.SK_ArgosDefault_C_Hair01,SK_ArgosDefault_C_Hair01,SkeletalMesh,5,19995,SilverPalace/Content/ArtRes/CharRes/Hero/Argos/Default/Role/Meshes/Combat/SK_ArgosDefault_C_Body01_Skeleton.SK_ArgosDefault_C_Body01_Skeleton,368
Hero/Argos/Default/Combat,Hero,Hero/Argos,Default,Combat,Role,SilverPalace/Content/ArtRes/CharRes/Hero/Argos/Default/Role/Meshes/Combat/SK_ArgosDefault_C_Hat01.SK_ArgosDefault_C_Hat01,SK_ArgosDefault_C_Hat01,SkeletalMesh,5,4644,SilverPalace/Content/ArtRes/CharRes/Hero/Argos/Default/Role/Meshes/Combat/SK_ArgosDefault_C_Body01_Skeleton.SK_ArgosDefault_C_Body01_Skeleton,368
Hero/Argos/Default/Combat,Hero,Hero/Argos,Default,Combat,Weapon,SilverPalace/Content/ArtRes/CharRes/Hero/Argos/Default/Weapon/Meshes/Combat/SK_ArgosDefault_C_Barrel01.SK_ArgosDefault_C_Barrel01,SK_ArgosDefault_C_Barrel01,SkeletalMesh,5,8824,SilverPalace/Content/ArtRes/CharRes/Hero/Argos/Default/Weapon/Meshes/Combat/SK_ArgosDefault_C_Barrel01_Skeleton.SK_ArgosDefault_C_Barrel01_Skeleton,6
Hero/Argos/Default/Combat,Hero,Hero/Argos,Default,Combat,Weapon,SilverPalace/Content/ArtRes/CharRes/Hero/Argos/Default/Weapon/Meshes/Combat/SK_ArgosDefault_C_Barrel02.SK_ArgosDefault_C_Barrel02,SK_ArgosDefault_C_Barrel02,SkeletalMesh,5,18623,SilverPalace/Content/ArtRes/CharRes/Hero/Argos/Default/Weapon/Meshes/Combat/SK_ArgosDefault_C_Barrel02_Skeleton.SK_ArgosDefault_C_Barrel02_Skeleton,16
Hero/Argos/Default/Combat,Hero,Hero/Argos,Default,Combat,Weapon,SilverPalace/Content/ArtRes/CharRes/Hero/Argos/Default/Weapon/Meshes/Combat/SK_ArgosDefault_C_Bottle01.SK_ArgosDefault_C_Bottle01,SK_ArgosDefault_C_Bottle01,SkeletalMesh,5,2104,SilverPalace/Content/ArtRes/CharRes/Hero/Argos/Default/Weapon/Meshes/Combat/SK_ArgosDefault_C_Bottle01_Skeleton.SK_ArgosDefault_C_Bottle01_Skeleton,3
Hero/Argos/Default/Combat,Hero,Hero/Argos,Default,Combat,Weapon,SilverPalace/Content/ArtRes/CharRes/Hero/Argos/Default/Weapon/Meshes/Combat/SK_ArgosDefault_C_Shaker01.SK_ArgosDefault_C_Shaker01,SK_ArgosDefault_C_Shaker01,SkeletalMesh,5,3492,SilverPalace/Content/ArtRes/CharRes/Hero/Argos/Default/Weapon/Meshes/Combat/SK_ArgosDefault_C_Shaker01_Skeleton.SK_ArgosDefault_C_Shaker01_Skeleton,5
Hero/Argos/Default/Combat,Hero,Hero/Argos,Default,Combat,Weapon,SilverPalace/Content/ArtRes/CharRes/Hero/Argos/Default/Weapon/Meshes/Combat/SK_ArgosDefault_C_Sword01.SK_ArgosDefault_C_Sword01,SK_ArgosDefault_C_Sword01,SkeletalMesh,5,9799,SilverPalace/Content/ArtRes/CharRes/Hero/Argos/Default/Weapon/Meshes/Combat/SK_ArgosDefault_C_Sword01_Skeleton.SK_ArgosDefault_C_Sword01_Skeleton,11
Hero/Argos/Default/Show,Hero,Hero/Argos,Default,Show,Role,SilverPalace/Content/ArtRes/CharRes/Hero/Argos/Default/Role/Meshes/Show/SK_ArgosDefault_U_Face01.SK_ArgosDefault_U_Face01,SK_ArgosDefault_U_Face01,SkeletalMesh,1,5082,SilverPalace/Content/ArtRes/CharRes/Hero/Argos/Default/Role/Meshes/Combat/SK_ArgosDefault_C_Body01_Skeleton.SK_ArgosDefault_C_Body01_Skeleton,368
Hero/Ashley/Default/Combat,Hero,Hero/Ashley,Default,Combat,Role,SilverPalace/Content/ArtRes/CharRes/Hero/Ashley/Default/Role/Meshes/Combat/SK_AshleyDefault_C_Body01.SK_AshleyDefault_C_Body01,SK_AshleyDefault_C_Body01,SkeletalMesh,5,73472,SilverPalace/Content/ArtRes/CharRes/Hero/Ashley/Default/Role/Meshes/Combat/SK_AshleyDefault_C_Body01_Skeleton.SK_AshleyDefault_C_Body01_Skeleton,511
Hero/Ashley/Default/Combat,Hero,Hero/Ashley,Default,Combat,Role,SilverPalace/Content/ArtRes/CharRes/Hero/Ashley/Default/Role/Meshes/Combat/SK_AshleyDefault_C_Face01.SK_AshleyDefault_C_Face01,SK_AshleyDefault_C_Face01,SkeletalMesh,5,7679,SilverPalace/Content/ArtRes/CharRes/Hero/Ashley/Default/Role/Meshes/Combat/SK_AshleyDefault_C_Body01_Skeleton.SK_AshleyDefault_C_Body01_Skeleton,511
Hero/Ashley/Default/Combat,Hero,Hero/Ashley,Default,Combat,Role,SilverPalace/Content/ArtRes/CharRes/Hero/Ashley/Default/Role/Meshes/Combat/SK_AshleyDefault_C_Hair01.SK_AshleyDefault_C_Hair01,SK_AshleyDefault_C_Hair01,SkeletalMesh,5,37988,SilverPalace/Content/ArtRes/CharRes/Hero/Ashley/Default/Role/Meshes/Combat/SK_AshleyDefault_C_Body01_Skeleton.SK_AshleyDefault_C_Body01_Skeleton,511
Hero/Ashley/Default/Combat,Hero,Hero/Ashley,Default,Combat,Role,SilverPalace/Content/ArtRes/CharRes/Hero/Ashley/Default/Role/Meshes/Combat/SK_AshleyDefault_C_Hat01.SK_AshleyDefault_C_Hat01,SK_AshleyDefault_C_Hat01,SkeletalMesh,5,5592,SilverPalace/Content/ArtRes/CharRes/Hero/Ashley/Default/Role/Meshes/Combat/SK_AshleyDefault_C_Body01_Skeleton.SK_AshleyDefault_C_Body01_Skeleton,511
Hero/Ashley/Default/Combat,Hero,Hero/Ashley,Default,Combat,Weapon,SilverPalace/Content/ArtRes/CharRes/Hero/Ashley/Default/Weapon/Meshes/Combat/SK_AshleyDefault_C_Bomb01.SK_AshleyDefault_C_Bomb01,SK_AshleyDefault_C_Bomb01,SkeletalMesh,5,1440,SilverPalace/Content/ArtRes/CharRes/Hero/Ashley/Default/Weapon/Meshes/Combat/SK_AshleyDefault_C_Bomb01_Skeleton.SK_AshleyDefault_C_Bomb01_Skeleton,2
Hero/Ashley/Default/Combat,Hero,Hero/Ashley,Default,Combat,Weapon,SilverPalace/Content/ArtRes/CharRes/Hero/Ashley/Default/Weapon/Meshes/Combat/SK_AshleyDefault_C_MachineGun01.SK_AshleyDefault_C_MachineGun01,SK_AshleyDefault_C_MachineGun01,SkeletalMesh,5,19995,SilverPalace/Content/ArtRes/CharRes/Hero/Ashley/Default/Weapon/Meshes/Combat/SK_AshleyDefault_C_MachineGun01_Skeleton.SK_AshleyDefault_C_MachineGun01_Skeleton,16
Hero/Ashley/Default/Combat,Hero,Hero/Ashley,Default,Combat,Weapon,SilverPalace/Content/ArtRes/CharRes/Hero/Ashley/Default/Weapon/Meshes/Combat/SK_AshleyDefault_C_PumpkinCar01.SK_AshleyDefault_C_PumpkinCar01,SK_AshleyDefault_C_PumpkinCar01,SkeletalMesh,5,74631,SilverPalace/Content/ArtRes/CharRes/Hero/Ashley/Default/Weapon/Meshes/Combat/SK_AshleyDefault_C_PumpkinCar01_Skeleton.SK_AshleyDefault_C_PumpkinCar01_Skeleton,255
Hero/Ashley/Default/Combat,Hero,Hero/Ashley,Default,Combat,Weapon,SilverPalace/Content/ArtRes/CharRes/Hero/Ashley/Default/Weapon/Meshes/Combat/SK_AshleyDefault_C_Sword01.SK_AshleyDefault_C_Sword01,SK_AshleyDefault_C_Sword01,SkeletalMesh,5,22014,SilverPalace/Content/ArtRes/CharRes/Hero/Ashley/Default/Role/Meshes/Combat/SK_AshleyDefault_C_Body01_Skeleton.SK_AshleyDefault_C_Body01_Skeleton,511
Hero/Ashley/Default/Combat,Hero,Hero/Ashley,Default,Combat,Weapon,SilverPalace/Content/ArtRes/CharRes/Hero/Ashley/Default/Weapon/Meshes/Combat/SK_AshleyDefault_C_Sword02.SK_AshleyDefault_C_Sword02,SK_AshleyDefault_C_Sword02,SkeletalMesh,5,3634,SilverPalace/Content/ArtRes/CharRes/Hero/Ashley/Default/Weapon/Meshes/Combat/SK_AshleyDefault_C_Sword02_Skeleton.SK_AshleyDefault_C_Sword02_Skeleton,9
Hero/Ashley/Default/Combat,Hero,Hero/Ashley,Default,Combat,Weapon,SilverPalace/Content/ArtRes/CharRes/Hero/Ashley/Default/Weapon/Meshes/Combat/SK_AshleyDefault_Sword12.SK_AshleyDefault_Sword12,SK_AshleyDefault_Sword12,SkeletalMesh,5,30936,SilverPalace/Content/ArtRes/CharRes/Hero/Ashley/Default/Weapon/Meshes/Combat/SK_AshleyDefault_Sword12_Skeleton.SK_AshleyDefault_Sword12_Skeleton,265
Hero/Ashley/Default/Combat,Hero,Hero/Ashley,Default,Combat,Weapon,SilverPalace/Content/ArtRes/CharRes/Hero/Ashley/Default/Weapon/Meshes/Combat/SK_AshleyDefault_UniqueSkillPumpkinCar01.SK_AshleyDefault_UniqueSkillPumpkinCar01,SK_AshleyDefault_UniqueSkillPumpkinCar01,SkeletalMesh,5,145939,SilverPalace/Content/ArtRes/CharRes/Hero/Ashley/Default/Weapon/Meshes/Combat/SK_AshleyDefault_UniqueSkillPumpkinCar01_Skeleton.SK_AshleyDefault_UniqueSkillPumpkinCar01_Skeleton,470
Hero/Ashley/Default/Combat,Hero,Hero/Ashley,Default,Combat,Weapon,SilverPalace/Content/ArtRes/CharRes/Hero/Ashley/Default/Weapon/Meshes/Combat/SM_AshleyDefault_C_Bomb01.SM_AshleyDefault_C_Bomb01,SM_AshleyDefault_C_Bomb01,StaticMesh,5,1440,,
Hero/Ashley/Default/Show,Hero,Hero/Ashley,Default,Show,Role,SilverPalace/Content/ArtRes/CharRes/Hero/Ashley/Default/Role/Meshes/Show/SK_AshleyDefault_U_Face01.SK_AshleyDefault_U_Face01,SK_AshleyDefault_U_Face01,SkeletalMesh,1,7679,SilverPalace/Content/ArtRes/CharRes/Hero/Ashley/Default/Role/Meshes/Combat/SK_AshleyDefault_C_Body01_Skeleton.SK_AshleyDefault_C_Body01_Skeleton,511
Hero/Ashley/Default/Show,Hero,Hero/Ashley,Default,Show,Weapon,SilverPalace/Content/ArtRes/CharRes/Hero/Ashley/Default/Weapon/Meshes/Show/SK_AshleyDefault_U_PumpkinCar01.SK_AshleyDefault_U_PumpkinCar01,SK_AshleyDefault_U_PumpkinCar01,SkeletalMesh,5,300200,SilverPalace/Content/ArtRes/CharRes/Hero/Ashley/Default/Weapon/Meshes/Show/SK_AshleyDefault_U_PumpkinCar01_Skeleton.SK_AshleyDefault_U_PumpkinCar01_Skeleton,351
Hero/Ashley/World/Combat,Hero,Hero/Ashley,World,Combat,Role,SilverPalace/Content/ArtRes/CharRes/Hero/Ashley/World/Role/Meshes/Combat/SK_AshleyWorld_C_Body01.SK_AshleyWorld_C_Body01,SK_AshleyWorld_C_Body01,SkeletalMesh,5,74496,SilverPalace/Content/ArtRes/CharRes/Hero/Ashley/World/Role/Meshes/Combat/SK_AshleyWorld_C_Body01_Skeleton.SK_AshleyWorld_C_Body01_Skeleton,466
Hero/Ashley/World/Combat,Hero,Hero/Ashley,World,Combat,Role,SilverPalace/Content/ArtRes/CharRes/Hero/Ashley/World/Role/Meshes/Combat/SK_AshleyWorld_C_Face01.SK_AshleyWorld_C_Face01,SK_AshleyWorld_C_Face01,SkeletalMesh,5,4914,SilverPalace/Content/ArtRes/CharRes/Hero/Ashley/World/Role/Meshes/Combat/SK_AshleyWorld_C_Body01_Skeleton.SK_AshleyWorld_C_Body01_Skeleton,466
Hero/Ashley/World/Combat,Hero,Hero/Ashley,World,Combat,Role,SilverPalace/Content/ArtRes/CharRes/Hero/Ashley/World/Role/Meshes/Combat/SK_AshleyWorld_C_Hair01.SK_AshleyWorld_C_Hair01,SK_AshleyWorld_C_Hair01,SkeletalMesh,5,30718,SilverPalace/Content/ArtRes/CharRes/Hero/Ashley/World/Role/Meshes/Combat/SK_AshleyWorld_C_Body01_Skeleton.SK_AshleyWorld_C_Body01_Skeleton,466
Hero/Ashley/World/Combat,Hero,Hero/Ashley,World,Combat,Role,SilverPalace/Content/ArtRes/CharRes/Hero/Ashley/World/Role/Meshes/Combat/SK_AshleyWorld_C_Hat01.SK_AshleyWorld_C_Hat01,SK_AshleyWorld_C_Hat01,SkeletalMesh,5,3304,SilverPalace/Content/ArtRes/CharRes/Hero/Ashley/World/Role/Meshes/Combat/SK_AshleyWorld_C_Body01_Skeleton.SK_AshleyWorld_C_Body01_Skeleton,466
Hero/Bentham/Default/Combat,Hero,Hero/Bentham,Default,Combat,Role,SilverPalace/Content/ArtRes/CharRes/Hero/Bentham/Default/Role/Meshes/Combat/SK_BenthamDefault_C_Body01.SK_BenthamDefault_C_Body01,SK_BenthamDefault_C_Body01,SkeletalMesh,5,74311,SilverPalace/Content/ArtRes/CharRes/Hero/Bentham/Default/Role/Meshes/Combat/SK_BenthamDefault_C_Body01_Skeleton.SK_BenthamDefault_C_Body01_Skeleton,448
Hero/Bentham/Default/Combat,Hero,Hero/Bentham,Default,Combat,Role,SilverPalace/Content/ArtRes/CharRes/Hero/Bentham/Default/Role/Meshes/Combat/SK_BenthamDefault_C_Face01.SK_BenthamDefault_C_Face01,SK_BenthamDefault_C_Face01,SkeletalMesh,5,5496,SilverPalace/Content/ArtRes/CharRes/Hero/Bentham/Default/Role/Meshes/Combat/SK_BenthamDefault_C_Body01_Skeleton.SK_BenthamDefault_C_Body01_Skeleton,448
Hero/Bentham/Default/Combat,Hero,Hero/Bentham,Default,Combat,Role,SilverPalace/Content/ArtRes/CharRes/Hero/Bentham/Default/Role/Meshes/Combat/SK_BenthamDefault_C_Hair01.SK_BenthamDefault_C_Hair01,SK_BenthamDefault_C_Hair01,SkeletalMesh,5,27791,SilverPalace/Content/ArtRes/CharRes/Hero/Bentham/Default/Role/Meshes/Combat/SK_BenthamDefault_C_Body01_Skeleton.SK_BenthamDefault_C_Body01_Skeleton,448
Hero/Bentham/Default/Combat,Hero,Hero/Bentham,Default,Combat,Role,SilverPalace/Content/ArtRes/CharRes/Hero/Bentham/Default/Role/Meshes/Combat/SK_BenthamDefault_C_Hat01.SK_BenthamDefault_C_Hat01,SK_BenthamDefault_C_Hat01,SkeletalMesh,5,686,SilverPalace/Content/ArtRes/CharRes/Hero/Bentham/Default/Role/Meshes/Combat/SK_BenthamDefault_C_Body01_Skeleton.SK_BenthamDefault_C_Body01_Skeleton,448
Hero/Bentham/Default/Combat,Hero,Hero/Bentham,Default,Combat,Weapon,SilverPalace/Content/ArtRes/CharRes/Hero/Bentham/Default/Weapon/Meshes/Combat/SK_BenthamDefault_C_Whip01.SK_BenthamDefault_C_Whip01,SK_BenthamDefault_C_Whip01,SkeletalMesh,5,9834,SilverPalace/Content/ArtRes/CharRes/Hero/Bentham/Default/Weapon/Meshes/Combat/SK_BenthamDefault_C_Whip01_Skeleton.SK_BenthamDefault_C_Whip01_Skeleton,36
Hero/Bentham/Default/Show,Hero,Hero/Bentham,Default,Show,Role,SilverPalace/Content/ArtRes/CharRes/Hero/Bentham/Default/Role/Meshes/Show/SK_BenthamDefault_U_Face01.SK_BenthamDefault_U_Face01,SK_BenthamDefault_U_Face01,SkeletalMesh,1,5496,SilverPalace/Content/ArtRes/CharRes/Hero/Bentham/Default/Role/Meshes/Combat/SK_BenthamDefault_C_Body01_Skeleton.SK_BenthamDefault_C_Body01_Skeleton,448
Hero/Bentham/Default/Show,Hero,Hero/Bentham,Default,Show,Weapon,SilverPalace/Content/ArtRes/CharRes/Hero/Bentham/Default/Weapon/Meshes/Show/SK_BenthamDefault_U_Leatherbag01.SK_BenthamDefault_U_Leatherbag01,SK_BenthamDefault_U_Leatherbag01,SkeletalMesh,5,6209,SilverPalace/Content/ArtRes/CharRes/Hero/Bentham/Default/Weapon/Meshes/Show/SK_BenthamDefault_U_Leatherbag01_Skeleton.SK_BenthamDefault_U_Leatherbag01_Skeleton,30
Hero/Bentham/Default/Show,Hero,Hero/Bentham,Default,Show,Weapon,SilverPalace/Content/ArtRes/CharRes/Hero/Bentham/Default/Weapon/Meshes/Show/SK_BenthamDefault_U_Whip01.SK_BenthamDefault_U_Whip01,SK_BenthamDefault_U_Whip01,SkeletalMesh,5,9834,SilverPalace/Content/ArtRes/CharRes/Hero/Bentham/Default/Weapon/Meshes/Show/SK_BenthamDefault_U_Whip01_Skeleton.SK_BenthamDefault_U_Whip01_Skeleton,36
Hero/Cynthia/Default/Combat,Hero,Hero/Cynthia,Default,Combat,Pet,SilverPalace/Content/ArtRes/CharRes/Hero/Cynthia/Default/Pet/Meshes/Combat/SK_CynthiaDefault_C_Baguette01.SK_CynthiaDefault_C_Baguette01,SK_CynthiaDefault_C_Baguette01,SkeletalMesh,5,5082,SilverPalace/Content/ArtRes/CharRes/Hero/Cynthia/Default/Pet/Meshes/Combat/SK_CynthiaDefault_C_Baguette01_Skeleton.SK_CynthiaDefault_C_Baguette01_Skeleton,92
Hero/Cynthia/Default/Combat,Hero,Hero/Cynthia,Default,Combat,Pet,SilverPalace/Content/ArtRes/CharRes/Hero/Cynthia/Default/Pet/Meshes/Combat/SK_CynthiaDefault_C_Donut01.SK_CynthiaDefault_C_Donut01,SK_CynthiaDefault_C_Donut01,SkeletalMesh,5,4090,SilverPalace/Content/ArtRes/CharRes/Hero/Cynthia/Default/Pet/Meshes/Combat/SK_CynthiaDefault_C_Donut01_Skeleton.SK_CynthiaDefault_C_Donut01_Skeleton,79
Hero/Cynthia/Default/Combat,Hero,Hero/Cynthia,Default,Combat,Pet,SilverPalace/Content/ArtRes/CharRes/Hero/Cynthia/Default/Pet/Meshes/Combat/SK_CynthiaDefault_C_Timbit01.SK_CynthiaDefault_C_Timbit01,SK_CynthiaDefault_C_Timbit01,SkeletalMesh,5,3385,SilverPalace/Content/ArtRes/CharRes/Hero/Cynthia/Default/Pet/Meshes/Combat/SK_CynthiaDefault_C_Timbit01_Skeleton.SK_CynthiaDefault_C_Timbit01_Skeleton,58
Hero/Cynthia/Default/Combat,Hero,Hero/Cynthia,Default,Combat,Pet,SilverPalace/Content/ArtRes/CharRes/Hero/Cynthia/Default/Pet/Meshes/Combat/SK_CynthiaDefault_C_Toast01.SK_CynthiaDefault_C_Toast01,SK_CynthiaDefault_C_Toast01,SkeletalMesh,5,4262,SilverPalace/Content/ArtRes/CharRes/Hero/Cynthia/Default/Pet/Meshes/Combat/SK_CynthiaDefault_C_Toast01_Skeleton.SK_CynthiaDefault_C_Toast01_Skeleton,67
Hero/Cynthia/Default/Combat,Hero,Hero/Cynthia,Default,Combat,Role,SilverPalace/Content/ArtRes/CharRes/Hero/Cynthia/Default/Role/Meshes/Combat/SK_CynthiaDefault_C_Body01.SK_CynthiaDefault_C_Body01,SK_CynthiaDefault_C_Body01,SkeletalMesh,5,72641,SilverPalace/Content/ArtRes/CharRes/Hero/Cynthia/Default/Role/Meshes/Combat/SK_CynthiaDefault_C_Body01_Skeleton.SK_CynthiaDefault_C_Body01_Skeleton,380
Hero/Cynthia/Default/Combat,Hero,Hero/Cynthia,Default,Combat,Role,SilverPalace/Content/ArtRes/CharRes/Hero/Cynthia/Default/Role/Meshes/Combat/SK_CynthiaDefault_C_Face01.SK_CynthiaDefault_C_Face01,SK_CynthiaDefault_C_Face01,SkeletalMesh,5,6407,SilverPalace/Content/ArtRes/CharRes/Hero/Cynthia/Default/Role/Meshes/Combat/SK_CynthiaDefault_C_Body01_Skeleton.SK_CynthiaDefault_C_Body01_Skeleton,380
Hero/Cynthia/Default/Combat,Hero,Hero/Cynthia,Default,Combat,Role,SilverPalace/Content/ArtRes/CharRes/Hero/Cynthia/Default/Role/Meshes/Combat/SK_CynthiaDefault_C_Hair01.SK_CynthiaDefault_C_Hair01,SK_CynthiaDefault_C_Hair01,SkeletalMesh,5,26179,SilverPalace/Content/ArtRes/CharRes/Hero/Cynthia/Default/Role/Meshes/Combat/SK_CynthiaDefault_C_Body01_Skeleton.SK_CynthiaDefault_C_Body01_Skeleton,380
Hero/Cynthia/Default/Combat,Hero,Hero/Cynthia,Default,Combat,Role,SilverPalace/Content/ArtRes/CharRes/Hero/Cynthia/Default/Role/Meshes/Combat/SK_CynthiaDefault_C_Hat01.SK_CynthiaDefault_C_Hat01,SK_CynthiaDefault_C_Hat01,SkeletalMesh,5,4986,SilverPalace/Content/ArtRes/CharRes/Hero/Cynthia/Default/Role/Meshes/Combat/SK_CynthiaDefault_C_Body01_Skeleton.SK_CynthiaDefault_C_Body01_Skeleton,380
Hero/Cynthia/Default/Combat,Hero,Hero/Cynthia,Default,Combat,Weapon,SilverPalace/Content/ArtRes/CharRes/Hero/Cynthia/Default/Weapon/Meshes/Combat/SK_CynthiaDefault_C_Bottle01.SK_CynthiaDefault_C_Bottle01,SK_CynthiaDefault_C_Bottle01,SkeletalMesh,5,7889,SilverPalace/Content/ArtRes/CharRes/Hero/Cynthia/Default/Weapon/Meshes/Combat/SK_CynthiaDefault_C_Bottle01_Skeleton.SK_CynthiaDefault_C_Bottle01_Skeleton,24
Hero/Cynthia/Default/Combat,Hero,Hero/Cynthia,Default,Combat,Weapon,SilverPalace/Content/ArtRes/CharRes/Hero/Cynthia/Default/Weapon/Meshes/Combat/SK_CynthiaDefault_C_Moon01.SK_CynthiaDefault_C_Moon01,SK_CynthiaDefault_C_Moon01,SkeletalMesh,5,14036,SilverPalace/Content/ArtRes/CharRes/Hero/Cynthia/Default/Weapon/Meshes/Combat/SK_CynthiaDefault_C_Moon01_Skeleton.SK_CynthiaDefault_C_Moon01_Skeleton,6
Hero/Cynthia/Default/Combat,Hero,Hero/Cynthia,Default,Combat,Weapon,SilverPalace/Content/ArtRes/CharRes/Hero/Cynthia/Default/Weapon/Meshes/Combat/SK_CynthiaDefault_C_Slingshot01.SK_CynthiaDefault_C_Slingshot01,SK_CynthiaDefault_C_Slingshot01,SkeletalMesh,5,6122,SilverPalace/Content/ArtRes/CharRes/Hero/Cynthia/Default/Role/Meshes/Combat/SK_CynthiaDefault_C_Body01_Skeleton.SK_CynthiaDefault_C_Body01_Skeleton,380
Hero/Cynthia/Default/Show,Hero,Hero/Cynthia,Default,Show,Role,SilverPalace/Content/ArtRes/CharRes/Hero/Cynthia/Default/Role/Meshes/Show/SK_CynthiaDefault_U_Face01.SK_CynthiaDefault_U_Face01,SK_CynthiaDefault_U_Face01,SkeletalMesh,1,6407,SilverPalace/Content/ArtRes/CharRes/Hero/Cynthia/Default/Role/Meshes/Combat/SK_CynthiaDefault_C_Body01_Skeleton.SK_CynthiaDefault_C_Body01_Skeleton,380
Hero/Cynthia/Default/Show,Hero,Hero/Cynthia,Default,Show,Weapon,SilverPalace/Content/ArtRes/CharRes/Hero/Cynthia/Default/Weapon/Meshes/Show/SK_CynthiaDefault_U_Bottle01_Candy01.SK_CynthiaDefault_U_Bottle01_Candy01,SK_CynthiaDefault_U_Bottle01_Candy01,SkeletalMesh,5,60,SilverPalace/Content/ArtRes/CharRes/Hero/Cynthia/Default/Weapon/Meshes/Show/SK_CynthiaDefault_U_Bottle01_Candy01_Skeleton.SK_CynthiaDefault_U_Bottle01_Candy01_Skeleton,2
Hero/Firtho/Default/Combat,Hero,Hero/Firtho,Default,Combat,Role,SilverPalace/Content/ArtRes/CharRes/Hero/Firtho/Default/Role/Meshes/Combat/SK_FirthoDefault_C_Body01.SK_FirthoDefault_C_Body01,SK_FirthoDefault_C_Body01,SkeletalMesh,5,46941,SilverPalace/Content/ArtRes/CharRes/Hero/Firtho/Default/Role/Meshes/Combat/SK_FirthoDefault_C_Body01_Skeleton.SK_FirthoDefault_C_Body01_Skeleton,379
Hero/Firtho/Default/Combat,Hero,Hero/Firtho,Default,Combat,Role,SilverPalace/Content/ArtRes/CharRes/Hero/Firtho/Default/Role/Meshes/Combat/SK_FirthoDefault_C_Face01.SK_FirthoDefault_C_Face01,SK_FirthoDefault_C_Face01,SkeletalMesh,5,4956,SilverPalace/Content/ArtRes/CharRes/Hero/Firtho/Default/Role/Meshes/Combat/SK_FirthoDefault_C_Body01_Skeleton.SK_FirthoDefault_C_Body01_Skeleton,379
Hero/Firtho/Default/Combat,Hero,Hero/Firtho,Default,Combat,Role,SilverPalace/Content/ArtRes/CharRes/Hero/Firtho/Default/Role/Meshes/Combat/SK_FirthoDefault_C_Hair01.SK_FirthoDefault_C_Hair01,SK_FirthoDefault_C_Hair01,SkeletalMesh,5,19974,SilverPalace/Content/ArtRes/CharRes/Hero/Firtho/Default/Role/Meshes/Combat/SK_FirthoDefault_C_Body01_Skeleton.SK_FirthoDefault_C_Body01_Skeleton,379
Hero/Firtho/Default/Combat,Hero,Hero/Firtho,Default,Combat,Weapon,SilverPalace/Content/ArtRes/CharRes/Hero/Firtho/Default/Weapon/Meshes/Combat/SK_FirthoDefault_C_Saw01.SK_FirthoDefault_C_Saw01,SK_FirthoDefault_C_Saw01,SkeletalMesh,5,6456,SilverPalace/Content/ArtRes/CharRes/Hero/Firtho/Default/Weapon/Meshes/Combat/SK_FirthoDefault_C_Saw01_Skeleton.SK_FirthoDefault_C_Saw01_Skeleton,13
Hero/Firtho/Default/Combat,Hero,Hero/Firtho,Default,Combat,Weapon,SilverPalace/Content/ArtRes/CharRes/Hero/Firtho/Default/Weapon/Meshes/Combat/SK_FirthoDefault_C_Syringes01.SK_FirthoDefault_C_Syringes01,SK_FirthoDefault_C_Syringes01,SkeletalMesh,5,2852,SilverPalace/Content/ArtRes/CharRes/Hero/Firtho/Default/Weapon/Meshes/Combat/SK_FirthoDefault_C_Syringes01_Skeleton.SK_FirthoDefault_C_Syringes01_Skeleton,6
Hero/Firtho/Default/Show,Hero,Hero/Firtho,Default,Show,Role,SilverPalace/Content/ArtRes/CharRes/Hero/Firtho/Default/Role/Meshes/Show/SK_FirthoDefault_U_Face01.SK_FirthoDefault_U_Face01,SK_FirthoDefault_U_Face01,SkeletalMesh,1,4956,SilverPalace/Content/ArtRes/CharRes/Hero/Firtho/Default/Role/Meshes/Combat/SK_FirthoDefault_C_Body01_Skeleton.SK_FirthoDefault_C_Body01_Skeleton,379
Hero/Gratia/Default/Combat,Hero,Hero/Gratia,Default,Combat,Role,SilverPalace/Content/ArtRes/CharRes/Hero/Gratia/Default/Role/Meshes/Combat/SK_GratiaDefault_C_Body01.SK_GratiaDefault_C_Body01,SK_GratiaDefault_C_Body01,SkeletalMesh,5,193025,SilverPalace/Content/ArtRes/CharRes/Hero/Gratia/Default/Role/Meshes/Combat/SK_GratiaDefault_C_Body01_Skeleton.SK_GratiaDefault_C_Body01_Skeleton,511
Hero/Gratia/Default/Combat,Hero,Hero/Gratia,Default,Combat,Role,SilverPalace/Content/ArtRes/CharRes/Hero/Gratia/Default/Role/Meshes/Combat/SK_GratiaDefault_C_Face01.SK_GratiaDefault_C_Face01,SK_GratiaDefault_C_Face01,SkeletalMesh,5,5571,SilverPalace/Content/ArtRes/CharRes/Hero/Gratia/Default/Role/Meshes/Combat/SK_GratiaDefault_C_Body01_Skeleton.SK_GratiaDefault_C_Body01_Skeleton,511
Hero/Gratia/Default/Combat,Hero,Hero/Gratia,Default,Combat,Role,SilverPalace/Content/ArtRes/CharRes/Hero/Gratia/Default/Role/Meshes/Combat/SK_GratiaDefault_C_Hair01.SK_GratiaDefault_C_Hair01,SK_GratiaDefault_C_Hair01,SkeletalMesh,5,29909,SilverPalace/Content/ArtRes/CharRes/Hero/Gratia/Default/Role/Meshes/Combat/SK_GratiaDefault_C_Body01_Skeleton.SK_GratiaDefault_C_Body01_Skeleton,511
Hero/Gratia/Default/Combat,Hero,Hero/Gratia,Default,Combat,Role,SilverPalace/Content/ArtRes/CharRes/Hero/Gratia/Default/Role/Meshes/Combat/SK_GratiaDefault_C_Hat01.SK_GratiaDefault_C_Hat01,SK_GratiaDefault_C_Hat01,SkeletalMesh,5,14200,SilverPalace/Content/ArtRes/CharRes/Hero/Gratia/Default/Role/Meshes/Combat/SK_GratiaDefault_C_Body01_Skeleton.SK_GratiaDefault_C_Body01_Skeleton,511
Hero/Gratia/Default/Combat,Hero,Hero/Gratia,Default,Combat,Weapon,SilverPalace/Content/ArtRes/CharRes/Hero/Gratia/Default/Weapon/Meshes/Combat/SK_GratiaDefault_C_BigSword01.SK_GratiaDefault_C_BigSword01,SK_GratiaDefault_C_BigSword01,SkeletalMesh,5,9626,SilverPalace/Content/ArtRes/CharRes/Hero/Gratia/Default/Weapon/Meshes/Combat/SK_GratiaDefault_C_BigSword01_Skeleton.SK_GratiaDefault_C_BigSword01_Skeleton,6
Hero/Gratia/Default/Combat,Hero,Hero/Gratia,Default,Combat,Weapon,SilverPalace/Content/ArtRes/CharRes/Hero/Gratia/Default/Weapon/Meshes/Combat/SK_GratiaDefault_C_Rapier01.SK_GratiaDefault_C_Rapier01,SK_GratiaDefault_C_Rapier01,SkeletalMesh,5,7324,SilverPalace/Content/ArtRes/CharRes/Hero/Gratia/Default/Weapon/Meshes/Combat/SK_GratiaDefault_C_Rapier01_Skeleton.SK_GratiaDefault_C_Rapier01_Skeleton,21
Hero/Gratia/Default/Combat,Hero,Hero/Gratia,Default,Combat,Weapon,SilverPalace/Content/ArtRes/CharRes/Hero/Gratia/Default/Weapon/Meshes/Combat/SK_GratiaDefault_C_Shield01.SK_GratiaDefault_C_Shield01,SK_GratiaDefault_C_Shield01,SkeletalMesh,5,14954,SilverPalace/Content/ArtRes/CharRes/Hero/Gratia/Default/Weapon/Meshes/Combat/SK_GratiaDefault_C_Shield01_Skeleton.SK_GratiaDefault_C_Shield01_Skeleton,2
Hero/Gratia/Default/Combat,Hero,Hero/Gratia,Default,Combat,Weapon,SilverPalace/Content/ArtRes/CharRes/Hero/Gratia/Default/Weapon/Meshes/Combat/SK_GratiaDefault_C_Spear01.SK_GratiaDefault_C_Spear01,SK_GratiaDefault_C_Spear01,SkeletalMesh,5,13485,SilverPalace/Content/ArtRes/CharRes/Hero/Gratia/Default/Weapon/Meshes/Combat/SK_GratiaDefault_C_Spear01_Skeleton.SK_GratiaDefault_C_Spear01_Skeleton,6
Hero/Gratia/Default/Show,Hero,Hero/Gratia,Default,Show,Role,SilverPalace/Content/ArtRes/CharRes/Hero/Gratia/Default/Role/Meshes/Show/SK_GratiaDefault_U_Face01.SK_GratiaDefault_U_Face01,SK_GratiaDefault_U_Face01,SkeletalMesh,1,5571,SilverPalace/Content/ArtRes/CharRes/Hero/Gratia/Default/Role/Meshes/Combat/SK_GratiaDefault_C_Body01_Skeleton.SK_GratiaDefault_C_Body01_Skeleton,511
Hero/Grimm/Default/Combat,Hero,Hero/Grimm,Default,Combat,Role,SilverPalace/Content/ArtRes/CharRes/Hero/Grimm/Default/Role/Meshes/Combat/SK_GrimmDefault_C_Body01.SK_GrimmDefault_C_Body01,SK_GrimmDefault_C_Body01,SkeletalMesh,5,50651,SilverPalace/Content/ArtRes/CharRes/Hero/Grimm/Default/Role/Meshes/Combat/SK_GrimmDefault_C_Body01_Skeleton.SK_GrimmDefault_C_Body01_Skeleton,371
Hero/Grimm/Default/Combat,Hero,Hero/Grimm,Default,Combat,Role,SilverPalace/Content/ArtRes/CharRes/Hero/Grimm/Default/Role/Meshes/Combat/SK_GrimmDefault_C_Face01.SK_GrimmDefault_C_Face01,SK_GrimmDefault_C_Face01,SkeletalMesh,5,4728,SilverPalace/Content/ArtRes/CharRes/Hero/Grimm/Default/Role/Meshes/Combat/SK_GrimmDefault_C_Body01_Skeleton.SK_GrimmDefault_C_Body01_Skeleton,371
Hero/Grimm/Default/Combat,Hero,Hero/Grimm,Default,Combat,Role,SilverPalace/Content/ArtRes/CharRes/Hero/Grimm/Default/Role/Meshes/Combat/SK_GrimmDefault_C_Hair01.SK_GrimmDefault_C_Hair01,SK_GrimmDefault_C_Hair01,SkeletalMesh,5,19055,SilverPalace/Content/ArtRes/CharRes/Hero/Grimm/Default/Role/Meshes/Combat/SK_GrimmDefault_C_Body01_Skeleton.SK_GrimmDefault_C_Body01_Skeleton,371
Hero/Grimm/Default/Combat,Hero,Hero/Grimm,Default,Combat,Role,SilverPalace/Content/ArtRes/CharRes/Hero/Grimm/Default/Role/Meshes/Combat/SK_GrimmDefault_C_Hair02.SK_GrimmDefault_C_Hair02,SK_GrimmDefault_C_Hair02,SkeletalMesh,5,19055,SilverPalace/Content/ArtRes/CharRes/Hero/Grimm/Default/Role/Meshes/Combat/SK_GrimmDefault_C_Body01_Skeleton.SK_GrimmDefault_C_Body01_Skeleton,371
Hero/Grimm/Default/Combat,Hero,Hero/Grimm,Default,Combat,Role,SilverPalace/Content/ArtRes/CharRes/Hero/Grimm/Default/Role/Meshes/Combat/SK_GrimmDefault_C_Hat01.SK_GrimmDefault_C_Hat01,SK_GrimmDefault_C_Hat01,SkeletalMesh,5,2252,SilverPalace/Content/ArtRes/CharRes/Hero/Grimm/Default/Role/Meshes/Combat/SK_GrimmDefault_C_Body01_Skeleton.SK_GrimmDefault_C_Body01_Skeleton,371
Hero/Grimm/Default/Combat,Hero,Hero/Grimm,Default,Combat,Weapon,SilverPalace/Content/ArtRes/CharRes/Hero/Grimm/Default/Weapon/Meshes/Combat/SK_GrimmDefault_C_Camera01.SK_GrimmDefault_C_Camera01,SK_GrimmDefault_C_Camera01,SkeletalMesh,5,6269,SilverPalace/Content/ArtRes/CharRes/Hero/Grimm/Default/Weapon/Meshes/Combat/SK_GrimmDefault_C_Camera01_Skeleton.SK_GrimmDefault_C_Camera01_Skeleton,7
Hero/Grimm/Default/Combat,Hero,Hero/Grimm,Default,Combat,Weapon,SilverPalace/Content/ArtRes/CharRes/Hero/Grimm/Default/Weapon/Meshes/Combat/SK_GrimmDefault_C_Mike01.SK_GrimmDefault_C_Mike01,SK_GrimmDefault_C_Mike01,SkeletalMesh,5,4936,SilverPalace/Content/ArtRes/CharRes/Hero/Grimm/Default/Weapon/Meshes/Combat/SK_GrimmDefault_C_Mike01_Skeleton.SK_GrimmDefault_C_Mike01_Skeleton,7
Hero/Grimm/Default/Combat,Hero,Hero/Grimm,Default,Combat,Weapon,SilverPalace/Content/ArtRes/CharRes/Hero/Grimm/Default/Weapon/Meshes/Combat/SK_GrimmDefault_C_Notebook01.SK_GrimmDefault_C_Notebook01,SK_GrimmDefault_C_Notebook01,SkeletalMesh,5,1030,SilverPalace/Content/ArtRes/CharRes/Hero/Grimm/Default/Weapon/Meshes/Combat/SK_GrimmDefault_C_Notebook01_Skeleton.SK_GrimmDefault_C_Notebook01_Skeleton,4
Hero/Grimm/Default/Combat,Hero,Hero/Grimm,Default,Combat,Weapon,SilverPalace/Content/ArtRes/CharRes/Hero/Grimm/Default/Weapon/Meshes/Combat/SK_GrimmDefault_C_Pen01.SK_GrimmDefault_C_Pen01,SK_GrimmDefault_C_Pen01,SkeletalMesh,5,660,SilverPalace/Content/ArtRes/CharRes/Hero/Grimm/Default/Weapon/Meshes/Combat/SK_GrimmDefault_C_Pen01_Skeleton.SK_GrimmDefault_C_Pen01_Skeleton,2
Hero/Grimm/Default/Combat,Hero,Hero/Grimm,Default,Combat,Weapon,SilverPalace/Content/ArtRes/CharRes/Hero/Grimm/Default/Weapon/Meshes/Combat/SK_GrimmDefault_C_Pencil01.SK_GrimmDefault_C_Pencil01,SK_GrimmDefault_C_Pencil01,SkeletalMesh,5,46,SilverPalace/Content/ArtRes/CharRes/Hero/Grimm/Default/Weapon/Meshes/Combat/SK_GrimmDefault_C_Pencil01_Skeleton.SK_GrimmDefault_C_Pencil01_Skeleton,2
Hero/Grimm/Default/Combat,Hero,Hero/Grimm,Default,Combat,Weapon,SilverPalace/Content/ArtRes/CharRes/Hero/Grimm/Default/Weapon/Meshes/Combat/SK_GrimmDefault_C_Picture01.SK_GrimmDefault_C_Picture01,SK_GrimmDefault_C_Picture01,SkeletalMesh,5,1016,SilverPalace/Content/ArtRes/CharRes/Hero/Grimm/Default/Weapon/Meshes/Combat/SK_GrimmDefault_C_Picture01_Skeleton.SK_GrimmDefault_C_Picture01_Skeleton,9
Hero/Grimm/Default/Combat,Hero,Hero/Grimm,Default,Combat,Weapon,SilverPalace/Content/ArtRes/CharRes/Hero/Grimm/Default/Weapon/Meshes/Combat/SK_GrimmDefault_C_Pistol01.SK_GrimmDefault_C_Pistol01,SK_GrimmDefault_C_Pistol01,SkeletalMesh,5,6291,SilverPalace/Content/ArtRes/CharRes/Hero/Grimm/Default/Weapon/Meshes/Combat/SK_GrimmDefault_C_Pistol01_Skeleton.SK_GrimmDefault_C_Pistol01_Skeleton,9
Hero/Grimm/Default/Show,Hero,Hero/Grimm,Default,Show,Role,SilverPalace/Content/ArtRes/CharRes/Hero/Grimm/Default/Role/Meshes/Show/SK_GrimmDefault_U_Face01.SK_GrimmDefault_U_Face01,SK_GrimmDefault_U_Face01,SkeletalMesh,1,4728,SilverPalace/Content/ArtRes/CharRes/Hero/Grimm/Default/Role/Meshes/Combat/SK_GrimmDefault_C_Body01_Skeleton.SK_GrimmDefault_C_Body01_Skeleton,376
Hero/Guna/Default/Combat,Hero,Hero/Guna,Default,Combat,Role,SilverPalace/Content/ArtRes/CharRes/Hero/Guna/Default/Role/Meshes/Combat/SK_GunaDefault_C_Body01.SK_GunaDefault_C_Body01,SK_GunaDefault_C_Body01,SkeletalMesh,5,67516,SilverPalace/Content/ArtRes/CharRes/Hero/Guna/Default/Role/Meshes/Combat/SK_GunaDefault_C_Body01_Skeleton.SK_GunaDefault_C_Body01_Skeleton,499
Hero/Guna/Default/Combat,Hero,Hero/Guna,Default,Combat,Role,SilverPalace/Content/ArtRes/CharRes/Hero/Guna/Default/Role/Meshes/Combat/SK_GunaDefault_C_Face01.SK_GunaDefault_C_Face01,SK_GunaDefault_C_Face01,SkeletalMesh,5,5104,SilverPalace/Content/ArtRes/CharRes/Hero/Guna/Default/Role/Meshes/Combat/SK_GunaDefault_C_Body01_Skeleton.SK_GunaDefault_C_Body01_Skeleton,499
Hero/Guna/Default/Combat,Hero,Hero/Guna,Default,Combat,Role,SilverPalace/Content/ArtRes/CharRes/Hero/Guna/Default/Role/Meshes/Combat/SK_GunaDefault_C_Hair01.SK_GunaDefault_C_Hair01,SK_GunaDefault_C_Hair01,SkeletalMesh,5,20900,SilverPalace/Content/ArtRes/CharRes/Hero/Guna/Default/Role/Meshes/Combat/SK_GunaDefault_C_Body01_Skeleton.SK_GunaDefault_C_Body01_Skeleton,499
Hero/Guna/Default/Combat,Hero,Hero/Guna,Default,Combat,Role,SilverPalace/Content/ArtRes/CharRes/Hero/Guna/Default/Role/Meshes/Combat/SK_GunaDefault_C_Hat01.SK_GunaDefault_C_Hat01,SK_GunaDefault_C_Hat01,SkeletalMesh,5,11730,SilverPalace/Content/ArtRes/CharRes/Hero/Guna/Default/Role/Meshes/Combat/SK_GunaDefault_C_Body01_Skeleton.SK_GunaDefault_C_Body01_Skeleton,499
Hero/Guna/Default/Combat,Hero,Hero/Guna,Default,Combat,Weapon,SilverPalace/Content/ArtRes/CharRes/Hero/Guna/Default/Weapon/Meshes/Combat/SK_GunaDefault_C_Lantern01.SK_GunaDefault_C_Lantern01,SK_GunaDefault_C_Lantern01,SkeletalMesh,5,14705,SilverPalace/Content/ArtRes/CharRes/Hero/Guna/Default/Role/Meshes/Combat/SK_GunaDefault_C_Body01_Skeleton.SK_GunaDefault_C_Body01_Skeleton,499
Hero/Guna/Default/Show,Hero,Hero/Guna,Default,Show,Role,SilverPalace/Content/ArtRes/CharRes/Hero/Guna/Default/Role/Meshes/Show/SK_GunaDefault_U_Face01.SK_GunaDefault_U_Face01,SK_GunaDefault_U_Face01,SkeletalMesh,1,5104,SilverPalace/Content/ArtRes/CharRes/Hero/Guna/Default/Role/Meshes/Combat/SK_GunaDefault_C_Body01_Skeleton.SK_GunaDefault_C_Body01_Skeleton,510
Hero/Guna/Default/Show,Hero,Hero/Guna,Default,Show,Weapon,SilverPalace/Content/ArtRes/CharRes/Hero/Guna/Default/Weapon/Meshes/Show/SK_GunaDefault_Firefly01.SK_GunaDefault_Firefly01,SK_GunaDefault_Firefly01,SkeletalMesh,5,1448,SilverPalace/Content/ArtRes/CharRes/Hero/Guna/Default/Weapon/Meshes/Show/SK_GunaDefault_Firefly01_Skeleton.SK_GunaDefault_Firefly01_Skeleton,15
Hero/Guna/Default/Show,Hero,Hero/Guna,Default,Show,Weapon,SilverPalace/Content/ArtRes/CharRes/Hero/Guna/Default/Weapon/Meshes/Show/SK_GunaDefault_Notebook01.SK_GunaDefault_Notebook01,SK_GunaDefault_Notebook01,SkeletalMesh,5,2556,SilverPalace/Content/ArtRes/CharRes/Hero/Guna/Default/Weapon/Meshes/Show/SK_GunaDefault_Notebook01_Skeleton.SK_GunaDefault_Notebook01_Skeleton,4
Hero/Guna/Default/Show,Hero,Hero/Guna,Default,Show,Weapon,SilverPalace/Content/ArtRes/CharRes/Hero/Guna/Default/Weapon/Meshes/Show/SK_GunaDefault_Pen01_Pen01.SK_GunaDefault_Pen01_Pen01,SK_GunaDefault_Pen01_Pen01,SkeletalMesh,5,1826,SilverPalace/Content/ArtRes/CharRes/Hero/Guna/Default/Weapon/Meshes/Show/SK_GunaDefault_Pen01_Pen01_Skeleton.SK_GunaDefault_Pen01_Pen01_Skeleton,7
Hero/Hugin/Default/Combat,Hero,Hero/Hugin,Default,Combat,Role,SilverPalace/Content/ArtRes/CharRes/Hero/Hugin/Default/Role/Meshes/Combat/SK_HuginDefault_C_Body01.SK_HuginDefault_C_Body01,SK_HuginDefault_C_Body01,SkeletalMesh,5,81407,SilverPalace/Content/ArtRes/CharRes/Hero/Hugin/Default/Role/Meshes/Combat/SK_HuginDefault_C_Body01_Skeleton.SK_HuginDefault_C_Body01_Skeleton,496
Hero/Hugin/Default/Combat,Hero,Hero/Hugin,Default,Combat,Role,SilverPalace/Content/ArtRes/CharRes/Hero/Hugin/Default/Role/Meshes/Combat/SK_HuginDefault_C_Face01.SK_HuginDefault_C_Face01,SK_HuginDefault_C_Face01,SkeletalMesh,5,4942,SilverPalace/Content/ArtRes/CharRes/Hero/Hugin/Default/Role/Meshes/Combat/SK_HuginDefault_C_Body01_Skeleton.SK_HuginDefault_C_Body01_Skeleton,496
Hero/Hugin/Default/Combat,Hero,Hero/Hugin,Default,Combat,Role,SilverPalace/Content/ArtRes/CharRes/Hero/Hugin/Default/Role/Meshes/Combat/SK_HuginDefault_C_Hair01.SK_HuginDefault_C_Hair01,SK_HuginDefault_C_Hair01,SkeletalMesh,5,23105,SilverPalace/Content/ArtRes/CharRes/Hero/Hugin/Default/Role/Meshes/Combat/SK_HuginDefault_C_Body01_Skeleton.SK_HuginDefault_C_Body01_Skeleton,496
Hero/Hugin/Default/Combat,Hero,Hero/Hugin,Default,Combat,Role,SilverPalace/Content/ArtRes/CharRes/Hero/Hugin/Default/Role/Meshes/Combat/SK_HuginDefault_C_Hair02.SK_HuginDefault_C_Hair02,SK_HuginDefault_C_Hair02,SkeletalMesh,5,29684,SilverPalace/Content/ArtRes/CharRes/Hero/Hugin/Default/Role/Meshes/Combat/SK_HuginDefault_C_Body01_Skeleton.SK_HuginDefault_C_Body01_Skeleton,496
Hero/Hugin/Default/Combat,Hero,Hero/Hugin,Default,Combat,Role,SilverPalace/Content/ArtRes/CharRes/Hero/Hugin/Default/Role/Meshes/Combat/SK_HuginDefault_C_Hat01.SK_HuginDefault_C_Hat01,SK_HuginDefault_C_Hat01,SkeletalMesh,5,4784,SilverPalace/Content/ArtRes/CharRes/Hero/Hugin/Default/Role/Meshes/Combat/SK_HuginDefault_C_Body01_Skeleton.SK_HuginDefault_C_Body01_Skeleton,496
Hero/Hugin/Default/Combat,Hero,Hero/Hugin,Default,Combat,Role,SilverPalace/Content/ArtRes/CharRes/Hero/Hugin/Default/Role/Meshes/Combat/SK_HuginDefault_C_State01_Body01.SK_HuginDefault_C_State01_Body01,SK_HuginDefault_C_State01_Body01,SkeletalMesh,5,77632,SilverPalace/Content/ArtRes/CharRes/Hero/Hugin/Default/Role/Meshes/Combat/SK_HuginDefault_C_Body01_Skeleton.SK_HuginDefault_C_Body01_Skeleton,496
Hero/Hugin/Default/Combat,Hero,Hero/Hugin,Default,Combat,Weapon,SilverPalace/Content/ArtRes/CharRes/Hero/Hugin/Default/Weapon/Meshes/Combat/SK_HuginDefault_C_Revolver01.SK_HuginDefault_C_Revolver01,SK_HuginDefault_C_Revolver01,SkeletalMesh,5,8595,SilverPalace/Content/ArtRes/CharRes/Hero/Hugin/Default/Weapon/Meshes/Combat/SK_HuginDefault_C_Revolver01_Skeleton.SK_HuginDefault_C_Revolver01_Skeleton,23
Hero/Hugin/Default/Combat,Hero,Hero/Hugin,Default,Combat,Weapon,SilverPalace/Content/ArtRes/CharRes/Hero/Hugin/Default/Weapon/Meshes/Combat/SK_HuginDefault_C_Sword01.SK_HuginDefault_C_Sword01,SK_HuginDefault_C_Sword01,SkeletalMesh,5,34328,SilverPalace/Content/ArtRes/CharRes/Hero/Hugin/Default/Weapon/Meshes/Combat/SK_HuginDefault_C_Sword01_Skeleton.SK_HuginDefault_C_Sword01_Skeleton,17
Hero/Hugin/Default/Show,Hero,Hero/Hugin,Default,Show,Role,SilverPalace/Content/ArtRes/CharRes/Hero/Hugin/Default/Role/Meshes/Show/SK_HuginDefault_U_Face01.SK_HuginDefault_U_Face01,SK_HuginDefault_U_Face01,SkeletalMesh,1,4942,SilverPalace/Content/ArtRes/CharRes/Hero/Hugin/Default/Role/Meshes/Combat/SK_HuginDefault_C_Body01_Skeleton.SK_HuginDefault_C_Body01_Skeleton,496
Hero/Hugin/Default/Show,Hero,Hero/Hugin,Default,Show,Weapon,SilverPalace/Content/ArtRes/CharRes/Hero/Hugin/Default/Weapon/Meshes/Show/SK_HuginDefault_U_Bulletnecklace01.SK_HuginDefault_U_Bulletnecklace01,SK_HuginDefault_U_Bulletnecklace01,SkeletalMesh,5,1072,SilverPalace/Content/ArtRes/CharRes/Hero/Hugin/Default/Weapon/Meshes/Show/SK_HuginDefault_U_Bulletnecklace01_Skeleton.SK_HuginDefault_U_Bulletnecklace01_Skeleton,13
Hero/Hugin/Default/Show,Hero,Hero/Hugin,Default,Show,Weapon,SilverPalace/Content/ArtRes/CharRes/Hero/Hugin/Default/Weapon/Meshes/Show/SM_HuginDefault_U_Revolver01.SM_HuginDefault_U_Revolver01,SM_HuginDefault_U_Revolver01,StaticMesh,5,8595,,
Hero/Lisa/Default/Combat,Hero,Hero/Lisa,Default,Combat,Pet,SilverPalace/Content/ArtRes/CharRes/Hero/Lisa/Default/Pet/Meshes/Combat/SK_LisaDefault_C_Bear01.SK_LisaDefault_C_Bear01,SK_LisaDefault_C_Bear01,SkeletalMesh,1,17458,SilverPalace/Content/ArtRes/CharRes/Hero/Lisa/Default/Pet/Meshes/Combat/SK_LisaDefault_C_Bear01_Skeleton.SK_LisaDefault_C_Bear01_Skeleton,168
Hero/Lisa/Default/Combat,Hero,Hero/Lisa,Default,Combat,Role,SilverPalace/Content/ArtRes/CharRes/Hero/Lisa/Default/Role/Meshes/Combat/SK_LisaDefault_C_Body01.SK_LisaDefault_C_Body01,SK_LisaDefault_C_Body01,SkeletalMesh,5,55154,SilverPalace/Content/ArtRes/CharRes/Hero/Lisa/Default/Role/Meshes/Combat/SK_LisaDefault_C_Body01_Skeleton.SK_LisaDefault_C_Body01_Skeleton,509
Hero/Lisa/Default/Combat,Hero,Hero/Lisa,Default,Combat,Role,SilverPalace/Content/ArtRes/CharRes/Hero/Lisa/Default/Role/Meshes/Combat/SK_LisaDefault_C_Face01.SK_LisaDefault_C_Face01,SK_LisaDefault_C_Face01,SkeletalMesh,5,5722,SilverPalace/Content/ArtRes/CharRes/Hero/Lisa/Default/Role/Meshes/Combat/SK_LisaDefault_C_Body01_Skeleton.SK_LisaDefault_C_Body01_Skeleton,509
Hero/Lisa/Default/Combat,Hero,Hero/Lisa,Default,Combat,Role,SilverPalace/Content/ArtRes/CharRes/Hero/Lisa/Default/Role/Meshes/Combat/SK_LisaDefault_C_Hair01.SK_LisaDefault_C_Hair01,SK_LisaDefault_C_Hair01,SkeletalMesh,5,16942,SilverPalace/Content/ArtRes/CharRes/Hero/Lisa/Default/Role/Meshes/Combat/SK_LisaDefault_C_Body01_Skeleton.SK_LisaDefault_C_Body01_Skeleton,509
Hero/Lisa/Default/Combat,Hero,Hero/Lisa,Default,Combat,Role,SilverPalace/Content/ArtRes/CharRes/Hero/Lisa/Default/Role/Meshes/Combat/SK_LisaDefault_C_Hat01.SK_LisaDefault_C_Hat01,SK_LisaDefault_C_Hat01,SkeletalMesh,5,7464,SilverPalace/Content/ArtRes/CharRes/Hero/Lisa/Default/Role/Meshes/Combat/SK_LisaDefault_C_Body01_Skeleton.SK_LisaDefault_C_Body01_Skeleton,509
Hero/Lisa/Default/Combat,Hero,Hero/Lisa,Default,Combat,Weapon,SilverPalace/Content/ArtRes/CharRes/Hero/Lisa/Default/Weapon/Meshes/Combat/SK_LisaDefault_Balloon01_SFX01.SK_LisaDefault_Balloon01_SFX01,SK_LisaDefault_Balloon01_SFX01,SkeletalMesh,5,2448,SilverPalace/Content/ArtRes/CharRes/Hero/Lisa/Default/Weapon/Meshes/Combat/SK_LisaDefault_Balloon01_SFX01_Skeleton.SK_LisaDefault_Balloon01_SFX01_Skeleton,20
Hero/Lisa/Default/Combat,Hero,Hero/Lisa,Default,Combat,Weapon,SilverPalace/Content/ArtRes/CharRes/Hero/Lisa/Default/Weapon/Meshes/Combat/SK_LisaDefault_Balloon01_SFX02.SK_LisaDefault_Balloon01_SFX02,SK_LisaDefault_Balloon01_SFX02,SkeletalMesh,5,7272,SilverPalace/Content/ArtRes/CharRes/Hero/Lisa/Default/Weapon/Meshes/Combat/SK_LisaDefault_Balloon01_SFX02_Skeleton.SK_LisaDefault_Balloon01_SFX02_Skeleton,59
Hero/Lisa/Default/Combat,Hero,Hero/Lisa,Default,Combat,Weapon,SilverPalace/Content/ArtRes/CharRes/Hero/Lisa/Default/Weapon/Meshes/Combat/SK_LisaDefault_Balloon01_SFX03.SK_LisaDefault_Balloon01_SFX03,SK_LisaDefault_Balloon01_SFX03,SkeletalMesh,5,12240,SilverPalace/Content/ArtRes/CharRes/Hero/Lisa/Default/Weapon/Meshes/Combat/SK_LisaDefault_Balloon01_SFX03_Skeleton.SK_LisaDefault_Balloon01_SFX03_Skeleton,106
Hero/Lisa/Default/Combat,Hero,Hero/Lisa,Default,Combat,Weapon,SilverPalace/Content/ArtRes/CharRes/Hero/Lisa/Default/Weapon/Meshes/Combat/SK_LisaDefault_Balloon02.SK_LisaDefault_Balloon02,SK_LisaDefault_Balloon02,SkeletalMesh,5,2448,SilverPalace/Content/ArtRes/CharRes/Hero/Lisa/Default/Weapon/Meshes/Combat/SK_LisaDefault_Balloon02_Skeleton.SK_LisaDefault_Balloon02_Skeleton,20
Hero/Lisa/Default/Combat,Hero,Hero/Lisa,Default,Combat,Weapon,SilverPalace/Content/ArtRes/CharRes/Hero/Lisa/Default/Weapon/Meshes/Combat/SK_LisaDefault_Balloon03.SK_LisaDefault_Balloon03,SK_LisaDefault_Balloon03,SkeletalMesh,5,7344,SilverPalace/Content/ArtRes/CharRes/Hero/Lisa/Default/Weapon/Meshes/Combat/SK_LisaDefault_Balloon03_Skeleton.SK_LisaDefault_Balloon03_Skeleton,61
Hero/Lisa/Default/Combat,Hero,Hero/Lisa,Default,Combat,Weapon,SilverPalace/Content/ArtRes/CharRes/Hero/Lisa/Default/Weapon/Meshes/Combat/SK_LisaDefault_Balloon04.SK_LisaDefault_Balloon04,SK_LisaDefault_Balloon04,SkeletalMesh,5,12240,SilverPalace/Content/ArtRes/CharRes/Hero/Lisa/Default/Weapon/Meshes/Combat/SK_LisaDefault_Balloon04_Skeleton.SK_LisaDefault_Balloon04_Skeleton,101
Hero/Lisa/Default/Combat,Hero,Hero/Lisa,Default,Combat,Weapon,SilverPalace/Content/ArtRes/CharRes/Hero/Lisa/Default/Weapon/Meshes/Combat/SK_LisaDefault_C_Balloon01.SK_LisaDefault_C_Balloon01,SK_LisaDefault_C_Balloon01,SkeletalMesh,5,2448,SilverPalace/Content/ArtRes/CharRes/Hero/Lisa/Default/Weapon/Meshes/Combat/SK_LisaDefault_C_Balloon01_Skeleton.SK_LisaDefault_C_Balloon01_Skeleton,48
Hero/Lisa/Default/Combat,Hero,Hero/Lisa,Default,Combat,Weapon,SilverPalace/Content/ArtRes/CharRes/Hero/Lisa/Default/Weapon/Meshes/Combat/SK_LisaDefault_C_Hammer01.SK_LisaDefault_C_Hammer01,SK_LisaDefault_C_Hammer01,SkeletalMesh,5,12797,SilverPalace/Content/ArtRes/CharRes/Hero/Lisa/Default/Weapon/Meshes/Combat/SK_LisaDefault_C_Hammer01_Skeleton.SK_LisaDefault_C_Hammer01_Skeleton,20
Hero/Lisa/Default/Show,Hero,Hero/Lisa,Default,Show,Role,SilverPalace/Content/ArtRes/CharRes/Hero/Lisa/Default/Role/Meshes/Show/SK_LisaDefault_U_Face01.SK_LisaDefault_U_Face01,SK_LisaDefault_U_Face01,SkeletalMesh,1,5722,SilverPalace/Content/ArtRes/CharRes/Hero/Lisa/Default/Role/Meshes/Combat/SK_LisaDefault_C_Body01_Skeleton.SK_LisaDefault_C_Body01_Skeleton,509
Hero/Lorin/Default/Combat,Hero,Hero/Lorin,Default,Combat,Role,SilverPalace/Content/ArtRes/CharRes/Hero/Lorin/Default/Role/Meshes/Combat/SK_LorinDefault_C_Body01.SK_LorinDefault_C_Body01,SK_LorinDefault_C_Body01,SkeletalMesh,5,57102,SilverPalace/Content/ArtRes/CharRes/Hero/Lorin/Default/Role/Meshes/Combat/SK_LorinDefault_C_Body01_Skeleton.SK_LorinDefault_C_Body01_Skeleton,312
Hero/Lorin/Default/Combat,Hero,Hero/Lorin,Default,Combat,Role,SilverPalace/Content/ArtRes/CharRes/Hero/Lorin/Default/Role/Meshes/Combat/SK_LorinDefault_C_Face01.SK_LorinDefault_C_Face01,SK_LorinDefault_C_Face01,SkeletalMesh,5,4866,SilverPalace/Content/ArtRes/CharRes/Hero/Lorin/Default/Role/Meshes/Combat/SK_LorinDefault_C_Body01_Skeleton.SK_LorinDefault_C_Body01_Skeleton,312
Hero/Lorin/Default/Combat,Hero,Hero/Lorin,Default,Combat,Role,SilverPalace/Content/ArtRes/CharRes/Hero/Lorin/Default/Role/Meshes/Combat/SK_LorinDefault_C_Fur01.SK_LorinDefault_C_Fur01,SK_LorinDefault_C_Fur01,SkeletalMesh,5,1237,SilverPalace/Content/ArtRes/CharRes/Hero/Lorin/Default/Role/Meshes/Combat/SK_LorinDefault_C_Body01_Skeleton.SK_LorinDefault_C_Body01_Skeleton,312
Hero/Lorin/Default/Combat,Hero,Hero/Lorin,Default,Combat,Role,SilverPalace/Content/ArtRes/CharRes/Hero/Lorin/Default/Role/Meshes/Combat/SK_LorinDefault_C_Hair01.SK_LorinDefault_C_Hair01,SK_LorinDefault_C_Hair01,SkeletalMesh,5,19995,SilverPalace/Content/ArtRes/CharRes/Hero/Lorin/Default/Role/Meshes/Combat/SK_LorinDefault_C_Body01_Skeleton.SK_LorinDefault_C_Body01_Skeleton,312
Hero/Lorin/Default/Combat,Hero,Hero/Lorin,Default,Combat,Weapon,SilverPalace/Content/ArtRes/CharRes/Hero/Lorin/Default/Weapon/Meshes/Combat/SK_LorinDefault_Bullet01.SK_LorinDefault_Bullet01,SK_LorinDefault_Bullet01,SkeletalMesh,5,1128,SilverPalace/Content/ArtRes/CharRes/Hero/Lorin/Default/Weapon/Meshes/Combat/SK_LorinDefault_Bullet01_Skeleton.SK_LorinDefault_Bullet01_Skeleton,2
Hero/Lorin/Default/Combat,Hero,Hero/Lorin,Default,Combat,Weapon,SilverPalace/Content/ArtRes/CharRes/Hero/Lorin/Default/Weapon/Meshes/Combat/SK_LorinDefault_C_Revolver01.SK_LorinDefault_C_Revolver01,SK_LorinDefault_C_Revolver01,SkeletalMesh,5,1948,SilverPalace/Content/ArtRes/CharRes/Hero/Lorin/Default/Weapon/Meshes/Combat/SK_LorinDefault_C_Revolver01_Skeleton.SK_LorinDefault_C_Revolver01_Skeleton,22
Hero/Lorin/Default/Show,Hero,Hero/Lorin,Default,Show,Role,SilverPalace/Content/ArtRes/CharRes/Hero/Lorin/Default/Role/Meshes/Show/SK_LorinDefault_U_Face01.SK_LorinDefault_U_Face01,SK_LorinDefault_U_Face01,SkeletalMesh,1,4866,SilverPalace/Content/ArtRes/CharRes/Hero/Lorin/Default/Role/Meshes/Combat/SK_LorinDefault_C_Body01_Skeleton.SK_LorinDefault_C_Body01_Skeleton,312
Hero/Munin/Default/Combat,Hero,Hero/Munin,Default,Combat,Role,SilverPalace/Content/ArtRes/CharRes/Hero/Munin/Default/Role/Meshes/Combat/SK_MuninDefault_C_Body01.SK_MuninDefault_C_Body01,SK_MuninDefault_C_Body01,SkeletalMesh,5,73200,SilverPalace/Content/ArtRes/CharRes/Hero/Munin/Default/Role/Meshes/Combat/SK_MuninDefault_C_Body01_Skeleton.SK_MuninDefault_C_Body01_Skeleton,394
Hero/Munin/Default/Combat,Hero,Hero/Munin,Default,Combat,Role,SilverPalace/Content/ArtRes/CharRes/Hero/Munin/Default/Role/Meshes/Combat/SK_MuninDefault_C_Face01.SK_MuninDefault_C_Face01,SK_MuninDefault_C_Face01,SkeletalMesh,5,4982,SilverPalace/Content/ArtRes/CharRes/Hero/Munin/Default/Role/Meshes/Combat/SK_MuninDefault_C_Body01_Skeleton.SK_MuninDefault_C_Body01_Skeleton,394
Hero/Munin/Default/Combat,Hero,Hero/Munin,Default,Combat,Role,SilverPalace/Content/ArtRes/CharRes/Hero/Munin/Default/Role/Meshes/Combat/SK_MuninDefault_C_Hair01.SK_MuninDefault_C_Hair01,SK_MuninDefault_C_Hair01,SkeletalMesh,5,30774,SilverPalace/Content/ArtRes/CharRes/Hero/Munin/Default/Role/Meshes/Combat/SK_MuninDefault_C_Body01_Skeleton.SK_MuninDefault_C_Body01_Skeleton,394
Hero/Munin/Default/Combat,Hero,Hero/Munin,Default,Combat,Role,SilverPalace/Content/ArtRes/CharRes/Hero/Munin/Default/Role/Meshes/Combat/SK_MuninDefault_C_Hair02.SK_MuninDefault_C_Hair02,SK_MuninDefault_C_Hair02,SkeletalMesh,5,33041,SilverPalace/Content/ArtRes/CharRes/Hero/Munin/Default/Role/Meshes/Combat/SK_MuninDefault_C_Body01_Skeleton.SK_MuninDefault_C_Body01_Skeleton,394
Hero/Munin/Default/Combat,Hero,Hero/Munin,Default,Combat,Role,SilverPalace/Content/ArtRes/CharRes/Hero/Munin/Default/Role/Meshes/Combat/SK_MuninDefault_C_Hat01.SK_MuninDefault_C_Hat01,SK_MuninDefault_C_Hat01,SkeletalMesh,5,2767,SilverPalace/Content/ArtRes/CharRes/Hero/Munin/Default/Role/Meshes/Combat/SK_MuninDefault_C_Body01_Skeleton.SK_MuninDefault_C_Body01_Skeleton,394
Hero/Munin/Default/Combat,Hero,Hero/Munin,Default,Combat,Role,SilverPalace/Content/ArtRes/CharRes/Hero/Munin/Default/Role/Meshes/Combat/SK_MuninDefault_C_State01_Body01.SK_MuninDefault_C_State01_Body01,SK_MuninDefault_C_State01_Body01,SkeletalMesh,5,69730,SilverPalace/Content/ArtRes/CharRes/Hero/Munin/Default/Role/Meshes/Combat/SK_MuninDefault_C_Body01_Skeleton.SK_MuninDefault_C_Body01_Skeleton,394
Hero/Munin/Default/Combat,Hero,Hero/Munin,Default,Combat,Weapon,SilverPalace/Content/ArtRes/CharRes/Hero/Munin/Default/Weapon/Meshes/Combat/SK_MuninDefault_C_Revolver01.SK_MuninDefault_C_Revolver01,SK_MuninDefault_C_Revolver01,SkeletalMesh,5,8366,SilverPalace/Content/ArtRes/CharRes/Hero/Munin/Default/Weapon/Meshes/Combat/SK_MuninDefault_C_Revolver01_Skeleton.SK_MuninDefault_C_Revolver01_Skeleton,23
Hero/Munin/Default/Combat,Hero,Hero/Munin,Default,Combat,Weapon,SilverPalace/Content/ArtRes/CharRes/Hero/Munin/Default/Weapon/Meshes/Combat/SK_MuninDefault_C_Sword01.SK_MuninDefault_C_Sword01,SK_MuninDefault_C_Sword01,SkeletalMesh,5,34328,SilverPalace/Content/ArtRes/CharRes/Hero/Munin/Default/Weapon/Meshes/Combat/SK_MuninDefault_C_Sword01_Skeleton.SK_MuninDefault_C_Sword01_Skeleton,17
Hero/Munin/Default/Show,Hero,Hero/Munin,Default,Show,Role,SilverPalace/Content/ArtRes/CharRes/Hero/Munin/Default/Role/Meshes/Show/SK_MuninDefault_U_Face01.SK_MuninDefault_U_Face01,SK_MuninDefault_U_Face01,SkeletalMesh,1,4982,SilverPalace/Content/ArtRes/CharRes/Hero/Munin/Default/Role/Meshes/Combat/SK_MuninDefault_C_Body01_Skeleton.SK_MuninDefault_C_Body01_Skeleton,394
Hero/Munin/Default/Show,Hero,Hero/Munin,Default,Show,Weapon,SilverPalace/Content/ArtRes/CharRes/Hero/Munin/Default/Weapon/Meshes/Show/SK_MuninDefault_U_Book01.SK_MuninDefault_U_Book01,SK_MuninDefault_U_Book01,SkeletalMesh,5,3890,SilverPalace/Content/ArtRes/CharRes/Hero/Munin/Default/Weapon/Meshes/Show/SK_MuninDefault_U_Book01_Skeleton.SK_MuninDefault_U_Book01_Skeleton,12
Hero/Munin/Default/Show,Hero,Hero/Munin,Default,Show,Weapon,SilverPalace/Content/ArtRes/CharRes/Hero/Munin/Default/Weapon/Meshes/Show/SK_MuninDefault_U_Bulletnecklace01.SK_MuninDefault_U_Bulletnecklace01,SK_MuninDefault_U_Bulletnecklace01,SkeletalMesh,5,1072,SilverPalace/Content/ArtRes/CharRes/Hero/Munin/Default/Weapon/Meshes/Show/SK_MuninDefault_U_Bulletnecklace01_Skeleton.SK_MuninDefault_U_Bulletnecklace01_Skeleton,13
Hero/Munin/Default/Show,Hero,Hero/Munin,Default,Show,Weapon,SilverPalace/Content/ArtRes/CharRes/Hero/Munin/Default/Weapon/Meshes/Show/SK_MuninDefault_U_Giftbox01.SK_MuninDefault_U_Giftbox01,SK_MuninDefault_U_Giftbox01,SkeletalMesh,5,19847,SilverPalace/Content/ArtRes/CharRes/Hero/Munin/Default/Weapon/Meshes/Show/SK_MuninDefault_U_Giftbox01_Skeleton.SK_MuninDefault_U_Giftbox01_Skeleton,5
Hero/Munin/Default/Show,Hero,Hero/Munin,Default,Show,Weapon,SilverPalace/Content/ArtRes/CharRes/Hero/Munin/Default/Weapon/Meshes/Show/SK_MuninDefault_U_Icegrenade01.SK_MuninDefault_U_Icegrenade01,SK_MuninDefault_U_Icegrenade01,SkeletalMesh,5,17658,SilverPalace/Content/ArtRes/CharRes/Hero/Munin/Default/Weapon/Meshes/Show/SK_MuninDefault_U_Icegrenade01_Skeleton.SK_MuninDefault_U_Icegrenade01_Skeleton,11
Hero/Munin/Default/Show,Hero,Hero/Munin,Default,Show,Weapon,SilverPalace/Content/ArtRes/CharRes/Hero/Munin/Default/Weapon/Meshes/Show/SK_MuninDefault_U_Pen01.SK_MuninDefault_U_Pen01,SK_MuninDefault_U_Pen01,SkeletalMesh,5,1446,SilverPalace/Content/ArtRes/CharRes/Hero/Munin/Default/Weapon/Meshes/Show/SK_MuninDefault_U_Pen01_Skeleton.SK_MuninDefault_U_Pen01_Skeleton,12
Hero/Munin/Default/Show,Hero,Hero/Munin,Default,Show,Weapon,SilverPalace/Content/ArtRes/CharRes/Hero/Munin/Default/Weapon/Meshes/Show/SK_MuninDefault_U_Stabilizer01.SK_MuninDefault_U_Stabilizer01,SK_MuninDefault_U_Stabilizer01,SkeletalMesh,5,5522,SilverPalace/Content/ArtRes/CharRes/Hero/Munin/Default/Weapon/Meshes/Show/SK_MuninDefault_U_Stabilizer01_Skeleton.SK_MuninDefault_U_Stabilizer01_Skeleton,9
Hero/Munin/Default/Show,Hero,Hero/Munin,Default,Show,Weapon,SilverPalace/Content/ArtRes/CharRes/Hero/Munin/Default/Weapon/Meshes/Show/SM_MuninDefault_U_Revolver01.SM_MuninDefault_U_Revolver01,SM_MuninDefault_U_Revolver01,StaticMesh,5,8366,,
Hero/Rex/Default/Combat,Hero,Hero/Rex,Default,Combat,Role,SilverPalace/Content/ArtRes/CharRes/Hero/Rex/Default/Role/Meshes/Combat/SK_RexDefault_C_Body01.SK_RexDefault_C_Body01,SK_RexDefault_C_Body01,SkeletalMesh,5,75093,SilverPalace/Content/ArtRes/CharRes/Hero/Rex/Default/Role/Meshes/Combat/SK_RexDefault_C_Body01_Skeleton.SK_RexDefault_C_Body01_Skeleton,410
Hero/Rex/Default/Combat,Hero,Hero/Rex,Default,Combat,Role,SilverPalace/Content/ArtRes/CharRes/Hero/Rex/Default/Role/Meshes/Combat/SK_RexDefault_C_Face01.SK_RexDefault_C_Face01,SK_RexDefault_C_Face01,SkeletalMesh,5,5406,SilverPalace/Content/ArtRes/CharRes/Hero/Rex/Default/Role/Meshes/Combat/SK_RexDefault_C_Body01_Skeleton.SK_RexDefault_C_Body01_Skeleton,410
Hero/Rex/Default/Combat,Hero,Hero/Rex,Default,Combat,Role,SilverPalace/Content/ArtRes/CharRes/Hero/Rex/Default/Role/Meshes/Combat/SK_RexDefault_C_Hair01.SK_RexDefault_C_Hair01,SK_RexDefault_C_Hair01,SkeletalMesh,5,14640,SilverPalace/Content/ArtRes/CharRes/Hero/Rex/Default/Role/Meshes/Combat/SK_RexDefault_C_Body01_Skeleton.SK_RexDefault_C_Body01_Skeleton,410
Hero/Rex/Default/Combat,Hero,Hero/Rex,Default,Combat,Role,SilverPalace/Content/ArtRes/CharRes/Hero/Rex/Default/Role/Meshes/Combat/SK_RexDefault_C_Hair02.SK_RexDefault_C_Hair02,SK_RexDefault_C_Hair02,SkeletalMesh,5,25364,SilverPalace/Content/ArtRes/CharRes/Hero/Rex/Default/Role/Meshes/Combat/SK_RexDefault_C_Body01_Skeleton.SK_RexDefault_C_Body01_Skeleton,410
Hero/Rex/Default/Combat,Hero,Hero/Rex,Default,Combat,Role,SilverPalace/Content/ArtRes/CharRes/Hero/Rex/Default/Role/Meshes/Combat/SK_RexDefault_C_Hat01.SK_RexDefault_C_Hat01,SK_RexDefault_C_Hat01,SkeletalMesh,5,2452,SilverPalace/Content/ArtRes/CharRes/Hero/Rex/Default/Role/Meshes/Combat/SK_RexDefault_C_Body01_Skeleton.SK_RexDefault_C_Body01_Skeleton,410
Hero/Rex/Default/Combat,Hero,Hero/Rex,Default,Combat,Weapon,SilverPalace/Content/ArtRes/CharRes/Hero/Rex/Default/Weapon/Meshes/Combat/SK_RexDefault_C_Stick01.SK_RexDefault_C_Stick01,SK_RexDefault_C_Stick01,SkeletalMesh,5,15854,SilverPalace/Content/ArtRes/CharRes/Hero/Rex/Default/Role/Meshes/Combat/SK_RexDefault_C_Body01_Skeleton.SK_RexDefault_C_Body01_Skeleton,410
Hero/Rex/Default/Show,Hero,Hero/Rex,Default,Show,Role,SilverPalace/Content/ArtRes/CharRes/Hero/Rex/Default/Role/Meshes/Show/SK_RexDefault_U_Face01.SK_RexDefault_U_Face01,SK_RexDefault_U_Face01,SkeletalMesh,1,5406,SilverPalace/Content/ArtRes/CharRes/Hero/Rex/Default/Role/Meshes/Combat/SK_RexDefault_C_Body01_Skeleton.SK_RexDefault_C_Body01_Skeleton,410
Hero/Rosy/Default/Combat,Hero,Hero/Rosy,Default,Combat,Role,SilverPalace/Content/ArtRes/CharRes/Hero/Rosy/Default/Role/Meshes/Combat/SK_RosyDefault_C_Body01.SK_RosyDefault_C_Body01,SK_RosyDefault_C_Body01,SkeletalMesh,5,149832,SilverPalace/Content/ArtRes/CharRes/Hero/Rosy/Default/Role/Meshes/Combat/SK_RosyDefault_C_Body01_Skeleton.SK_RosyDefault_C_Body01_Skeleton,483
Hero/Rosy/Default/Combat,Hero,Hero/Rosy,Default,Combat,Role,SilverPalace/Content/ArtRes/CharRes/Hero/Rosy/Default/Role/Meshes/Combat/SK_RosyDefault_C_Face01.SK_RosyDefault_C_Face01,SK_RosyDefault_C_Face01,SkeletalMesh,5,5936,SilverPalace/Content/ArtRes/CharRes/Hero/Rosy/Default/Role/Meshes/Combat/SK_RosyDefault_C_Body01_Skeleton.SK_RosyDefault_C_Body01_Skeleton,483
Hero/Rosy/Default/Combat,Hero,Hero/Rosy,Default,Combat,Role,SilverPalace/Content/ArtRes/CharRes/Hero/Rosy/Default/Role/Meshes/Combat/SK_RosyDefault_C_Hair01.SK_RosyDefault_C_Hair01,SK_RosyDefault_C_Hair01,SkeletalMesh,5,26298,SilverPalace/Content/ArtRes/CharRes/Hero/Rosy/Default/Role/Meshes/Combat/SK_RosyDefault_C_Body01_Skeleton.SK_RosyDefault_C_Body01_Skeleton,483
Hero/Rosy/Default/Combat,Hero,Hero/Rosy,Default,Combat,Role,SilverPalace/Content/ArtRes/CharRes/Hero/Rosy/Default/Role/Meshes/Combat/SK_RosyDefault_C_Hat01.SK_RosyDefault_C_Hat01,SK_RosyDefault_C_Hat01,SkeletalMesh,5,1995,SilverPalace/Content/ArtRes/CharRes/Hero/Rosy/Default/Role/Meshes/Combat/SK_RosyDefault_C_Body01_Skeleton.SK_RosyDefault_C_Body01_Skeleton,483
Hero/Rosy/Default/Combat,Hero,Hero/Rosy,Default,Combat,Weapon,SilverPalace/Content/ArtRes/CharRes/Hero/Rosy/Default/Weapon/Meshes/Combat/SK_RosyDefault_C_Cirrus01.SK_RosyDefault_C_Cirrus01,SK_RosyDefault_C_Cirrus01,SkeletalMesh,5,3605,SilverPalace/Content/ArtRes/CharRes/Hero/Rosy/Default/Weapon/Meshes/Combat/SK_RosyDefault_C_Cirrus01_Skeleton.SK_RosyDefault_C_Cirrus01_Skeleton,18
Hero/Rosy/Default/Combat,Hero,Hero/Rosy,Default,Combat,Weapon,SilverPalace/Content/ArtRes/CharRes/Hero/Rosy/Default/Weapon/Meshes/Combat/SK_RosyDefault_C_Cirrus02.SK_RosyDefault_C_Cirrus02,SK_RosyDefault_C_Cirrus02,SkeletalMesh,5,3605,SilverPalace/Content/ArtRes/CharRes/Hero/Rosy/Default/Weapon/Meshes/Combat/SK_RosyDefault_C_Cirrus02_Skeleton.SK_RosyDefault_C_Cirrus02_Skeleton,18
Hero/Rosy/Default/Combat,Hero,Hero/Rosy,Default,Combat,Weapon,SilverPalace/Content/ArtRes/CharRes/Hero/Rosy/Default/Weapon/Meshes/Combat/SK_RosyDefault_C_Cirrus03.SK_RosyDefault_C_Cirrus03,SK_RosyDefault_C_Cirrus03,SkeletalMesh,5,3605,SilverPalace/Content/ArtRes/CharRes/Hero/Rosy/Default/Weapon/Meshes/Combat/SK_RosyDefault_C_Cirrus03_Skeleton.SK_RosyDefault_C_Cirrus03_Skeleton,22
Hero/Rosy/Default/Combat,Hero,Hero/Rosy,Default,Combat,Weapon,SilverPalace/Content/ArtRes/CharRes/Hero/Rosy/Default/Weapon/Meshes/Combat/SK_RosyDefault_C_Cirrus04.SK_RosyDefault_C_Cirrus04,SK_RosyDefault_C_Cirrus04,SkeletalMesh,5,16694,SilverPalace/Content/ArtRes/CharRes/Hero/Rosy/Default/Role/Meshes/Combat/SK_RosyDefault_C_Body01_Skeleton.SK_RosyDefault_C_Body01_Skeleton,483
Hero/Rosy/Default/Combat,Hero,Hero/Rosy,Default,Combat,Weapon,SilverPalace/Content/ArtRes/CharRes/Hero/Rosy/Default/Weapon/Meshes/Combat/SK_RosyDefault_C_Cirrus05.SK_RosyDefault_C_Cirrus05,SK_RosyDefault_C_Cirrus05,SkeletalMesh,5,2062,SilverPalace/Content/ArtRes/CharRes/Hero/Rosy/Default/Role/Meshes/Combat/SK_RosyDefault_C_Body01_Skeleton.SK_RosyDefault_C_Body01_Skeleton,483
Hero/Rosy/Default/Combat,Hero,Hero/Rosy,Default,Combat,Weapon,SilverPalace/Content/ArtRes/CharRes/Hero/Rosy/Default/Weapon/Meshes/Combat/SK_RosyDefault_C_Cirrus06.SK_RosyDefault_C_Cirrus06,SK_RosyDefault_C_Cirrus06,SkeletalMesh,5,10141,SilverPalace/Content/ArtRes/CharRes/Hero/Rosy/Default/Weapon/Meshes/Combat/SK_RosyDefault_C_Cirrus06_Skeleton.SK_RosyDefault_C_Cirrus06_Skeleton,27
Hero/Rosy/Default/Combat,Hero,Hero/Rosy,Default,Combat,Weapon,SilverPalace/Content/ArtRes/CharRes/Hero/Rosy/Default/Weapon/Meshes/Combat/SK_RosyDefault_C_Pistol01.SK_RosyDefault_C_Pistol01,SK_RosyDefault_C_Pistol01,SkeletalMesh,5,19149,SilverPalace/Content/ArtRes/CharRes/Hero/Rosy/Default/Weapon/Meshes/Combat/SK_RosyDefault_C_Pistol01_Skeleton.SK_RosyDefault_C_Pistol01_Skeleton,7
Hero/Rosy/Default/Combat,Hero,Hero/Rosy,Default,Combat,Weapon,SilverPalace/Content/ArtRes/CharRes/Hero/Rosy/Default/Weapon/Meshes/Combat/SK_RosyDefault_C_Rose01.SK_RosyDefault_C_Rose01,SK_RosyDefault_C_Rose01,SkeletalMesh,5,5451,SilverPalace/Content/ArtRes/CharRes/Hero/Rosy/Default/Weapon/Meshes/Combat/SK_RosyDefault_C_Rose01_Skeleton.SK_RosyDefault_C_Rose01_Skeleton,115
Hero/Rosy/Default/Show,Hero,Hero/Rosy,Default,Show,Role,SilverPalace/Content/ArtRes/CharRes/Hero/Rosy/Default/Role/Meshes/Show/SK_RosyDefault_U_Face01.SK_RosyDefault_U_Face01,SK_RosyDefault_U_Face01,SkeletalMesh,1,5936,SilverPalace/Content/ArtRes/CharRes/Hero/Rosy/Default/Role/Meshes/Combat/SK_RosyDefault_C_Body01_Skeleton.SK_RosyDefault_C_Body01_Skeleton,483
Hero/Rosy/Default/Show,Hero,Hero/Rosy,Default,Show,Weapon,SilverPalace/Content/ArtRes/CharRes/Hero/Rosy/Default/Weapon/Meshes/Show/SK_RosyDefault_Bullet01.SK_RosyDefault_Bullet01,SK_RosyDefault_Bullet01,SkeletalMesh,5,972,SilverPalace/Content/ArtRes/CharRes/Hero/Rosy/Default/Weapon/Meshes/Show/SK_RosyDefault_Bullet01_Skeleton.SK_RosyDefault_Bullet01_Skeleton,2
Hero/Rosy/Default/Show,Hero,Hero/Rosy,Default,Show,Weapon,SilverPalace/Content/ArtRes/CharRes/Hero/Rosy/Default/Weapon/Meshes/Show/SK_RosyDefault_U_Cirrus01.SK_RosyDefault_U_Cirrus01,SK_RosyDefault_U_Cirrus01,SkeletalMesh,5,3605,SilverPalace/Content/ArtRes/CharRes/Hero/Rosy/Default/Weapon/Meshes/Show/SK_RosyDefault_U_Cirrus01_Skeleton.SK_RosyDefault_U_Cirrus01_Skeleton,18
Hero/Rosy/Default/Show,Hero,Hero/Rosy,Default,Show,Weapon,SilverPalace/Content/ArtRes/CharRes/Hero/Rosy/Default/Weapon/Meshes/Show/SK_RosyDefault_U_Cirrus02.SK_RosyDefault_U_Cirrus02,SK_RosyDefault_U_Cirrus02,SkeletalMesh,5,3605,SilverPalace/Content/ArtRes/CharRes/Hero/Rosy/Default/Weapon/Meshes/Show/SK_RosyDefault_U_Cirrus02_Skeleton.SK_RosyDefault_U_Cirrus02_Skeleton,18
Hero/Rosy/Default/Show,Hero,Hero/Rosy,Default,Show,Weapon,SilverPalace/Content/ArtRes/CharRes/Hero/Rosy/Default/Weapon/Meshes/Show/SK_RosyDefault_U_Cirrus03.SK_RosyDefault_U_Cirrus03,SK_RosyDefault_U_Cirrus03,SkeletalMesh,5,3605,SilverPalace/Content/ArtRes/CharRes/Hero/Rosy/Default/Weapon/Meshes/Show/SK_RosyDefault_U_Cirrus03_Skeleton.SK_RosyDefault_U_Cirrus03_Skeleton,22
Hero/Rosy/Default/Show,Hero,Hero/Rosy,Default,Show,Weapon,SilverPalace/Content/ArtRes/CharRes/Hero/Rosy/Default/Weapon/Meshes/Show/SK_RosyDefault_U_Concealed01.SK_RosyDefault_U_Concealed01,SK_RosyDefault_U_Concealed01,SkeletalMesh,5,218,SilverPalace/Content/ArtRes/CharRes/Hero/Rosy/Default/Weapon/Meshes/Show/SK_RosyDefault_U_Concealed01_Skeleton.SK_RosyDefault_U_Concealed01_Skeleton,6
Hero/Rosy/Default/Show,Hero,Hero/Rosy,Default,Show,Weapon,SilverPalace/Content/ArtRes/CharRes/Hero/Rosy/Default/Weapon/Meshes/Show/SK_RosyDefault_U_Petal01.SK_RosyDefault_U_Petal01,SK_RosyDefault_U_Petal01,SkeletalMesh,5,280,SilverPalace/Content/ArtRes/CharRes/Hero/Rosy/Default/Weapon/Meshes/Show/SK_RosyDefault_U_Petal01_Skeleton.SK_RosyDefault_U_Petal01_Skeleton,5
Hero/Rosy/Default/Show,Hero,Hero/Rosy,Default,Show,Weapon,SilverPalace/Content/ArtRes/CharRes/Hero/Rosy/Default/Weapon/Meshes/Show/SK_RosyDefault_U_Petal02.SK_RosyDefault_U_Petal02,SK_RosyDefault_U_Petal02,SkeletalMesh,5,856,SilverPalace/Content/ArtRes/CharRes/Hero/Rosy/Default/Weapon/Meshes/Show/SK_RosyDefault_U_Petal02_Skeleton.SK_RosyDefault_U_Petal02_Skeleton,11
Hero/Rosy/Default/Show,Hero,Hero/Rosy,Default,Show,Weapon,SilverPalace/Content/ArtRes/CharRes/Hero/Rosy/Default/Weapon/Meshes/Show/SK_RosyDefault_U_Rose01.SK_RosyDefault_U_Rose01,SK_RosyDefault_U_Rose01,SkeletalMesh,5,5451,SilverPalace/Content/ArtRes/CharRes/Hero/Rosy/Default/Weapon/Meshes/Show/SK_RosyDefault_U_Rose01_Skeleton.SK_RosyDefault_U_Rose01_Skeleton,16
Mob/Bayonet/MaidBayonet/Default,Mob,Mob/Bayonet/MaidBayonet,Default,Default,Role,SilverPalace/Content/ArtRes/CharRes/Mob/Bayonet/MaidBayonet/Role/Meshes/SK_MaidBayonet01.SK_MaidBayonet01,SK_MaidBayonet01,SkeletalMesh,5,75773,SilverPalace/Content/ArtRes/CharRes/Mob/Bayonet/MaidBayonet/Role/Meshes/SK_MaidBayonet01_Skeleton.SK_MaidBayonet01_Skeleton,345
Mob/Bayonet/MaidBayonet/Default,Mob,Mob/Bayonet/MaidBayonet,Default,Default,Role,SilverPalace/Content/ArtRes/CharRes/Mob/Bayonet/MaidBayonet/Role/Meshes/SK_MaidBayonet02.SK_MaidBayonet02,SK_MaidBayonet02,SkeletalMesh,5,69247,SilverPalace/Content/ArtRes/CharRes/Mob/Bayonet/MaidBayonet/Role/Meshes/SK_MaidBayonet01_Skeleton.SK_MaidBayonet01_Skeleton,345
Mob/Bayonet/MaidBayonet/Default,Mob,Mob/Bayonet/MaidBayonet,Default,Default,Weapon,SilverPalace/Content/ArtRes/CharRes/Mob/Bayonet/MaidBayonet/Weapon/Meshes/SK_MaidBayonet01_Bullet.SK_MaidBayonet01_Bullet,SK_MaidBayonet01_Bullet,SkeletalMesh,5,920,SilverPalace/Content/ArtRes/CharRes/Mob/Bayonet/MaidBayonet/Weapon/Meshes/SK_MaidBayonet01_Bullet_Skeleton.SK_MaidBayonet01_Bullet_Skeleton,4
Mob/Bayonet/MaidBayonet/Default,Mob,Mob/Bayonet/MaidBayonet,Default,Default,Weapon,SilverPalace/Content/ArtRes/CharRes/Mob/Bayonet/MaidBayonet/Weapon/Meshes/SK_MaidBayonet01_Mine.SK_MaidBayonet01_Mine,SK_MaidBayonet01_Mine,SkeletalMesh,5,1706,SilverPalace/Content/ArtRes/CharRes/Mob/Bayonet/MaidBayonet/Weapon/Meshes/SK_MaidBayonet01_Mine_Skeleton.SK_MaidBayonet01_Mine_Skeleton,4
Mob/Bayonet/MaidBayonet/Default,Mob,Mob/Bayonet/MaidBayonet,Default,Default,Weapon,SilverPalace/Content/ArtRes/CharRes/Mob/Bayonet/MaidBayonet/Weapon/Meshes/SK_MaidBayonet01_Rifle.SK_MaidBayonet01_Rifle,SK_MaidBayonet01_Rifle,SkeletalMesh,5,4647,SilverPalace/Content/ArtRes/CharRes/Mob/Bayonet/MaidBayonet/Weapon/Meshes/SK_MaidBayonet01_Rifle_Skeleton.SK_MaidBayonet01_Rifle_Skeleton,17
Mob/Bayonet/MaidBayonet/Default,Mob,Mob/Bayonet/MaidBayonet,Default,Default,Weapon,SilverPalace/Content/ArtRes/CharRes/Mob/Bayonet/MaidBayonet/Weapon/Meshes/SK_MaidBayonet01_Rocket.SK_MaidBayonet01_Rocket,SK_MaidBayonet01_Rocket,SkeletalMesh,5,4996,SilverPalace/Content/ArtRes/CharRes/Mob/Bayonet/MaidBayonet/Weapon/Meshes/SK_MaidBayonet01_Rocket_Skeleton.SK_MaidBayonet01_Rocket_Skeleton,14
Mob/CandleMob/CandleStub/Default,Mob,Mob/CandleMob/CandleStub,Default,Default,Role,SilverPalace/Content/ArtRes/CharRes/Mob/CandleMob/CandleStub/Role/Meshes/SK_CandleStub_01.SK_CandleStub_01,SK_CandleStub_01,SkeletalMesh,5,5756,SilverPalace/Content/ArtRes/CharRes/Mob/CandleMob/CandleStub/Role/Meshes/SK_CandleStub_01_Skeleton.SK_CandleStub_01_Skeleton,32
Mob/CandleMob/Candleman/Default,Mob,Mob/CandleMob/Candleman,Default,Default,Role,SilverPalace/Content/ArtRes/CharRes/Mob/CandleMob/Candleman/Role/Meshes/SK_CandlemanAmmo.SK_CandlemanAmmo,SK_CandlemanAmmo,SkeletalMesh,5,2996,SilverPalace/Content/ArtRes/CharRes/Mob/CandleMob/Candleman/Role/Meshes/SK_CandlemanAmmo_Skeleton.SK_CandlemanAmmo_Skeleton,1
Mob/CandleMob/Candleman/Default,Mob,Mob/CandleMob/Candleman,Default,Default,Role,SilverPalace/Content/ArtRes/CharRes/Mob/CandleMob/Candleman/Role/Meshes/SK_Candleman_01.SK_Candleman_01,SK_Candleman_01,SkeletalMesh,5,,SilverPalace/Content/ArtRes/CharRes/Mob/CandleMob/Candleman/Role/Meshes/SK_Candleman_01_Skeleton.SK_Candleman_01_Skeleton,118
Mob/CandleMob/Candleman/Default,Mob,Mob/CandleMob/Candleman,Default,Default,Role,SilverPalace/Content/ArtRes/CharRes/Mob/CandleMob/Candleman/Role/Meshes/SK_Candleman_01_execute_01.SK_Candleman_01_execute_01,SK_Candleman_01_execute_01,SkeletalMesh,5,25915,SilverPalace/Content/ArtRes/CharRes/Mob/CandleMob/Candleman/Role/Meshes/SK_Candleman_01_execute_01_Skeleton.SK_Candleman_01_execute_01_Skeleton,197
Mob/Cargo/CargoProtector/Default,Mob,Mob/Cargo/CargoProtector,Default,Default,Role,SilverPalace/Content/ArtRes/CharRes/Mob/Cargo/CargoProtector/Role/Meshes/SK_CargoProtector01.SK_CargoProtector01,SK_CargoProtector01,SkeletalMesh,5,77157,SilverPalace/Content/ArtRes/CharRes/Mob/Cargo/CargoProtector/Role/Meshes/SK_CargoProtector01_Skeleton.SK_CargoProtector01_Skeleton,162
Mob/ChastDefault/Chastener/Default,Mob,Mob/ChastDefault/Chastener,Default,Default,Role,SilverPalace/Content/ArtRes/CharRes/Mob/ChastDefault/Chastener/Role/Meshes/SK_Chastener01.SK_Chastener01,SK_Chastener01,SkeletalMesh,5,56442,SilverPalace/Content/ArtRes/CharRes/Mob/ChastDefault/Chastener/Role/Meshes/SK_Chastener01_Skeleton.SK_Chastener01_Skeleton,185
Mob/Chav/ChavChubby/Default,Mob,Mob/Chav/ChavChubby,Default,Default,Role,SilverPalace/Content/ArtRes/CharRes/Mob/Chav/ChavChubby/Role/Meshes/SK_ChavChubby01.SK_ChavChubby01,SK_ChavChubby01,SkeletalMesh,5,55415,SilverPalace/Content/ArtRes/CharRes/Mob/Chav/ChavChubby/Role/Meshes/SK_ChavChubby01_Skeleton.SK_ChavChubby01_Skeleton,160
Mob/Cicada/Default,Mob,Mob/Cicada,Default,Default,Role,SilverPalace/Content/ArtRes/CharRes/Mob/Cicada/Meshes/SK_CicadaPurifyingknife_01.SK_CicadaPurifyingknife_01,SK_CicadaPurifyingknife_01,SkeletalMesh,5,2420,SilverPalace/Content/ArtRes/CharRes/Mob/Cicada/Meshes/SK_CicadaPurifyingknife_01_Skeleton.SK_CicadaPurifyingknife_01_Skeleton,1
Mob/Cicada/Default,Mob,Mob/Cicada,Default,Default,Role,SilverPalace/Content/ArtRes/CharRes/Mob/Cicada/Meshes/SK_Cicada_01.SK_Cicada_01,SK_Cicada_01,SkeletalMesh,5,30348,SilverPalace/Content/ArtRes/CharRes/Mob/Cicada/Meshes/SK_Cicada_01_Skeleton.SK_Cicada_01_Skeleton,200
Mob/Debt/DebtCollector/Default,Mob,Mob/Debt/DebtCollector,Default,Default,Role,SilverPalace/Content/ArtRes/CharRes/Mob/Debt/DebtCollector/Role/Meshes/SK_DebtCollector01.SK_DebtCollector01,SK_DebtCollector01,SkeletalMesh,5,60965,SilverPalace/Content/ArtRes/CharRes/Mob/Debt/DebtCollector/Role/Meshes/SK_DebtCollector01_Skeleton.SK_DebtCollector01_Skeleton,239
Mob/Debt/DebtCollector/Default,Mob,Mob/Debt/DebtCollector,Default,Default,Weapon,SilverPalace/Content/ArtRes/CharRes/Mob/Debt/DebtCollector/Weapon/Meshes/SK_DebtCollector01_HandGonne.SK_DebtCollector01_HandGonne,SK_DebtCollector01_HandGonne,SkeletalMesh,5,9636,SilverPalace/Content/ArtRes/CharRes/Mob/Debt/DebtCollector/Weapon/Meshes/SK_DebtCollector01_HandGonne_Skeleton.SK_DebtCollector01_HandGonne_Skeleton,8
Mob/DroneDefault/Default,Mob,Mob/DroneDefault,Default,Default,Role,SilverPalace/Content/ArtRes/CharRes/Mob/DroneDefault/Role/Meshes/SK_Drone01.SK_Drone01,SK_Drone01,SkeletalMesh,5,24005,SilverPalace/Content/ArtRes/CharRes/Mob/DroneDefault/Role/Meshes/SK_Drone01_Skeleton.SK_Drone01_Skeleton,30
Mob/DroneDefault/Default,Mob,Mob/DroneDefault,Default,Default,Weapon,SilverPalace/Content/ArtRes/CharRes/Mob/DroneDefault/Weapon/Meshes/SK_Drone01_Grenade01.SK_Drone01_Grenade01,SK_Drone01_Grenade01,SkeletalMesh,5,1924,SilverPalace/Content/ArtRes/CharRes/Mob/DroneDefault/Weapon/Meshes/SK_Drone01_Grenade01_Skeleton.SK_Drone01_Grenade01_Skeleton,3
Mob/Female/EnforcerFemale/Default,Mob,Mob/Female/EnforcerFemale,Default,Default,Role,SilverPalace/Content/ArtRes/CharRes/Mob/Female/EnforcerFemale/Role/Meshes/SK_EnforcerFemale01.SK_EnforcerFemale01,SK_EnforcerFemale01,SkeletalMesh,5,39214,SilverPalace/Content/ArtRes/CharRes/Mob/Female/EnforcerFemale/Role/Meshes/SK_EnforcerFemale01_Skeleton.SK_EnforcerFemale01_Skeleton,121
Mob/Female/EnforcerFemale/Default,Mob,Mob/Female/EnforcerFemale,Default,Default,Weapon,SilverPalace/Content/ArtRes/CharRes/Mob/Female/EnforcerFemale/Weapon/Meshes/SK_EnforcerFemale_Grenade01.SK_EnforcerFemale_Grenade01,SK_EnforcerFemale_Grenade01,SkeletalMesh,5,2592,SilverPalace/Content/ArtRes/CharRes/Mob/Female/EnforcerFemale/Weapon/Meshes/SK_EnforcerFemale_Grenade01_Skeleton.SK_EnforcerFemale_Grenade01_Skeleton,2
Mob/Female/EnforcerFemale/Default,Mob,Mob/Female/EnforcerFemale,Default,Default,Weapon,SilverPalace/Content/ArtRes/CharRes/Mob/Female/EnforcerFemale/Weapon/Meshes/SK_EnforcerFemale_Revolver01.SK_EnforcerFemale_Revolver01,SK_EnforcerFemale_Revolver01,SkeletalMesh,5,7744,SilverPalace/Content/ArtRes/CharRes/Mob/Female/EnforcerFemale/Weapon/Meshes/SK_EnforcerFemale_Revolver01_Skeleton.SK_EnforcerFemale_Revolver01_Skeleton,22
Mob/Female/EnforcerIron/Default,Mob,Mob/Female/EnforcerIron,Default,Default,Role,SilverPalace/Content/ArtRes/CharRes/Mob/Female/EnforcerIron/Role/Meshes/SK_EnforcerIron01.SK_EnforcerIron01,SK_EnforcerIron01,SkeletalMesh,5,51922,SilverPalace/Content/ArtRes/CharRes/Mob/Female/EnforcerIron/Role/Meshes/SK_EnforcerIron01_Skeleton.SK_EnforcerIron01_Skeleton,268
Mob/Female/EnforcerIron/Default,Mob,Mob/Female/EnforcerIron,Default,Default,Weapon,SilverPalace/Content/ArtRes/CharRes/Mob/Female/EnforcerIron/Weapon/Meshes/SK_EnforceIron01_Saber01.SK_EnforceIron01_Saber01,SK_EnforceIron01_Saber01,SkeletalMesh,5,11963,SilverPalace/Content/ArtRes/CharRes/Mob/Female/EnforcerIron/Weapon/Meshes/SK_EnforceIron01_Saber01_Skeleton.SK_EnforceIron01_Saber01_Skeleton,6
Mob/Female/HoodieWoman/Default,Mob,Mob/Female/HoodieWoman,Default,Default,Role,SilverPalace/Content/ArtRes/CharRes/Mob/Female/HoodieWoman/Role/Meshes/SK_HoodieWoman01.SK_HoodieWoman01,SK_HoodieWoman01,SkeletalMesh,5,44752,SilverPalace/Content/ArtRes/CharRes/Mob/Female/HoodieWoman/Role/Meshes/SK_HoodieWoman01_Skeleton.SK_HoodieWoman01_Skeleton,143
Mob/Female/HoodieWoman/Default,Mob,Mob/Female/HoodieWoman,Default,Default,Weapon,SilverPalace/Content/ArtRes/CharRes/Mob/Female/HoodieWoman/Weapon/Meshes/SK_HoodieWoman01_Slingshot01.SK_HoodieWoman01_Slingshot01,SK_HoodieWoman01_Slingshot01,SkeletalMesh,5,3412,SilverPalace/Content/ArtRes/CharRes/Mob/Female/HoodieWoman/Weapon/Meshes/SK_HoodieWoman01_Slingshot01_Skeleton.SK_HoodieWoman01_Slingshot01_Skeleton,9
Mob/Female/HoodieWoman/Default,Mob,Mob/Female/HoodieWoman,Default,Default,Weapon,SilverPalace/Content/ArtRes/CharRes/Mob/Female/HoodieWoman/Weapon/Meshes/SM_HoodieWoman01_Slingshot01.SM_HoodieWoman01_Slingshot01,SM_HoodieWoman01_Slingshot01,StaticMesh,3,3412,,
Mob/Fish/SilverFish/Default,Mob,Mob/Fish/SilverFish,SilverFish,Default,Role,SilverPalace/Content/ArtRes/CharRes/Mob/Fish/SilverFish/Role/Meshes/SK_SilverFish01.SK_SilverFish01,SK_SilverFish01,SkeletalMesh,5,8132,SilverPalace/Content/ArtRes/CharRes/Mob/Fish/SilverFish/Role/Meshes/SK_SilverFish01_Skeleton.SK_SilverFish01_Skeleton,16
Mob/Fish/SilverFishEletrical/Default,Mob,Mob/Fish/SilverFish,SilverFishEletrical,Default,Role,SilverPalace/Content/ArtRes/CharRes/Mob/Fish/SilverFishEletrical/Role/Meshes/SK_SilverFishEletrical01.SK_SilverFishEletrical01,SK_SilverFishEletrical01,SkeletalMesh,5,8132,SilverPalace/Content/ArtRes/CharRes/Mob/Fish/SilverFish/Role/Meshes/SK_SilverFish01_Skeleton.SK_SilverFish01_Skeleton,16
Mob/Fish/SilverFishFallout/Default,Mob,Mob/Fish/SilverFish,SilverFishFallout,Default,Role,SilverPalace/Content/ArtRes/CharRes/Mob/Fish/SilverFishFallout/Role/Meshes/SK_SilverFishFallout01.SK_SilverFishFallout01,SK_SilverFishFallout01,SkeletalMesh,5,8132,SilverPalace/Content/ArtRes/CharRes/Mob/Fish/SilverFish/Role/Meshes/SK_SilverFish01_Skeleton.SK_SilverFish01_Skeleton,16
Mob/Fish/SilverFishFire/Default,Mob,Mob/Fish/SilverFish,SilverFishFire,Default,Role,SilverPalace/Content/ArtRes/CharRes/Mob/Fish/SilverFishFire/Role/Meshes/SK_SilverFishFire01.SK_SilverFishFire01,SK_SilverFishFire01,SkeletalMesh,5,8132,SilverPalace/Content/ArtRes/CharRes/Mob/Fish/SilverFish/Role/Meshes/SK_SilverFish01_Skeleton.SK_SilverFish01_Skeleton,16
Mob/Fish/SilverFishGravity/Default,Mob,Mob/Fish/SilverFish,SilverFishGravity,Default,Role,SilverPalace/Content/ArtRes/CharRes/Mob/Fish/SilverFishGravity/Role/Meshes/SK_SilverFishGravity01.SK_SilverFishGravity01,SK_SilverFishGravity01,SkeletalMesh,5,8132,SilverPalace/Content/ArtRes/CharRes/Mob/Fish/SilverFish/Role/Meshes/SK_SilverFish01_Skeleton.SK_SilverFish01_Skeleton,16
Mob/Fish/SilverFishIce/Default,Mob,Mob/Fish/SilverFish,SilverFishIce,Default,Role,SilverPalace/Content/ArtRes/CharRes/Mob/Fish/SilverFishIce/Role/Meshes/SK_SilverFishIce01.SK_SilverFishIce01,SK_SilverFishIce01,SkeletalMesh,5,8132,SilverPalace/Content/ArtRes/CharRes/Mob/Fish/SilverFish/Role/Meshes/SK_SilverFish01_Skeleton.SK_SilverFish01_Skeleton,16
Mob/Fish/SilverFishRust/Default,Mob,Mob/Fish/SilverFish,SilverFishRust,Default,Role,SilverPalace/Content/ArtRes/CharRes/Mob/Fish/SilverFishRust/Role/Meshes/SK_SilverFishRust01.SK_SilverFishRust01,SK_SilverFishRust01,SkeletalMesh,5,8132,SilverPalace/Content/ArtRes/CharRes/Mob/Fish/SilverFish/Role/Meshes/SK_SilverFish01_Skeleton.SK_SilverFish01_Skeleton,16
Mob/Fish/SilverFishSilver/Default,Mob,Mob/Fish/SilverFish,SilverFishSilver,Default,Role,SilverPalace/Content/ArtRes/CharRes/Mob/Fish/SilverFishSilver/Role/Meshes/SK_SilverFishSilver01.SK_SilverFishSilver01,SK_SilverFishSilver01,SkeletalMesh,5,8132,SilverPalace/Content/ArtRes/CharRes/Mob/Fish/SilverFish/Role/Meshes/SK_SilverFish01_Skeleton.SK_SilverFish01_Skeleton,16
Mob/Guard/GuardKnight/Default,Mob,Mob/Guard/GuardKnight,Default,Default,Role,SilverPalace/Content/ArtRes/CharRes/Mob/Guard/GuardKnight/Role/Meshes/SK_GuardKnight01.SK_GuardKnight01,SK_GuardKnight01,SkeletalMesh,5,49911,SilverPalace/Content/ArtRes/CharRes/Mob/Guard/GuardKnight/Role/Meshes/SK_GuardKnight01_Skeleton.SK_GuardKnight01_Skeleton,169
Mob/Guard/GuardKnight/Default,Mob,Mob/Guard/GuardKnight,Default,Default,Weapon,SilverPalace/Content/ArtRes/CharRes/Mob/Guard/GuardKnight/Weapon/Meshes/SK_GuardKnight01_Sword.SK_GuardKnight01_Sword,SK_GuardKnight01_Sword,SkeletalMesh,5,9766,SilverPalace/Content/ArtRes/CharRes/Mob/Guard/GuardKnight/Weapon/Meshes/SK_GuardKnight01_Sword_Skeleton.SK_GuardKnight01_Sword_Skeleton,6
Mob/Harpy/HarpyDefault/Default,Mob,Mob/Harpy/HarpyDefault,Default,Default,Role,SilverPalace/Content/ArtRes/CharRes/Mob/Harpy/HarpyDefault/Role/Meshes/SK_HarpyDefault01.SK_HarpyDefault01,SK_HarpyDefault01,SkeletalMesh,5,50452,SilverPalace/Content/ArtRes/CharRes/Mob/Harpy/HarpyDefault/Role/Meshes/SK_HarpyDefault01_Skeleton.SK_HarpyDefault01_Skeleton,320
Mob/Male/Butler/Default,Mob,Mob/Male/Butler,Default,Default,Role,SilverPalace/Content/ArtRes/CharRes/Mob/Male/Butler/Role/Meshes/SK_Butler01.SK_Butler01,SK_Butler01,SkeletalMesh,5,37518,SilverPalace/Content/ArtRes/CharRes/Mob/Male/Butler/Role/Meshes/SK_Butler01_Skeleton.SK_Butler01_Skeleton,147
Mob/Male/Butler/Default,Mob,Mob/Male/Butler,Default,Default,Weapon,SilverPalace/Content/ArtRes/CharRes/Mob/Male/Butler/Weapon/Meshes/SK_Butler01_Suitcase01.SK_Butler01_Suitcase01,SK_Butler01_Suitcase01,SkeletalMesh,5,3570,SilverPalace/Content/ArtRes/CharRes/Mob/Male/Butler/Weapon/Meshes/SK_Butler01_Suitcase01_Skeleton.SK_Butler01_Suitcase01_Skeleton,2
Mob/Male/Butler/Default,Mob,Mob/Male/Butler,Default,Default,Weapon,SilverPalace/Content/ArtRes/CharRes/Mob/Male/Butler/Weapon/Meshes/SK_Butler01_Sword01.SK_Butler01_Sword01,SK_Butler01_Sword01,SkeletalMesh,5,2144,SilverPalace/Content/ArtRes/CharRes/Mob/Male/Butler/Weapon/Meshes/SK_Butler01_Sword01_Skeleton.SK_Butler01_Sword01_Skeleton,7
Mob/Male/Butler/Default,Mob,Mob/Male/Butler,Default,Default,Weapon,SilverPalace/Content/ArtRes/CharRes/Mob/Male/Butler/Weapon/Meshes/SM_Butler01_Suitcase01.SM_Butler01_Suitcase01,SM_Butler01_Suitcase01,StaticMesh,3,3570,,
Mob/Male/Butler/Default,Mob,Mob/Male/Butler,Default,Default,Weapon,SilverPalace/Content/ArtRes/CharRes/Mob/Male/Butler/Weapon/Meshes/SM_Butler01_Sword01.SM_Butler01_Sword01,SM_Butler01_Sword01,StaticMesh,3,2144,,
Mob/Male/Enforcer/Default,Mob,Mob/Male/Enforcer,Default,Default,Role,SilverPalace/Content/ArtRes/CharRes/Mob/Male/Enforcer/Role/Meshes/SK_Enforcer01.SK_Enforcer01,SK_Enforcer01,SkeletalMesh,5,34947,SilverPalace/Content/ArtRes/CharRes/Mob/Male/Enforcer/Role/Meshes/SK_Enforcer01_Skeleton.SK_Enforcer01_Skeleton,128
Mob/Male/Enforcer/Default,Mob,Mob/Male/Enforcer,Default,Default,Role,SilverPalace/Content/ArtRes/CharRes/Mob/Male/Enforcer/Role/Meshes/SK_Enforcer02.SK_Enforcer02,SK_Enforcer02,SkeletalMesh,5,34947,SilverPalace/Content/ArtRes/CharRes/Mob/Male/Enforcer/Role/Meshes/SK_Enforcer02_Skeleton.SK_Enforcer02_Skeleton,130
Mob/Male/Enforcer/Default,Mob,Mob/Male/Enforcer,Default,Default,Role,SilverPalace/Content/ArtRes/CharRes/Mob/Male/Enforcer/Role/Meshes/SK_Enforcer03.SK_Enforcer03,SK_Enforcer03,SkeletalMesh,5,34947,SilverPalace/Content/ArtRes/CharRes/Mob/Male/Enforcer/Role/Meshes/SK_Enforcer02_Skeleton.SK_Enforcer02_Skeleton,130
Mob/Male/Enforcer/Default,Mob,Mob/Male/Enforcer,Default,Default,Role,SilverPalace/Content/ArtRes/CharRes/Mob/Male/Enforcer/Role/Meshes/SK_Enforcer_01_VAT.SK_Enforcer_01_VAT,SK_Enforcer_01_VAT,SkeletalMesh,5,29797,SilverPalace/Content/ArtRes/CharRes/Mob/Male/Enforcer/Role/Meshes/SK_Enforcer_01_VAT_Skeleton.SK_Enforcer_01_VAT_Skeleton,94
Mob/Male/Enforcer/Default,Mob,Mob/Male/Enforcer,Default,Default,Weapon,SilverPalace/Content/ArtRes/CharRes/Mob/Male/Enforcer/Weapon/Meshes/SK_Enforcer01_Baton01.SK_Enforcer01_Baton01,SK_Enforcer01_Baton01,SkeletalMesh,5,2668,SilverPalace/Content/ArtRes/CharRes/Mob/Male/Enforcer/Weapon/Meshes/SK_Enforcer01_Baton01_Skeleton.SK_Enforcer01_Baton01_Skeleton,6
Mob/Male/Enforcer/Default,Mob,Mob/Male/Enforcer,Default,Default,Weapon,SilverPalace/Content/ArtRes/CharRes/Mob/Male/Enforcer/Weapon/Meshes/SK_Enforcer01_Bullet01.SK_Enforcer01_Bullet01,SK_Enforcer01_Bullet01,SkeletalMesh,5,1400,SilverPalace/Content/ArtRes/CharRes/Mob/Male/Enforcer/Weapon/Meshes/SK_Enforcer01_Bullet01_Skeleton.SK_Enforcer01_Bullet01_Skeleton,4
Mob/Male/Enforcer/Default,Mob,Mob/Male/Enforcer,Default,Default,Weapon,SilverPalace/Content/ArtRes/CharRes/Mob/Male/Enforcer/Weapon/Meshes/SK_Enforcer01_Grenade01.SK_Enforcer01_Grenade01,SK_Enforcer01_Grenade01,SkeletalMesh,5,2592,SilverPalace/Content/ArtRes/CharRes/Mob/Male/Enforcer/Weapon/Meshes/SK_Enforcer01_Grenade01_Skeleton.SK_Enforcer01_Grenade01_Skeleton,6
Mob/Male/Enforcer/Default,Mob,Mob/Male/Enforcer,Default,Default,Weapon,SilverPalace/Content/ArtRes/CharRes/Mob/Male/Enforcer/Weapon/Meshes/SK_Enforcer01_Revolver01.SK_Enforcer01_Revolver01,SK_Enforcer01_Revolver01,SkeletalMesh,5,7744,SilverPalace/Content/ArtRes/CharRes/Mob/Male/Enforcer/Weapon/Meshes/SK_Enforcer01_Revolver01_Skeleton.SK_Enforcer01_Revolver01_Skeleton,22
Mob/Male/Enforcer/Default,Mob,Mob/Male/Enforcer,Default,Default,Weapon,SilverPalace/Content/ArtRes/CharRes/Mob/Male/Enforcer/Weapon/Meshes/SK_Enforcer01_Rifle01.SK_Enforcer01_Rifle01,SK_Enforcer01_Rifle01,SkeletalMesh,5,4370,SilverPalace/Content/ArtRes/CharRes/Mob/Male/Enforcer/Weapon/Meshes/SK_Enforcer01_Rifle01_Skeleton.SK_Enforcer01_Rifle01_Skeleton,12
Mob/Male/Enforcer/Default,Mob,Mob/Male/Enforcer,Default,Default,Weapon,SilverPalace/Content/ArtRes/CharRes/Mob/Male/Enforcer/Weapon/Meshes/SK_Enforcer01_Submachine01.SK_Enforcer01_Submachine01,SK_Enforcer01_Submachine01,SkeletalMesh,5,4316,SilverPalace/Content/ArtRes/CharRes/Mob/Male/Enforcer/Weapon/Meshes/SK_Enforcer01_Submachine01_Skeleton.SK_Enforcer01_Submachine01_Skeleton,10
Mob/Male/EnforcerLeader/Default,Mob,Mob/Male/EnforcerLeader,Default,Default,Role,SilverPalace/Content/ArtRes/CharRes/Mob/Male/EnforcerLeader/Role/Meshes/SK_EnforcerLeader01.SK_EnforcerLeader01,SK_EnforcerLeader01,SkeletalMesh,5,44256,SilverPalace/Content/ArtRes/CharRes/Mob/Male/EnforcerLeader/Role/Meshes/SK_EnforcerLeader01_Skeleton.SK_EnforcerLeader01_Skeleton,173
Mob/Male/EnforcerLeader/Default,Mob,Mob/Male/EnforcerLeader,Default,Default,Role,SilverPalace/Content/ArtRes/CharRes/Mob/Male/EnforcerLeader/Role/Meshes/SK_EnforcerLeader02.SK_EnforcerLeader02,SK_EnforcerLeader02,SkeletalMesh,5,44256,SilverPalace/Content/ArtRes/CharRes/Mob/Male/EnforcerLeader/Role/Meshes/SK_EnforcerLeader01_Skeleton.SK_EnforcerLeader01_Skeleton,173
Mob/Male/EnforcerLeader/Default,Mob,Mob/Male/EnforcerLeader,Default,Default,Weapon,SilverPalace/Content/ArtRes/CharRes/Mob/Male/EnforcerLeader/Weapon/Meshes/SK_EnforcrLeader01_Hammer01.SK_EnforcrLeader01_Hammer01,SK_EnforcrLeader01_Hammer01,SkeletalMesh,5,8440,SilverPalace/Content/ArtRes/CharRes/Mob/Male/EnforcerLeader/Weapon/Meshes/SK_EnforcrLeader01_Hammer01_Skeleton.SK_EnforcrLeader01_Hammer01_Skeleton,12
Mob/Male/HoodieLeader/Default,Mob,Mob/Male/HoodieLeader,Default,Default,Role,SilverPalace/Content/ArtRes/CharRes/Mob/Male/HoodieLeader/Role/Meshes/SK_HoodieLeader01.SK_HoodieLeader01,SK_HoodieLeader01,SkeletalMesh,5,46546,SilverPalace/Content/ArtRes/CharRes/Mob/Male/HoodieLeader/Role/Meshes/SK_HoodieLeader01_Skeleton.SK_HoodieLeader01_Skeleton,132
Mob/Male/HoodieLeader/Default,Mob,Mob/Male/HoodieLeader,Default,Default,Weapon,SilverPalace/Content/ArtRes/CharRes/Mob/Male/HoodieLeader/Weapon/Meshes/SK_HoodieLeader01_Pipe01.SK_HoodieLeader01_Pipe01,SK_HoodieLeader01_Pipe01,SkeletalMesh,5,2970,SilverPalace/Content/ArtRes/CharRes/Mob/Male/HoodieLeader/Weapon/Meshes/SK_HoodieLeader01_Pipe01_Skeleton.SK_HoodieLeader01_Pipe01_Skeleton,2
Mob/Male/HoodieLeader/Default,Mob,Mob/Male/HoodieLeader,Default,Default,Weapon,SilverPalace/Content/ArtRes/CharRes/Mob/Male/HoodieLeader/Weapon/Meshes/SK_HoodieLeader01_Skateboard01.SK_HoodieLeader01_Skateboard01,SK_HoodieLeader01_Skateboard01,SkeletalMesh,5,4798,SilverPalace/Content/ArtRes/CharRes/Mob/Male/HoodieLeader/Weapon/Meshes/SK_HoodieLeader01_Skateboard01_Skeleton.SK_HoodieLeader01_Skateboard01_Skeleton,8
Mob/Male/HoodieLeader/Default,Mob,Mob/Male/HoodieLeader,Default,Default,Weapon,SilverPalace/Content/ArtRes/CharRes/Mob/Male/HoodieLeader/Weapon/Meshes/SM_HoodieLeader01_Pipe01.SM_HoodieLeader01_Pipe01,SM_HoodieLeader01_Pipe01,StaticMesh,3,2970,,
Mob/Male/HoodieLeader/Default,Mob,Mob/Male/HoodieLeader,Default,Default,Weapon,SilverPalace/Content/ArtRes/CharRes/Mob/Male/HoodieLeader/Weapon/Meshes/SM_HoodieLeader01_Skateboard01.SM_HoodieLeader01_Skateboard01,SM_HoodieLeader01_Skateboard01,StaticMesh,3,4798,,
Mob/Male/HoodieMan/Default,Mob,Mob/Male/HoodieMan,Default,Default,Role,SilverPalace/Content/ArtRes/CharRes/Mob/Male/HoodieMan/Role/Meshes/SK_HoodieMan01.SK_HoodieMan01,SK_HoodieMan01,SkeletalMesh,5,41753,SilverPalace/Content/ArtRes/CharRes/Mob/Male/HoodieMan/Role/Meshes/SK_Mob_Male.SK_Mob_Male,128
Mob/Male/HoodieMan/Default,Mob,Mob/Male/HoodieMan,Default,Default,Weapon,SilverPalace/Content/ArtRes/CharRes/Mob/Male/HoodieMan/Weapon/Meshes/SK_HoodieMan_Pipe01.SK_HoodieMan_Pipe01,SK_HoodieMan_Pipe01,SkeletalMesh,5,2970,SilverPalace/Content/ArtRes/CharRes/Mob/Male/HoodieMan/Weapon/Meshes/SK_HoodieMan_Pipe01_Skeleton.SK_HoodieMan_Pipe01_Skeleton,2
Mob/Male/HoodieMan/Default,Mob,Mob/Male/HoodieMan,Default,Default,Weapon,SilverPalace/Content/ArtRes/CharRes/Mob/Male/HoodieMan/Weapon/Meshes/SM_HoodieMan01_Pipe01.SM_HoodieMan01_Pipe01,SM_HoodieMan01_Pipe01,StaticMesh,3,2970,,
Mob/Male/Ork/Default,Mob,Mob/Male/Ork,Default,Default,Role,SilverPalace/Content/ArtRes/CharRes/Mob/Male/Ork/Role/Meshes/SK_Ork01.SK_Ork01,SK_Ork01,SkeletalMesh,5,48663,SilverPalace/Content/ArtRes/CharRes/Mob/Male/Ork/Role/Meshes/SK_Ork01_Skeleton.SK_Ork01_Skeleton,125
Mob/Male/Ork/Default,Mob,Mob/Male/Ork,Default,Default,Weapon,SilverPalace/Content/ArtRes/CharRes/Mob/Male/Ork/Weapon/Meshes/SK_Ork01_Grenade01.SK_Ork01_Grenade01,SK_Ork01_Grenade01,SkeletalMesh,5,2294,SilverPalace/Content/ArtRes/CharRes/Mob/Male/Ork/Weapon/Meshes/SK_Ork01_Grenade01_Skeleton.SK_Ork01_Grenade01_Skeleton,4
Mob/Male/Ork/Default,Mob,Mob/Male/Ork,Default,Default,Weapon,SilverPalace/Content/ArtRes/CharRes/Mob/Male/Ork/Weapon/Meshes/SK_Ork01_Grenade02.SK_Ork01_Grenade02,SK_Ork01_Grenade02,SkeletalMesh,5,4790,SilverPalace/Content/ArtRes/CharRes/Mob/Male/Ork/Weapon/Meshes/SK_Ork01_Grenade02_Skeleton.SK_Ork01_Grenade02_Skeleton,3
Mob/Male/Ork/Default,Mob,Mob/Male/Ork,Default,Default,Weapon,SilverPalace/Content/ArtRes/CharRes/Mob/Male/Ork/Weapon/Meshes/SK_Ork01_Pistol01.SK_Ork01_Pistol01,SK_Ork01_Pistol01,SkeletalMesh,5,6819,SilverPalace/Content/ArtRes/CharRes/Mob/Male/Ork/Weapon/Meshes/SK_Ork01_Pistol01_Skeleton.SK_Ork01_Pistol01_Skeleton,4
Mob/Male/Ork/Default,Mob,Mob/Male/Ork,Default,Default,Weapon,SilverPalace/Content/ArtRes/CharRes/Mob/Male/Ork/Weapon/Meshes/SM_Ork01_Grenade01.SM_Ork01_Grenade01,SM_Ork01_Grenade01,StaticMesh,3,2390,,
Mob/Male/Ork/Default,Mob,Mob/Male/Ork,Default,Default,Weapon,SilverPalace/Content/ArtRes/CharRes/Mob/Male/Ork/Weapon/Meshes/SM_Ork01_Grenade02.SM_Ork01_Grenade02,SM_Ork01_Grenade02,StaticMesh,3,4790,,
Mob/Male/Ork/Default,Mob,Mob/Male/Ork,Default,Default,Weapon,SilverPalace/Content/ArtRes/CharRes/Mob/Male/Ork/Weapon/Meshes/SM_Ork01_Pistol01.SM_Ork01_Pistol01,SM_Ork01_Pistol01,StaticMesh,3,6819,,
Mob/Male/Thug/Default,Mob,Mob/Male/Thug,Default,Default,Role,SilverPalace/Content/ArtRes/CharRes/Mob/Male/Thug/Role/Meshes/SK_Thug01.SK_Thug01,SK_Thug01,SkeletalMesh,5,38419,SilverPalace/Content/ArtRes/CharRes/Mob/Male/Thug/Role/Meshes/SK_Thug01_Skeleton.SK_Thug01_Skeleton,123
Mob/Male/Thug/Default,Mob,Mob/Male/Thug,Default,Default,Weapon,SilverPalace/Content/ArtRes/CharRes/Mob/Male/Thug/Weapon/Meshes/SK_Thug_Machete01.SK_Thug_Machete01,SK_Thug_Machete01,SkeletalMesh,5,1536,SilverPalace/Content/ArtRes/CharRes/Mob/Male/Thug/Weapon/Meshes/SK_Thug_Machete01_Skeleton.SK_Thug_Machete01_Skeleton,2
Mob/Male/Thug/Default,Mob,Mob/Male/Thug,Default,Default,Weapon,SilverPalace/Content/ArtRes/CharRes/Mob/Male/Thug/Weapon/Meshes/SK_Thug_Machete02.SK_Thug_Machete02,SK_Thug_Machete02,SkeletalMesh,5,1695,SilverPalace/Content/ArtRes/CharRes/Mob/Male/Thug/Weapon/Meshes/SK_Thug_Machete02_Skeleton.SK_Thug_Machete02_Skeleton,2
Mob/Male/Thug/Default,Mob,Mob/Male/Thug,Default,Default,Weapon,SilverPalace/Content/ArtRes/CharRes/Mob/Male/Thug/Weapon/Meshes/SM_Thug01_Machete01.SM_Thug01_Machete01,SM_Thug01_Machete01,StaticMesh,3,1536,,
Mob/Male/Thug/Default,Mob,Mob/Male/Thug,Default,Default,Weapon,SilverPalace/Content/ArtRes/CharRes/Mob/Male/Thug/Weapon/Meshes/SM_Thug01_Machete02.SM_Thug01_Machete02,SM_Thug01_Machete02,StaticMesh,3,1695,,
Mob/Male/TraineeKnight/Default,Mob,Mob/Male/TraineeKnight,Default,Default,Role,SilverPalace/Content/ArtRes/CharRes/Mob/Male/TraineeKnight/Role/Meshes/SK_TraineeKnight01.SK_TraineeKnight01,SK_TraineeKnight01,SkeletalMesh,5,47688,SilverPalace/Content/ArtRes/CharRes/Mob/Male/TraineeKnight/Role/Meshes/SK_TraineeKnight01_Skeleton.SK_TraineeKnight01_Skeleton,225
Mob/Male/TraineeKnight/Default,Mob,Mob/Male/TraineeKnight,Default,Default,Weapon,SilverPalace/Content/ArtRes/CharRes/Mob/Male/TraineeKnight/Weapon/Meshes/SK_TraineeKnight01_Axe.SK_TraineeKnight01_Axe,SK_TraineeKnight01_Axe,SkeletalMesh,5,5858,SilverPalace/Content/ArtRes/CharRes/Mob/Male/TraineeKnight/Weapon/Meshes/SK_TraineeKnight01_Axe_Skeleton.SK_TraineeKnight01_Axe_Skeleton,6
Mob/Male/TraineeKnight/Default,Mob,Mob/Male/TraineeKnight,Default,Default,Weapon,SilverPalace/Content/ArtRes/CharRes/Mob/Male/TraineeKnight/Weapon/Meshes/SK_TraineeKnight01_Shield.SK_TraineeKnight01_Shield,SK_TraineeKnight01_Shield,SkeletalMesh,5,4100,SilverPalace/Content/ArtRes/CharRes/Mob/Male/TraineeKnight/Weapon/Meshes/SK_TraineeKnight01_Shield_Skeleton.SK_TraineeKnight01_Shield_Skeleton,6
Mob/Male/TraineeKnight/Default,Mob,Mob/Male/TraineeKnight,Default,Default,Weapon,SilverPalace/Content/ArtRes/CharRes/Mob/Male/TraineeKnight/Weapon/Meshes/SK_TraineeKnight01_Sword.SK_TraineeKnight01_Sword,SK_TraineeKnight01_Sword,SkeletalMesh,5,2538,SilverPalace/Content/ArtRes/CharRes/Mob/Male/TraineeKnight/Weapon/Meshes/SK_TraineeKnight01_Sword_Skeleton.SK_TraineeKnight01_Sword_Skeleton,6
Mob/Manhole/ManholeCover/Default,Mob,Mob/Manhole/ManholeCover,Default,Default,Role,SilverPalace/Content/ArtRes/CharRes/Mob/Manhole/ManholeCover/Role/Meshes/SK_ManholeCover01.SK_ManholeCover01,SK_ManholeCover01,SkeletalMesh,5,17629,SilverPalace/Content/ArtRes/CharRes/Mob/Manhole/ManholeCover/Role/Meshes/SK_ManholeCover01_Skeleton.SK_ManholeCover01_Skeleton,15
Mob/Manhole/ManholeCover/Default,Mob,Mob/Manhole/ManholeCover,Default,Default,Role,SilverPalace/Content/ArtRes/CharRes/Mob/Manhole/ManholeCover/Role/Meshes/SM_ManholeCover02.SM_ManholeCover02,SM_ManholeCover02,SkeletalMesh,5,1660,SilverPalace/Content/ArtRes/CharRes/Mob/Manhole/ManholeCover/Role/Meshes/SM_ManholeCover02_Skeleton.SM_ManholeCover02_Skeleton,2
Mob/RabiesFemale/RabiesMaba/Default,Mob,Mob/RabiesFemale/RabiesMaba,Default,Default,Role,SilverPalace/Content/ArtRes/CharRes/Mob/RabiesFemale/RabiesMaba/Role/Meshes/SK_RabiesMaba01.SK_RabiesMaba01,SK_RabiesMaba01,SkeletalMesh,5,40766,SilverPalace/Content/ArtRes/CharRes/Mob/RabiesFemale/RabiesMaba/Role/Meshes/SK_RabiesMaba01_Skeleton.SK_RabiesMaba01_Skeleton,168
Mob/RabiesFemale/RabiesMaba/Default,Mob,Mob/RabiesFemale/RabiesMaba,Default,Default,Weapon,SilverPalace/Content/ArtRes/CharRes/Mob/RabiesFemale/RabiesMaba/Weapon/Meshes/SM_RabiesMaba01_Knight.SM_RabiesMaba01_Knight,SM_RabiesMaba01_Knight,SkeletalMesh,5,336,SilverPalace/Content/ArtRes/CharRes/Mob/RabiesFemale/RabiesMaba/Weapon/Meshes/SM_RabiesMaba01_Knight_Skeleton.SM_RabiesMaba01_Knight_Skeleton,3
Mob/RabiesMale/RabiesPaba/Default,Mob,Mob/RabiesMale/RabiesPaba,Default,Default,Role,SilverPalace/Content/ArtRes/CharRes/Mob/RabiesMale/RabiesPaba/Role/Meshes/SK_RabiesPaba01.SK_RabiesPaba01,SK_RabiesPaba01,SkeletalMesh,5,36335,SilverPalace/Content/ArtRes/CharRes/Mob/RabiesMale/RabiesPaba/Role/Meshes/SK_RabiesPaba01_Skeleton.SK_RabiesPaba01_Skeleton,141
Mob/Shield/MaidShield/Default,Mob,Mob/Shield/MaidShield,Default,Default,Role,SilverPalace/Content/ArtRes/CharRes/Mob/Shield/MaidShield/Role/Meshes/SK_MaidShield01.SK_MaidShield01,SK_MaidShield01,SkeletalMesh,5,72735,SilverPalace/Content/ArtRes/CharRes/Mob/Shield/MaidShield/Role/Meshes/SK_MaidShield01_Skeleton.SK_MaidShield01_Skeleton,426
Mob/Shield/MaidShield/Default,Mob,Mob/Shield/MaidShield,Default,Default,Weapon,SilverPalace/Content/ArtRes/CharRes/Mob/Shield/MaidShield/Weapon/Meshes/SK_MaidShield01_Besom01.SK_MaidShield01_Besom01,SK_MaidShield01_Besom01,SkeletalMesh,5,9992,SilverPalace/Content/ArtRes/CharRes/Mob/Shield/MaidShield/Weapon/Meshes/SK_MaidShield01_Besom01_Skeleton.SK_MaidShield01_Besom01_Skeleton,21
Mob/Shield/MaidShield/Default,Mob,Mob/Shield/MaidShield,Default,Default,Weapon,SilverPalace/Content/ArtRes/CharRes/Mob/Shield/MaidShield/Weapon/Meshes/SK_MaidShield01_Explosion.SK_MaidShield01_Explosion,SK_MaidShield01_Explosion,SkeletalMesh,5,7585,SilverPalace/Content/ArtRes/CharRes/Mob/Shield/MaidShield/Weapon/Meshes/SK_MaidShield01_Explosion_Skeleton.SK_MaidShield01_Explosion_Skeleton,6
Mob/Shield/MaidShield/Default,Mob,Mob/Shield/MaidShield,Default,Default,Weapon,SilverPalace/Content/ArtRes/CharRes/Mob/Shield/MaidShield/Weapon/Meshes/SK_MaidShield01_Flash01.SK_MaidShield01_Flash01,SK_MaidShield01_Flash01,SkeletalMesh,5,7701,SilverPalace/Content/ArtRes/CharRes/Mob/Shield/MaidShield/Weapon/Meshes/SK_MaidShield01_Flash01_Skeleton.SK_MaidShield01_Flash01_Skeleton,6
Mob/Shield/MaidShield/Default,Mob,Mob/Shield/MaidShield,Default,Default,Weapon,SilverPalace/Content/ArtRes/CharRes/Mob/Shield/MaidShield/Weapon/Meshes/SK_MaidShield01_Large01.SK_MaidShield01_Large01,SK_MaidShield01_Large01,SkeletalMesh,5,7904,SilverPalace/Content/ArtRes/CharRes/Mob/Shield/MaidShield/Weapon/Meshes/SK_MaidShield01_Large01_Skeleton.SK_MaidShield01_Large01_Skeleton,6
Mob/Shield/MaidShield/Default,Mob,Mob/Shield/MaidShield,Default,Default,Weapon,SilverPalace/Content/ArtRes/CharRes/Mob/Shield/MaidShield/Weapon/Meshes/SK_MaidShield01_Submachinegun.SK_MaidShield01_Submachinegun,SK_MaidShield01_Submachinegun,SkeletalMesh,5,6094,SilverPalace/Content/ArtRes/CharRes/Mob/Shield/MaidShield/Weapon/Meshes/SK_MaidShield01_Submachinegun_Skeleton.SK_MaidShield01_Submachinegun_Skeleton,10
Mob/WaxMaskMan/WaxMaskMale/Default,Mob,Mob/WaxMaskMan/WaxMaskMale,Default,Default,Role,SilverPalace/Content/ArtRes/CharRes/Mob/WaxMaskMan/WaxMaskMale/Role/Meshes/SK_WaxMaskMan01.SK_WaxMaskMan01,SK_WaxMaskMan01,SkeletalMesh,5,32241,SilverPalace/Content/ArtRes/CharRes/Mob/WaxMaskMan/WaxMaskMale/Role/Meshes/SK_WaxMaskMan01_Skeleton.SK_WaxMaskMan01_Skeleton,141
Mob/WaxMaskWoman/WaxMaskFemale/Default,Mob,Mob/WaxMaskWoman/WaxMaskFemale,Default,Default,Role,SilverPalace/Content/ArtRes/CharRes/Mob/WaxMaskWoman/WaxMaskFemale/Role/Meshes/SK_WaxMaskFemale01.SK_WaxMaskFemale01,SK_WaxMaskFemale01,SkeletalMesh,5,29247,SilverPalace/Content/ArtRes/CharRes/Mob/WaxMaskWoman/WaxMaskFemale/Role/Meshes/SK_WaxMaskFemale01_Skeleton.SK_WaxMaskFemale01_Skeleton,217
Mob/WaxMaskWoman/WaxMaskFemale/Default,Mob,Mob/WaxMaskWoman/WaxMaskFemale,Default,Default,Weapon,SilverPalace/Content/ArtRes/CharRes/Mob/WaxMaskWoman/WaxMaskFemale/Weapon/Meshes/SK_WaxMaskFemale01_Weapon01.SK_WaxMaskFemale01_Weapon01,SK_WaxMaskFemale01_Weapon01,SkeletalMesh,5,1236,SilverPalace/Content/ArtRes/CharRes/Mob/WaxMaskWoman/WaxMaskFemale/Weapon/Meshes/SK_WaxMaskFemale01_Weapon01_Skeleton.SK_WaxMaskFemale01_Weapon01_Skeleton,12
Mob/Werewolf/WerewolfDefault/Default,Mob,Mob/Werewolf/WerewolfDefault,Default,Default,Role,SilverPalace/Content/ArtRes/CharRes/Mob/Werewolf/WerewolfDefault/Role/Meshes/SK_WerewolfDefault01.SK_WerewolfDefault01,SK_WerewolfDefault01,SkeletalMesh,5,75019,SilverPalace/Content/ArtRes/CharRes/Mob/Werewolf/WerewolfDefault/Role/Meshes/SK_WerewolfDefault01_Skeleton.SK_WerewolfDefault01_Skeleton,222
NPC/Class_A/201005/Default,NPC,NPC/Class_A/201005,Default,Default,Role,SilverPalace/Content/ArtRes/CharRes/NPC/Class_A/201005/Role/Meshes/SK_201005_Body01.SK_201005_Body01,SK_201005_Body01,SkeletalMesh,5,29959,SilverPalace/Content/ArtRes/CharRes/NPC/Class_A/201005/Role/Meshes/SK_201005_Body01_Skeleton.SK_201005_Body01_Skeleton,337
NPC/Class_A/201005/Default,NPC,NPC/Class_A/201005,Default,Default,Role,SilverPalace/Content/ArtRes/CharRes/NPC/Class_A/201005/Role/Meshes/SK_201005_Face01.SK_201005_Face01,SK_201005_Face01,SkeletalMesh,5,3496,SilverPalace/Content/ArtRes/CharRes/NPC/Class_A/201005/Role/Meshes/SK_201005_Body01_Skeleton.SK_201005_Body01_Skeleton,337
NPC/Class_A/201005/Default,NPC,NPC/Class_A/201005,Default,Default,Role,SilverPalace/Content/ArtRes/CharRes/NPC/Class_A/201005/Role/Meshes/SK_201005_Hair01.SK_201005_Hair01,SK_201005_Hair01,SkeletalMesh,5,6141,SilverPalace/Content/ArtRes/CharRes/NPC/Class_A/201005/Role/Meshes/SK_201005_Body01_Skeleton.SK_201005_Body01_Skeleton,337
NPC/Class_A/201016/Default,NPC,NPC/Class_A/201016,Default,Default,Role,SilverPalace/Content/ArtRes/CharRes/NPC/Class_A/201016/Meshes/SK_201016_Body01.SK_201016_Body01,SK_201016_Body01,SkeletalMesh,5,29384,SilverPalace/Content/ArtRes/CharRes/NPC/Class_A/201016/Meshes/SK_201016_Body01_Skeleton.SK_201016_Body01_Skeleton,219
NPC/Class_A/201016/Default,NPC,NPC/Class_A/201016,Default,Default,Role,SilverPalace/Content/ArtRes/CharRes/NPC/Class_A/201016/Meshes/SK_201016_Face01.SK_201016_Face01,SK_201016_Face01,SkeletalMesh,5,3430,SilverPalace/Content/ArtRes/CharRes/NPC/Class_A/201016/Meshes/SK_201016_Body01_Skeleton.SK_201016_Body01_Skeleton,219
NPC/Class_A/201016/Default,NPC,NPC/Class_A/201016,Default,Default,Role,SilverPalace/Content/ArtRes/CharRes/NPC/Class_A/201016/Meshes/SK_201016_Hair01.SK_201016_Hair01,SK_201016_Hair01,SkeletalMesh,5,4502,SilverPalace/Content/ArtRes/CharRes/NPC/Class_A/201016/Meshes/SK_201016_Body01_Skeleton.SK_201016_Body01_Skeleton,219
NPC/Class_A/201016/Default,NPC,NPC/Class_A/201016,Default,Default,Role,SilverPalace/Content/ArtRes/CharRes/NPC/Class_A/201016/Meshes/SK_201016_Hat01.SK_201016_Hat01,SK_201016_Hat01,SkeletalMesh,5,3224,SilverPalace/Content/ArtRes/CharRes/NPC/Class_A/201016/Meshes/SK_201016_Body01_Skeleton.SK_201016_Body01_Skeleton,219
NPC/Class_A/203016/Default,NPC,NPC/Class_A/203016,Default,Default,Role,SilverPalace/Content/ArtRes/CharRes/NPC/Class_A/203016/Role/Meshes/SK_203016.SK_203016,SK_203016,SkeletalMesh,5,4614,SilverPalace/Content/ArtRes/CharRes/NPC/Class_A/203016/Role/Meshes/SK_203016_Skeleton.SK_203016_Skeleton,90
NPC/Class_A/203017/Default,NPC,NPC/Class_A/203017,Default,Default,Role,SilverPalace/Content/ArtRes/CharRes/NPC/Class_A/203017/Role/Meshes/SK_203017.SK_203017,SK_203017,SkeletalMesh,5,4614,SilverPalace/Content/ArtRes/CharRes/NPC/Class_A/203017/Role/Meshes/SK_203017_Skeleton.SK_203017_Skeleton,90
NPC/Class_A/203018/Default,NPC,NPC/Class_A/203018,Default,Default,Role,SilverPalace/Content/ArtRes/CharRes/NPC/Class_A/203018/Role/Meshes/SK_203018.SK_203018,SK_203018,SkeletalMesh,5,7756,SilverPalace/Content/ArtRes/CharRes/NPC/Class_A/203018/Role/Meshes/SK_203018_Skeleton.SK_203018_Skeleton,90
NPC/Class_A/210001/Default,NPC,NPC/Class_A/210001,Default,Default,Role,SilverPalace/Content/ArtRes/CharRes/NPC/Class_A/210001/Role/Meshes/SK_210001_Body01.SK_210001_Body01,SK_210001_Body01,SkeletalMesh,5,12876,SilverPalace/Content/ArtRes/CharRes/NPC/Class_A/210001/Role/Meshes/SK_210001_Body01_Skeleton.SK_210001_Body01_Skeleton,217
NPC/Class_A/210001/Default,NPC,NPC/Class_A/210001,Default,Default,Role,SilverPalace/Content/ArtRes/CharRes/NPC/Class_A/210001/Role/Meshes/SK_210001_Face01.SK_210001_Face01,SK_210001_Face01,SkeletalMesh,5,3496,SilverPalace/Content/ArtRes/CharRes/NPC/Class_A/210001/Role/Meshes/SK_210001_Body01_Skeleton.SK_210001_Body01_Skeleton,217
NPC/Class_A/210001/Default,NPC,NPC/Class_A/210001,Default,Default,Role,SilverPalace/Content/ArtRes/CharRes/NPC/Class_A/210001/Role/Meshes/SK_210001_Hair01.SK_210001_Hair01,SK_210001_Hair01,SkeletalMesh,5,3854,SilverPalace/Content/ArtRes/CharRes/NPC/Class_A/210001/Role/Meshes/SK_210001_Body01_Skeleton.SK_210001_Body01_Skeleton,217
NPC/Class_A/210001/Default,NPC,NPC/Class_A/210001,Default,Default,Role,SilverPalace/Content/ArtRes/CharRes/NPC/Class_A/210001/Role/Meshes/SK_210001_Hat01.SK_210001_Hat01,SK_210001_Hat01,SkeletalMesh,5,560,SilverPalace/Content/ArtRes/CharRes/NPC/Class_A/210001/Role/Meshes/SK_210001_Body01_Skeleton.SK_210001_Body01_Skeleton,217
NPC/Class_A/210002/Default,NPC,NPC/Class_A/210002,Default,Default,Role,SilverPalace/Content/ArtRes/CharRes/NPC/Class_A/210002/Role/Meshes/SK_210002_Body01.SK_210002_Body01,SK_210002_Body01,SkeletalMesh,5,15576,SilverPalace/Content/ArtRes/CharRes/NPC/Class_A/210002/Role/Meshes/SK_210002_Body01_Skeleton.SK_210002_Body01_Skeleton,325
NPC/Class_A/210002/Default,NPC,NPC/Class_A/210002,Default,Default,Role,SilverPalace/Content/ArtRes/CharRes/NPC/Class_A/210002/Role/Meshes/SK_210002_Face01.SK_210002_Face01,SK_210002_Face01,SkeletalMesh,5,3452,SilverPalace/Content/ArtRes/CharRes/NPC/Class_A/210002/Role/Meshes/SK_210002_Body01_Skeleton.SK_210002_Body01_Skeleton,325
NPC/Class_A/210002/Default,NPC,NPC/Class_A/210002,Default,Default,Role,SilverPalace/Content/ArtRes/CharRes/NPC/Class_A/210002/Role/Meshes/SK_210002_Hair01.SK_210002_Hair01,SK_210002_Hair01,SkeletalMesh,5,10096,SilverPalace/Content/ArtRes/CharRes/NPC/Class_A/210002/Role/Meshes/SK_210002_Body01_Skeleton.SK_210002_Body01_Skeleton,325
NPC/Class_A/210002/Default,NPC,NPC/Class_A/210002,Default,Default,Role,SilverPalace/Content/ArtRes/CharRes/NPC/Class_A/210002/Role/Meshes/SK_210002_Hat01.SK_210002_Hat01,SK_210002_Hat01,SkeletalMesh,5,1134,SilverPalace/Content/ArtRes/CharRes/NPC/Class_A/210002/Role/Meshes/SK_210002_Body01_Skeleton.SK_210002_Body01_Skeleton,325
NPC/Class_A/210003/Default,NPC,NPC/Class_A/210003,Default,Default,Role,SilverPalace/Content/ArtRes/CharRes/NPC/Class_A/210003/Role/Meshes/SK_210003_Body01.SK_210003_Body01,SK_210003_Body01,SkeletalMesh,5,13319,SilverPalace/Content/ArtRes/CharRes/NPC/Class_A/210003/Role/Meshes/SK_210003_Body01_Skeleton.SK_210003_Body01_Skeleton,246
NPC/Class_A/210003/Default,NPC,NPC/Class_A/210003,Default,Default,Role,SilverPalace/Content/ArtRes/CharRes/NPC/Class_A/210003/Role/Meshes/SK_210003_Face01.SK_210003_Face01,SK_210003_Face01,SkeletalMesh,5,3478,SilverPalace/Content/ArtRes/CharRes/NPC/Class_A/210003/Role/Meshes/SK_210003_Body01_Skeleton.SK_210003_Body01_Skeleton,245
NPC/Class_A/210003/Default,NPC,NPC/Class_A/210003,Default,Default,Role,SilverPalace/Content/ArtRes/CharRes/NPC/Class_A/210003/Role/Meshes/SK_210003_Hair01.SK_210003_Hair01,SK_210003_Hair01,SkeletalMesh,5,4925,SilverPalace/Content/ArtRes/CharRes/NPC/Class_A/210003/Role/Meshes/SK_210003_Body01_Skeleton.SK_210003_Body01_Skeleton,246
NPC/Class_A/210004/Default,NPC,NPC/Class_A/210004,Default,Default,Role,SilverPalace/Content/ArtRes/CharRes/NPC/Class_A/210004/Role/Meshes/SK_210004_Body01.SK_210004_Body01,SK_210004_Body01,SkeletalMesh,5,14978,SilverPalace/Content/ArtRes/CharRes/NPC/Class_A/210004/Role/Meshes/SK_210004_Body01_Skeleton.SK_210004_Body01_Skeleton,233
NPC/Class_A/210004/Default,NPC,NPC/Class_A/210004,Default,Default,Role,SilverPalace/Content/ArtRes/CharRes/NPC/Class_A/210004/Role/Meshes/SK_210004_Face01.SK_210004_Face01,SK_210004_Face01,SkeletalMesh,5,3492,SilverPalace/Content/ArtRes/CharRes/NPC/Class_A/210004/Role/Meshes/SK_210004_Body01_Skeleton.SK_210004_Body01_Skeleton,233
NPC/Class_A/210004/Default,NPC,NPC/Class_A/210004,Default,Default,Role,SilverPalace/Content/ArtRes/CharRes/NPC/Class_A/210004/Role/Meshes/SK_210004_Hair01.SK_210004_Hair01,SK_210004_Hair01,SkeletalMesh,5,5413,SilverPalace/Content/ArtRes/CharRes/NPC/Class_A/210004/Role/Meshes/SK_210004_Body01_Skeleton.SK_210004_Body01_Skeleton,233
NPC/Class_A/210004/Default,NPC,NPC/Class_A/210004,Default,Default,Role,SilverPalace/Content/ArtRes/CharRes/NPC/Class_A/210004/Role/Meshes/SK_210004_Hat01.SK_210004_Hat01,SK_210004_Hat01,SkeletalMesh,5,842,SilverPalace/Content/ArtRes/CharRes/NPC/Class_A/210004/Role/Meshes/SK_210004_Body01_Skeleton.SK_210004_Body01_Skeleton,233
NPC/Class_A/210005/Default,NPC,NPC/Class_A/210005,Default,Default,Role,SilverPalace/Content/ArtRes/CharRes/NPC/Class_A/210005/Role/Meshes/SK_210005_Body01.SK_210005_Body01,SK_210005_Body01,SkeletalMesh,5,16447,SilverPalace/Content/ArtRes/CharRes/NPC/Class_A/210005/Role/Meshes/SK_210005_Body01_Skeleton.SK_210005_Body01_Skeleton,202
NPC/Class_A/210005/Default,NPC,NPC/Class_A/210005,Default,Default,Role,SilverPalace/Content/ArtRes/CharRes/NPC/Class_A/210005/Role/Meshes/SK_210005_Face01.SK_210005_Face01,SK_210005_Face01,SkeletalMesh,5,3430,SilverPalace/Content/ArtRes/CharRes/NPC/Class_A/210005/Role/Meshes/SK_210005_Body01_Skeleton.SK_210005_Body01_Skeleton,202
NPC/Class_A/210005/Default,NPC,NPC/Class_A/210005,Default,Default,Role,SilverPalace/Content/ArtRes/CharRes/NPC/Class_A/210005/Role/Meshes/SK_210005_Hair01.SK_210005_Hair01,SK_210005_Hair01,SkeletalMesh,5,4844,SilverPalace/Content/ArtRes/CharRes/NPC/Class_A/210005/Role/Meshes/SK_210005_Body01_Skeleton.SK_210005_Body01_Skeleton,202
NPC/Class_A/210005/Default,NPC,NPC/Class_A/210005,Default,Default,Role,SilverPalace/Content/ArtRes/CharRes/NPC/Class_A/210005/Role/Meshes/SK_210005_Hat01.SK_210005_Hat01,SK_210005_Hat01,SkeletalMesh,5,732,SilverPalace/Content/ArtRes/CharRes/NPC/Class_A/210005/Role/Meshes/SK_210005_Body01_Skeleton.SK_210005_Body01_Skeleton,202
NPC/Class_A/210006/Default,NPC,NPC/Class_A/210006,Default,Default,Role,SilverPalace/Content/ArtRes/CharRes/NPC/Class_A/210006/Role/Meshes/SK_210006_Body01.SK_210006_Body01,SK_210006_Body01,SkeletalMesh,5,20073,SilverPalace/Content/ArtRes/CharRes/NPC/Class_A/210006/Role/Meshes/SK_210006_Body01_Skeleton.SK_210006_Body01_Skeleton,242
NPC/Class_A/210006/Default,NPC,NPC/Class_A/210006,Default,Default,Role,SilverPalace/Content/ArtRes/CharRes/NPC/Class_A/210006/Role/Meshes/SK_210006_Face01.SK_210006_Face01,SK_210006_Face01,SkeletalMesh,5,3496,SilverPalace/Content/ArtRes/CharRes/NPC/Class_A/210006/Role/Meshes/SK_210006_Body01_Skeleton.SK_210006_Body01_Skeleton,242
NPC/Class_A/210006/Default,NPC,NPC/Class_A/210006,Default,Default,Role,SilverPalace/Content/ArtRes/CharRes/NPC/Class_A/210006/Role/Meshes/SK_210006_Hair01.SK_210006_Hair01,SK_210006_Hair01,SkeletalMesh,5,5122,SilverPalace/Content/ArtRes/CharRes/NPC/Class_A/210006/Role/Meshes/SK_210006_Body01_Skeleton.SK_210006_Body01_Skeleton,242
NPC/Class_A/210007/Default,NPC,NPC/Class_A/210007,Default,Default,Role,SilverPalace/Content/ArtRes/CharRes/NPC/Class_A/210007/Role/Meshes/SK_210007_Body01.SK_210007_Body01,SK_210007_Body01,SkeletalMesh,5,15169,SilverPalace/Content/ArtRes/CharRes/NPC/Class_A/210007/Role/Meshes/SK_210007_Body01_Skeleton.SK_210007_Body01_Skeleton,276
NPC/Class_A/210007/Default,NPC,NPC/Class_A/210007,Default,Default,Role,SilverPalace/Content/ArtRes/CharRes/NPC/Class_A/210007/Role/Meshes/SK_210007_Face01.SK_210007_Face01,SK_210007_Face01,SkeletalMesh,5,3492,SilverPalace/Content/ArtRes/CharRes/NPC/Class_A/210007/Role/Meshes/SK_210007_Body01_Skeleton.SK_210007_Body01_Skeleton,276
NPC/Class_A/210007/Default,NPC,NPC/Class_A/210007,Default,Default,Role,SilverPalace/Content/ArtRes/CharRes/NPC/Class_A/210007/Role/Meshes/SK_210007_Hair01.SK_210007_Hair01,SK_210007_Hair01,SkeletalMesh,5,5756,SilverPalace/Content/ArtRes/CharRes/NPC/Class_A/210007/Role/Meshes/SK_210007_Body01_Skeleton.SK_210007_Body01_Skeleton,276
NPC/Class_A/210007/Default,NPC,NPC/Class_A/210007,Default,Default,Role,SilverPalace/Content/ArtRes/CharRes/NPC/Class_A/210007/Role/Meshes/SK_210007_Hat01.SK_210007_Hat01,SK_210007_Hat01,SkeletalMesh,5,1361,SilverPalace/Content/ArtRes/CharRes/NPC/Class_A/210007/Role/Meshes/SK_210007_Body01_Skeleton.SK_210007_Body01_Skeleton,276
NPC/Class_A/210008/Default,NPC,NPC/Class_A/210008,Default,Default,Role,SilverPalace/Content/ArtRes/CharRes/NPC/Class_A/210008/Role/Meshes/SK_210008_Body01.SK_210008_Body01,SK_210008_Body01,SkeletalMesh,5,18789,SilverPalace/Content/ArtRes/CharRes/NPC/Class_A/210008/Role/Meshes/SK_210008_Body01_Skeleton.SK_210008_Body01_Skeleton,254
NPC/Class_A/210008/Default,NPC,NPC/Class_A/210008,Default,Default,Role,SilverPalace/Content/ArtRes/CharRes/NPC/Class_A/210008/Role/Meshes/SK_210008_Face01.SK_210008_Face01,SK_210008_Face01,SkeletalMesh,5,3496,SilverPalace/Content/ArtRes/CharRes/NPC/Class_A/210008/Role/Meshes/SK_210008_Body01_Skeleton.SK_210008_Body01_Skeleton,254
NPC/Class_A/210008/Default,NPC,NPC/Class_A/210008,Default,Default,Role,SilverPalace/Content/ArtRes/CharRes/NPC/Class_A/210008/Role/Meshes/SK_210008_Hair01.SK_210008_Hair01,SK_210008_Hair01,SkeletalMesh,5,4921,SilverPalace/Content/ArtRes/CharRes/NPC/Class_A/210008/Role/Meshes/SK_210008_Body01_Skeleton.SK_210008_Body01_Skeleton,254
NPC/Class_A/210008/Default,NPC,NPC/Class_A/210008,Default,Default,Role,SilverPalace/Content/ArtRes/CharRes/NPC/Class_A/210008/Role/Meshes/SK_210008_Hat01.SK_210008_Hat01,SK_210008_Hat01,SkeletalMesh,5,1906,SilverPalace/Content/ArtRes/CharRes/NPC/Class_A/210008/Role/Meshes/SK_210008_Body01_Skeleton.SK_210008_Body01_Skeleton,254
NPC/Class_A/210009/Default,NPC,NPC/Class_A/210009,Default,Default,Role,SilverPalace/Content/ArtRes/CharRes/NPC/Class_A/210009/Role/Meshes/SK_210009_Body01.SK_210009_Body01,SK_210009_Body01,SkeletalMesh,5,12330,SilverPalace/Content/ArtRes/CharRes/NPC/Class_A/210009/Role/Meshes/SK_210009_Body01_Skeleton.SK_210009_Body01_Skeleton,221
NPC/Class_A/210009/Default,NPC,NPC/Class_A/210009,Default,Default,Role,SilverPalace/Content/ArtRes/CharRes/NPC/Class_A/210009/Role/Meshes/SK_210009_Face01.SK_210009_Face01,SK_210009_Face01,SkeletalMesh,5,3478,SilverPalace/Content/ArtRes/CharRes/NPC/Class_A/210009/Role/Meshes/SK_210009_Body01_Skeleton.SK_210009_Body01_Skeleton,221
NPC/Class_A/210009/Default,NPC,NPC/Class_A/210009,Default,Default,Role,SilverPalace/Content/ArtRes/CharRes/NPC/Class_A/210009/Role/Meshes/SK_210009_Hair01.SK_210009_Hair01,SK_210009_Hair01,SkeletalMesh,5,7567,SilverPalace/Content/ArtRes/CharRes/NPC/Class_A/210009/Role/Meshes/SK_210009_Body01_Skeleton.SK_210009_Body01_Skeleton,221
NPC/Class_A/210010/Default,NPC,NPC/Class_A/210010,Default,Default,Role,SilverPalace/Content/ArtRes/CharRes/NPC/Class_A/210010/Role/Meshes/SK_210010_Body01.SK_210010_Body01,SK_210010_Body01,SkeletalMesh,5,11485,SilverPalace/Content/ArtRes/CharRes/NPC/Class_A/210010/Role/Meshes/SK_210010_Body01_Skeleton.SK_210010_Body01_Skeleton,236
NPC/Class_A/210010/Default,NPC,NPC/Class_A/210010,Default,Default,Role,SilverPalace/Content/ArtRes/CharRes/NPC/Class_A/210010/Role/Meshes/SK_210010_Face01.SK_210010_Face01,SK_210010_Face01,SkeletalMesh,5,3462,SilverPalace/Content/ArtRes/CharRes/NPC/Class_A/210010/Role/Meshes/SK_210010_Body01_Skeleton.SK_210010_Body01_Skeleton,236
NPC/Class_A/210010/Default,NPC,NPC/Class_A/210010,Default,Default,Role,SilverPalace/Content/ArtRes/CharRes/NPC/Class_A/210010/Role/Meshes/SK_210010_Hair01.SK_210010_Hair01,SK_210010_Hair01,SkeletalMesh,5,6236,SilverPalace/Content/ArtRes/CharRes/NPC/Class_A/210010/Role/Meshes/SK_210010_Body01_Skeleton.SK_210010_Body01_Skeleton,236
NPC/Class_A/210011/Default,NPC,NPC/Class_A/210011,Default,Default,Role,SilverPalace/Content/ArtRes/CharRes/NPC/Class_A/210011/Role/Meshes/SK_210011_Body01.SK_210011_Body01,SK_210011_Body01,SkeletalMesh,5,26449,SilverPalace/Content/ArtRes/CharRes/NPC/Class_A/210011/Role/Meshes/SK_210011_Body01_Skeleton.SK_210011_Body01_Skeleton,206
NPC/Class_A/210011/Default,NPC,NPC/Class_A/210011,Default,Default,Role,SilverPalace/Content/ArtRes/CharRes/NPC/Class_A/210011/Role/Meshes/SK_210011_Face01.SK_210011_Face01,SK_210011_Face01,SkeletalMesh,5,3486,SilverPalace/Content/ArtRes/CharRes/NPC/Class_A/210011/Role/Meshes/SK_210011_Body01_Skeleton.SK_210011_Body01_Skeleton,206
NPC/Class_A/210011/Default,NPC,NPC/Class_A/210011,Default,Default,Role,SilverPalace/Content/ArtRes/CharRes/NPC/Class_A/210011/Role/Meshes/SK_210011_Hair01.SK_210011_Hair01,SK_210011_Hair01,SkeletalMesh,5,5848,SilverPalace/Content/ArtRes/CharRes/NPC/Class_A/210011/Role/Meshes/SK_210011_Body01_Skeleton.SK_210011_Body01_Skeleton,206
NPC/Class_A/210012/Default,NPC,NPC/Class_A/210012,Default,Default,Role,SilverPalace/Content/ArtRes/CharRes/NPC/Class_A/210012/Role/Meshes/SK_210012_Body01.SK_210012_Body01,SK_210012_Body01,SkeletalMesh,5,26449,SilverPalace/Content/ArtRes/CharRes/NPC/Class_A/210012/Role/Meshes/SK_210012_Body01_Skeleton.SK_210012_Body01_Skeleton,206
NPC/Class_A/210012/Default,NPC,NPC/Class_A/210012,Default,Default,Role,SilverPalace/Content/ArtRes/CharRes/NPC/Class_A/210012/Role/Meshes/SK_210012_Face01.SK_210012_Face01,SK_210012_Face01,SkeletalMesh,5,3422,SilverPalace/Content/ArtRes/CharRes/NPC/Class_A/210012/Role/Meshes/SK_210012_Body01_Skeleton.SK_210012_Body01_Skeleton,206
NPC/Class_A/210012/Default,NPC,NPC/Class_A/210012,Default,Default,Role,SilverPalace/Content/ArtRes/CharRes/NPC/Class_A/210012/Role/Meshes/SK_210012_Hair01.SK_210012_Hair01,SK_210012_Hair01,SkeletalMesh,5,5848,SilverPalace/Content/ArtRes/CharRes/NPC/Class_A/210012/Role/Meshes/SK_210012_Body01_Skeleton.SK_210012_Body01_Skeleton,206
NPC/Class_A/210013/Default,NPC,NPC/Class_A/210013,Default,Default,Role,SilverPalace/Content/ArtRes/CharRes/NPC/Class_A/210013/Role/Meshes/SK_210013_Body01.SK_210013_Body01,SK_210013_Body01,SkeletalMesh,5,34880,SilverPalace/Content/ArtRes/CharRes/NPC/Class_A/210013/Role/Meshes/SK_210013_Body01_Skeleton.SK_210013_Body01_Skeleton,191
NPC/Class_A/210013/Default,NPC,NPC/Class_A/210013,Default,Default,Role,SilverPalace/Content/ArtRes/CharRes/NPC/Class_A/210013/Role/Meshes/SK_210013_Face01.SK_210013_Face01,SK_210013_Face01,SkeletalMesh,5,3430,SilverPalace/Content/ArtRes/CharRes/NPC/Class_A/210013/Role/Meshes/SK_210013_Body01_Skeleton.SK_210013_Body01_Skeleton,191
NPC/Class_A/210013/Default,NPC,NPC/Class_A/210013,Default,Default,Role,SilverPalace/Content/ArtRes/CharRes/NPC/Class_A/210013/Role/Meshes/SK_210013_Hair01.SK_210013_Hair01,SK_210013_Hair01,SkeletalMesh,5,3980,SilverPalace/Content/ArtRes/CharRes/NPC/Class_A/210013/Role/Meshes/SK_210013_Body01_Skeleton.SK_210013_Body01_Skeleton,191
NPC/Class_A/210014/Default,NPC,NPC/Class_A/210014,Default,Default,Role,SilverPalace/Content/ArtRes/CharRes/NPC/Class_A/210014/Role/Meshes/SK_210014_Body01.SK_210014_Body01,SK_210014_Body01,SkeletalMesh,5,29384,SilverPalace/Content/ArtRes/CharRes/NPC/Class_A/210014/Role/Meshes/SK_210014_Body01_Skeleton.SK_210014_Body01_Skeleton,241
NPC/Class_A/210014/Default,NPC,NPC/Class_A/210014,Default,Default,Role,SilverPalace/Content/ArtRes/CharRes/NPC/Class_A/210014/Role/Meshes/SK_210014_Face01.SK_210014_Face01,SK_210014_Face01,SkeletalMesh,5,3462,SilverPalace/Content/ArtRes/CharRes/NPC/Class_A/210014/Role/Meshes/SK_210014_Body01_Skeleton.SK_210014_Body01_Skeleton,241
NPC/Class_A/210014/Default,NPC,NPC/Class_A/210014,Default,Default,Role,SilverPalace/Content/ArtRes/CharRes/NPC/Class_A/210014/Role/Meshes/SK_210014_Hair01.SK_210014_Hair01,SK_210014_Hair01,SkeletalMesh,5,4502,SilverPalace/Content/ArtRes/CharRes/NPC/Class_A/210014/Role/Meshes/SK_210014_Body01_Skeleton.SK_210014_Body01_Skeleton,241
NPC/Class_A/210014/Default,NPC,NPC/Class_A/210014,Default,Default,Role,SilverPalace/Content/ArtRes/CharRes/NPC/Class_A/210014/Role/Meshes/SK_210014_Hat01.SK_210014_Hat01,SK_210014_Hat01,SkeletalMesh,5,3224,SilverPalace/Content/ArtRes/CharRes/NPC/Class_A/210014/Role/Meshes/SK_210014_Body01_Skeleton.SK_210014_Body01_Skeleton,241
NPC/Class_A/210015/Default,NPC,NPC/Class_A/210015,Default,Default,Role,SilverPalace/Content/ArtRes/CharRes/NPC/Class_A/210015/Role/Meshes/SK_210015_Body01.SK_210015_Body01,SK_210015_Body01,SkeletalMesh,5,29384,SilverPalace/Content/ArtRes/CharRes/NPC/Class_A/210015/Role/Meshes/SK_210015_Body01_Skeleton.SK_210015_Body01_Skeleton,202
NPC/Class_A/210015/Default,NPC,NPC/Class_A/210015,Default,Default,Role,SilverPalace/Content/ArtRes/CharRes/NPC/Class_A/210015/Role/Meshes/SK_210015_Face01.SK_210015_Face01,SK_210015_Face01,SkeletalMesh,5,3462,SilverPalace/Content/ArtRes/CharRes/NPC/Class_A/210015/Role/Meshes/SK_210015_Body01_Skeleton.SK_210015_Body01_Skeleton,202
NPC/Class_A/210015/Default,NPC,NPC/Class_A/210015,Default,Default,Role,SilverPalace/Content/ArtRes/CharRes/NPC/Class_A/210015/Role/Meshes/SK_210015_Hair01.SK_210015_Hair01,SK_210015_Hair01,SkeletalMesh,5,4750,SilverPalace/Content/ArtRes/CharRes/NPC/Class_A/210015/Role/Meshes/SK_210015_Body01_Skeleton.SK_210015_Body01_Skeleton,202
NPC/Class_A/210015/Default,NPC,NPC/Class_A/210015,Default,Default,Role,SilverPalace/Content/ArtRes/CharRes/NPC/Class_A/210015/Role/Meshes/SK_210015_Hat01.SK_210015_Hat01,SK_210015_Hat01,SkeletalMesh,5,3224,SilverPalace/Content/ArtRes/CharRes/NPC/Class_A/210015/Role/Meshes/SK_210015_Body01_Skeleton.SK_210015_Body01_Skeleton,202
NPC/Class_A/210016/Default,NPC,NPC/Class_A/210016,Default,Default,Role,SilverPalace/Content/ArtRes/CharRes/NPC/Class_A/210016/Role/Meshes/SK_210016_Body01.SK_210016_Body01,SK_210016_Body01,SkeletalMesh,5,13674,SilverPalace/Content/ArtRes/CharRes/NPC/Class_A/210016/Role/Meshes/SK_210016_Body01_Skeleton.SK_210016_Body01_Skeleton,244
NPC/Class_A/210016/Default,NPC,NPC/Class_A/210016,Default,Default,Role,SilverPalace/Content/ArtRes/CharRes/NPC/Class_A/210016/Role/Meshes/SK_210016_Face01.SK_210016_Face01,SK_210016_Face01,SkeletalMesh,5,3486,SilverPalace/Content/ArtRes/CharRes/NPC/Class_A/210016/Role/Meshes/SK_210016_Body01_Skeleton.SK_210016_Body01_Skeleton,244
NPC/Class_A/210016/Default,NPC,NPC/Class_A/210016,Default,Default,Role,SilverPalace/Content/ArtRes/CharRes/NPC/Class_A/210016/Role/Meshes/SK_210016_Hair01.SK_210016_Hair01,SK_210016_Hair01,SkeletalMesh,5,7651,SilverPalace/Content/ArtRes/CharRes/NPC/Class_A/210016/Role/Meshes/SK_210016_Body01_Skeleton.SK_210016_Body01_Skeleton,244
NPC/Class_A/210017/Default,NPC,NPC/Class_A/210017,Default,Default,Role,SilverPalace/Content/ArtRes/CharRes/NPC/Class_A/210017/Role/Meshes/SK_210017_Body01.SK_210017_Body01,SK_210017_Body01,SkeletalMesh,5,26449,SilverPalace/Content/ArtRes/CharRes/NPC/Class_A/210017/Role/Meshes/SK_210017_Body01_Skeleton.SK_210017_Body01_Skeleton,207
NPC/Class_A/210017/Default,NPC,NPC/Class_A/210017,Default,Default,Role,SilverPalace/Content/ArtRes/CharRes/NPC/Class_A/210017/Role/Meshes/SK_210017_Face01.SK_210017_Face01,SK_210017_Face01,SkeletalMesh,5,3486,SilverPalace/Content/ArtRes/CharRes/NPC/Class_A/210017/Role/Meshes/SK_210017_Body01_Skeleton.SK_210017_Body01_Skeleton,207
NPC/Class_A/210017/Default,NPC,NPC/Class_A/210017,Default,Default,Role,SilverPalace/Content/ArtRes/CharRes/NPC/Class_A/210017/Role/Meshes/SK_210017_Hair01.SK_210017_Hair01,SK_210017_Hair01,SkeletalMesh,5,5848,SilverPalace/Content/ArtRes/CharRes/NPC/Class_A/210017/Role/Meshes/SK_210017_Body01_Skeleton.SK_210017_Body01_Skeleton,207
NPC/Class_A/210018/Default,NPC,NPC/Class_A/210018,Default,Default,Role,SilverPalace/Content/ArtRes/CharRes/NPC/Class_A/210018/Role/Meshes/SK_210018_Body01.SK_210018_Body01,SK_210018_Body01,SkeletalMesh,5,49255,SilverPalace/Content/ArtRes/CharRes/NPC/Class_A/210018/Role/Meshes/SK_210018_Body01_Skeleton.SK_210018_Body01_Skeleton,190
NPC/Class_A/210019/Default,NPC,NPC/Class_A/210019,Default,Default,Role,SilverPalace/Content/ArtRes/CharRes/NPC/Class_A/210019/Role/Meshes/SK_210019_Body01.SK_210019_Body01,SK_210019_Body01,SkeletalMesh,5,29384,SilverPalace/Content/ArtRes/CharRes/NPC/Class_A/210019/Role/Meshes/SK_210019_Body01_Skeleton.SK_210019_Body01_Skeleton,241
NPC/Class_A/210019/Default,NPC,NPC/Class_A/210019,Default,Default,Role,SilverPalace/Content/ArtRes/CharRes/NPC/Class_A/210019/Role/Meshes/SK_210019_Face01.SK_210019_Face01,SK_210019_Face01,SkeletalMesh,5,3462,SilverPalace/Content/ArtRes/CharRes/NPC/Class_A/210019/Role/Meshes/SK_210019_Body01_Skeleton.SK_210019_Body01_Skeleton,241
NPC/Class_A/210019/Default,NPC,NPC/Class_A/210019,Default,Default,Role,SilverPalace/Content/ArtRes/CharRes/NPC/Class_A/210019/Role/Meshes/SK_210019_Hair01.SK_210019_Hair01,SK_210019_Hair01,SkeletalMesh,5,4502,SilverPalace/Content/ArtRes/CharRes/NPC/Class_A/210019/Role/Meshes/SK_210019_Body01_Skeleton.SK_210019_Body01_Skeleton,241
NPC/Class_A/210019/Default,NPC,NPC/Class_A/210019,Default,Default,Role,SilverPalace/Content/ArtRes/CharRes/NPC/Class_A/210019/Role/Meshes/SK_210019_Hat01.SK_210019_Hat01,SK_210019_Hat01,SkeletalMesh,5,3224,SilverPalace/Content/ArtRes/CharRes/NPC/Class_A/210019/Role/Meshes/SK_210019_Body01_Skeleton.SK_210019_Body01_Skeleton,241
NPC/Class_A/210020/Default,NPC,NPC/Class_A/210020,Default,Default,Role,SilverPalace/Content/ArtRes/CharRes/NPC/Class_A/210020/Role/Meshes/SK_210020_Body01.SK_210020_Body01,SK_210020_Body01,SkeletalMesh,5,14006,SilverPalace/Content/ArtRes/CharRes/NPC/Class_A/210020/Role/Meshes/SK_210020_Body01_Skeleton.SK_210020_Body01_Skeleton,195
NPC/Class_A/210020/Default,NPC,NPC/Class_A/210020,Default,Default,Role,SilverPalace/Content/ArtRes/CharRes/NPC/Class_A/210020/Role/Meshes/SK_210020_Face01.SK_210020_Face01,SK_210020_Face01,SkeletalMesh,5,3496,SilverPalace/Content/ArtRes/CharRes/NPC/Class_A/210020/Role/Meshes/SK_210020_Body01_Skeleton.SK_210020_Body01_Skeleton,195
NPC/Class_A/210020/Default,NPC,NPC/Class_A/210020,Default,Default,Role,SilverPalace/Content/ArtRes/CharRes/NPC/Class_A/210020/Role/Meshes/SK_210020_Hair01.SK_210020_Hair01,SK_210020_Hair01,SkeletalMesh,5,4107,SilverPalace/Content/ArtRes/CharRes/NPC/Class_A/210020/Role/Meshes/SK_210020_Body01_Skeleton.SK_210020_Body01_Skeleton,195
NPC/Class_A/210020/Default,NPC,NPC/Class_A/210020,Default,Default,Role,SilverPalace/Content/ArtRes/CharRes/NPC/Class_A/210020/Role/Meshes/SK_210020_Hat01.SK_210020_Hat01,SK_210020_Hat01,SkeletalMesh,5,1086,SilverPalace/Content/ArtRes/CharRes/NPC/Class_A/210020/Role/Meshes/SK_210020_Body01_Skeleton.SK_210020_Body01_Skeleton,195
NPC/Class_A/210021/Default,NPC,NPC/Class_A/210021,Default,Default,Role,SilverPalace/Content/ArtRes/CharRes/NPC/Class_A/210021/Role/Meshes/SK_210021_Body01.SK_210021_Body01,SK_210021_Body01,SkeletalMesh,5,15249,SilverPalace/Content/ArtRes/CharRes/NPC/Class_A/210021/Role/Meshes/SK_210021_Body01_Skeleton.SK_210021_Body01_Skeleton,237
NPC/Class_A/210021/Default,NPC,NPC/Class_A/210021,Default,Default,Role,SilverPalace/Content/ArtRes/CharRes/NPC/Class_A/210021/Role/Meshes/SK_210021_Face01.SK_210021_Face01,SK_210021_Face01,SkeletalMesh,5,3462,SilverPalace/Content/ArtRes/CharRes/NPC/Class_A/210021/Role/Meshes/SK_210021_Body01_Skeleton.SK_210021_Body01_Skeleton,237
NPC/Class_A/210021/Default,NPC,NPC/Class_A/210021,Default,Default,Role,SilverPalace/Content/ArtRes/CharRes/NPC/Class_A/210021/Role/Meshes/SK_210021_Hair01.SK_210021_Hair01,SK_210021_Hair01,SkeletalMesh,5,4279,SilverPalace/Content/ArtRes/CharRes/NPC/Class_A/210021/Role/Meshes/SK_210021_Body01_Skeleton.SK_210021_Body01_Skeleton,237
NPC/Class_A/210021/Default,NPC,NPC/Class_A/210021,Default,Default,Role,SilverPalace/Content/ArtRes/CharRes/NPC/Class_A/210021/Role/Meshes/SK_210021_Hat01.SK_210021_Hat01,SK_210021_Hat01,SkeletalMesh,5,934,SilverPalace/Content/ArtRes/CharRes/NPC/Class_A/210021/Role/Meshes/SK_210021_Body01_Skeleton.SK_210021_Body01_Skeleton,237
NPC/Class_A/210022/Default,NPC,NPC/Class_A/210022,Default,Default,Role,SilverPalace/Content/ArtRes/CharRes/NPC/Class_A/210022/Role/Meshes/SK_210022_Body01.SK_210022_Body01,SK_210022_Body01,SkeletalMesh,5,13586,SilverPalace/Content/ArtRes/CharRes/NPC/Class_A/210022/Role/Meshes/SK_210022_Body01_Skeleton.SK_210022_Body01_Skeleton,264
NPC/Class_A/210022/Default,NPC,NPC/Class_A/210022,Default,Default,Role,SilverPalace/Content/ArtRes/CharRes/NPC/Class_A/210022/Role/Meshes/SK_210022_Face01.SK_210022_Face01,SK_210022_Face01,SkeletalMesh,5,3450,SilverPalace/Content/ArtRes/CharRes/NPC/Class_A/210022/Role/Meshes/SK_210022_Body01_Skeleton.SK_210022_Body01_Skeleton,264
NPC/Class_A/210022/Default,NPC,NPC/Class_A/210022,Default,Default,Role,SilverPalace/Content/ArtRes/CharRes/NPC/Class_A/210022/Role/Meshes/SK_210022_Hair01.SK_210022_Hair01,SK_210022_Hair01,SkeletalMesh,5,11167,SilverPalace/Content/ArtRes/CharRes/NPC/Class_A/210022/Role/Meshes/SK_210022_Body01_Skeleton.SK_210022_Body01_Skeleton,264
NPC/Class_A/210023/Default,NPC,NPC/Class_A/210023,Default,Default,Role,SilverPalace/Content/ArtRes/CharRes/NPC/Class_A/210023/Role/Meshes/SK_210023_Body01.SK_210023_Body01,SK_210023_Body01,SkeletalMesh,5,17430,SilverPalace/Content/ArtRes/CharRes/NPC/Class_A/210023/Role/Meshes/SK_210023_Body01_Skeleton.SK_210023_Body01_Skeleton,285
NPC/Class_A/210023/Default,NPC,NPC/Class_A/210023,Default,Default,Role,SilverPalace/Content/ArtRes/CharRes/NPC/Class_A/210023/Role/Meshes/SK_210023_Face01.SK_210023_Face01,SK_210023_Face01,SkeletalMesh,5,3450,SilverPalace/Content/ArtRes/CharRes/NPC/Class_A/210023/Role/Meshes/SK_210023_Body01_Skeleton.SK_210023_Body01_Skeleton,285
NPC/Class_A/210023/Default,NPC,NPC/Class_A/210023,Default,Default,Role,SilverPalace/Content/ArtRes/CharRes/NPC/Class_A/210023/Role/Meshes/SK_210023_Hair01.SK_210023_Hair01,SK_210023_Hair01,SkeletalMesh,5,10415,SilverPalace/Content/ArtRes/CharRes/NPC/Class_A/210023/Role/Meshes/SK_210023_Body01_Skeleton.SK_210023_Body01_Skeleton,285
NPC/Class_A/210023/Default,NPC,NPC/Class_A/210023,Default,Default,Role,SilverPalace/Content/ArtRes/CharRes/NPC/Class_A/210023/Role/Meshes/SK_210023_Hat01.SK_210023_Hat01,SK_210023_Hat01,SkeletalMesh,5,1000,SilverPalace/Content/ArtRes/CharRes/NPC/Class_A/210023/Role/Meshes/SK_210023_Body01_Skeleton.SK_210023_Body01_Skeleton,285
NPC/Class_A/210024/Default,NPC,NPC/Class_A/210024,Default,Default,Role,SilverPalace/Content/ArtRes/CharRes/NPC/Class_A/210024/Role/Meshes/SK_210024_Body01.SK_210024_Body01,SK_210024_Body01,SkeletalMesh,5,29384,SilverPalace/Content/ArtRes/CharRes/NPC/Class_A/210024/Role/Meshes/SK_210024_Body01_Skeleton.SK_210024_Body01_Skeleton,208
NPC/Class_A/210024/Default,NPC,NPC/Class_A/210024,Default,Default,Role,SilverPalace/Content/ArtRes/CharRes/NPC/Class_A/210024/Role/Meshes/SK_210024_Face01.SK_210024_Face01,SK_210024_Face01,SkeletalMesh,5,3496,SilverPalace/Content/ArtRes/CharRes/NPC/Class_A/210024/Role/Meshes/SK_210024_Body01_Skeleton.SK_210024_Body01_Skeleton,208
NPC/Class_A/210024/Default,NPC,NPC/Class_A/210024,Default,Default,Role,SilverPalace/Content/ArtRes/CharRes/NPC/Class_A/210024/Role/Meshes/SK_210024_Hair01.SK_210024_Hair01,SK_210024_Hair01,SkeletalMesh,5,6363,SilverPalace/Content/ArtRes/CharRes/NPC/Class_A/210024/Role/Meshes/SK_210024_Body01_Skeleton.SK_210024_Body01_Skeleton,208
NPC/Class_A/210025/Default,NPC,NPC/Class_A/210025,Default,Default,Role,SilverPalace/Content/ArtRes/CharRes/NPC/Class_A/210025/Role/Meshes/SK_210025_Body01.SK_210025_Body01,SK_210025_Body01,SkeletalMesh,5,16808,SilverPalace/Content/ArtRes/CharRes/NPC/Class_A/210025/Role/Meshes/SK_210025_Body01_Skeleton.SK_210025_Body01_Skeleton,249
NPC/Class_A/210025/Default,NPC,NPC/Class_A/210025,Default,Default,Role,SilverPalace/Content/ArtRes/CharRes/NPC/Class_A/210025/Role/Meshes/SK_210025_Face01.SK_210025_Face01,SK_210025_Face01,SkeletalMesh,5,3492,SilverPalace/Content/ArtRes/CharRes/NPC/Class_A/210025/Role/Meshes/SK_210025_Body01_Skeleton.SK_210025_Body01_Skeleton,245
NPC/Class_A/210025/Default,NPC,NPC/Class_A/210025,Default,Default,Role,SilverPalace/Content/ArtRes/CharRes/NPC/Class_A/210025/Role/Meshes/SK_210025_Hair01.SK_210025_Hair01,SK_210025_Hair01,SkeletalMesh,5,5441,SilverPalace/Content/ArtRes/CharRes/NPC/Class_A/210025/Role/Meshes/SK_210025_Body01_Skeleton.SK_210025_Body01_Skeleton,245
NPC/Class_A/210026/Default,NPC,NPC/Class_A/210026,Default,Default,Role,SilverPalace/Content/ArtRes/CharRes/NPC/Class_A/210026/Role/Meshes/SK_210026_Body01.SK_210026_Body01,SK_210026_Body01,SkeletalMesh,5,14303,SilverPalace/Content/ArtRes/CharRes/NPC/Class_A/210026/Role/Meshes/SK_210026_Body01_Skeleton.SK_210026_Body01_Skeleton,292
NPC/Class_A/210026/Default,NPC,NPC/Class_A/210026,Default,Default,Role,SilverPalace/Content/ArtRes/CharRes/NPC/Class_A/210026/Role/Meshes/SK_210026_Face01.SK_210026_Face01,SK_210026_Face01,SkeletalMesh,5,3492,SilverPalace/Content/ArtRes/CharRes/NPC/Class_A/210026/Role/Meshes/SK_210026_Body01_Skeleton.SK_210026_Body01_Skeleton,292
NPC/Class_A/210026/Default,NPC,NPC/Class_A/210026,Default,Default,Role,SilverPalace/Content/ArtRes/CharRes/NPC/Class_A/210026/Role/Meshes/SK_210026_Hair01.SK_210026_Hair01,SK_210026_Hair01,SkeletalMesh,5,6412,SilverPalace/Content/ArtRes/CharRes/NPC/Class_A/210026/Role/Meshes/SK_210026_Body01_Skeleton.SK_210026_Body01_Skeleton,292
NPC/Class_A/210027/Default,NPC,NPC/Class_A/210027,Default,Default,Role,SilverPalace/Content/ArtRes/CharRes/NPC/Class_A/210027/Role/Meshes/SK_210027_Body01.SK_210027_Body01,SK_210027_Body01,SkeletalMesh,5,14744,SilverPalace/Content/ArtRes/CharRes/NPC/Class_A/210027/Role/Meshes/SK_210027_Body01_Skeleton.SK_210027_Body01_Skeleton,223
NPC/Class_A/210027/Default,NPC,NPC/Class_A/210027,Default,Default,Role,SilverPalace/Content/ArtRes/CharRes/NPC/Class_A/210027/Role/Meshes/SK_210027_Face01.SK_210027_Face01,SK_210027_Face01,SkeletalMesh,5,3500,SilverPalace/Content/ArtRes/CharRes/NPC/Class_A/210027/Role/Meshes/SK_210027_Body01_Skeleton.SK_210027_Body01_Skeleton,223
NPC/Class_A/210027/Default,NPC,NPC/Class_A/210027,Default,Default,Role,SilverPalace/Content/ArtRes/CharRes/NPC/Class_A/210027/Role/Meshes/SK_210027_Hair01.SK_210027_Hair01,SK_210027_Hair01,SkeletalMesh,5,6283,SilverPalace/Content/ArtRes/CharRes/NPC/Class_A/210027/Role/Meshes/SK_210027_Body01_Skeleton.SK_210027_Body01_Skeleton,223
NPC/Class_A/210028/Default,NPC,NPC/Class_A/210028,Default,Default,Role,SilverPalace/Content/ArtRes/CharRes/NPC/Class_A/210028/Role/Meshes/SK_210028_Body01.SK_210028_Body01,SK_210028_Body01,SkeletalMesh,5,12042,SilverPalace/Content/ArtRes/CharRes/NPC/Class_A/210028/Role/Meshes/SK_210028_Body01_Skeleton.SK_210028_Body01_Skeleton,236
NPC/Class_A/210028/Default,NPC,NPC/Class_A/210028,Default,Default,Role,SilverPalace/Content/ArtRes/CharRes/NPC/Class_A/210028/Role/Meshes/SK_210028_Face01.SK_210028_Face01,SK_210028_Face01,SkeletalMesh,5,3496,SilverPalace/Content/ArtRes/CharRes/NPC/Class_A/210028/Role/Meshes/SK_210028_Body01_Skeleton.SK_210028_Body01_Skeleton,236
NPC/Class_A/210028/Default,NPC,NPC/Class_A/210028,Default,Default,Role,SilverPalace/Content/ArtRes/CharRes/NPC/Class_A/210028/Role/Meshes/SK_210028_Hair01.SK_210028_Hair01,SK_210028_Hair01,SkeletalMesh,5,5051,SilverPalace/Content/ArtRes/CharRes/NPC/Class_A/210028/Role/Meshes/SK_210028_Body01_Skeleton.SK_210028_Body01_Skeleton,236
NPC/Class_A/210028/Default,NPC,NPC/Class_A/210028,Default,Default,Role,SilverPalace/Content/ArtRes/CharRes/NPC/Class_A/210028/Role/Meshes/SK_210028_Hat01.SK_210028_Hat01,SK_210028_Hat01,SkeletalMesh,5,934,SilverPalace/Content/ArtRes/CharRes/NPC/Class_A/210028/Role/Meshes/SK_210028_Body01_Skeleton.SK_210028_Body01_Skeleton,236
NPC/Class_A/210029/Default,NPC,NPC/Class_A/210029,Default,Default,Role,SilverPalace/Content/ArtRes/CharRes/NPC/Class_A/210029/Role/Meshes/SK_210029_Body01.SK_210029_Body01,SK_210029_Body01,SkeletalMesh,5,13144,SilverPalace/Content/ArtRes/CharRes/NPC/Class_A/210029/Role/Meshes/SK_210029_Body01_Skeleton.SK_210029_Body01_Skeleton,260
NPC/Class_A/210029/Default,NPC,NPC/Class_A/210029,Default,Default,Role,SilverPalace/Content/ArtRes/CharRes/NPC/Class_A/210029/Role/Meshes/SK_210029_Face01.SK_210029_Face01,SK_210029_Face01,SkeletalMesh,5,3478,SilverPalace/Content/ArtRes/CharRes/NPC/Class_A/210029/Role/Meshes/SK_210029_Body01_Skeleton.SK_210029_Body01_Skeleton,260
NPC/Class_A/210029/Default,NPC,NPC/Class_A/210029,Default,Default,Role,SilverPalace/Content/ArtRes/CharRes/NPC/Class_A/210029/Role/Meshes/SK_210029_Hair01.SK_210029_Hair01,SK_210029_Hair01,SkeletalMesh,5,6412,SilverPalace/Content/ArtRes/CharRes/NPC/Class_A/210029/Role/Meshes/SK_210029_Body01_Skeleton.SK_210029_Body01_Skeleton,260
NPC/Class_A/210030/Default,NPC,NPC/Class_A/210030,Default,Default,Role,SilverPalace/Content/ArtRes/CharRes/NPC/Class_A/210030/Role/Meshes/SK_210030_Body01.SK_210030_Body01,SK_210030_Body01,SkeletalMesh,5,11911,SilverPalace/Content/ArtRes/CharRes/NPC/Class_A/210030/Role/Meshes/SK_210030_Body01_Skeleton.SK_210030_Body01_Skeleton,256
NPC/Class_A/210030/Default,NPC,NPC/Class_A/210030,Default,Default,Role,SilverPalace/Content/ArtRes/CharRes/NPC/Class_A/210030/Role/Meshes/SK_210030_Face01.SK_210030_Face01,SK_210030_Face01,SkeletalMesh,5,3496,SilverPalace/Content/ArtRes/CharRes/NPC/Class_A/210030/Role/Meshes/SK_210030_Body01_Skeleton.SK_210030_Body01_Skeleton,256
NPC/Class_A/210030/Default,NPC,NPC/Class_A/210030,Default,Default,Role,SilverPalace/Content/ArtRes/CharRes/NPC/Class_A/210030/Role/Meshes/SK_210030_Hair01.SK_210030_Hair01,SK_210030_Hair01,SkeletalMesh,5,6236,SilverPalace/Content/ArtRes/CharRes/NPC/Class_A/210030/Role/Meshes/SK_210030_Body01_Skeleton.SK_210030_Body01_Skeleton,256
NPC/Class_A/210031/Default,NPC,NPC/Class_A/210031,Default,Default,Role,SilverPalace/Content/ArtRes/CharRes/NPC/Class_A/210031/Role/Meshes/SK_210031_Body01.SK_210031_Body01,SK_210031_Body01,SkeletalMesh,5,32052,SilverPalace/Content/ArtRes/CharRes/NPC/Class_A/210031/Role/Meshes/SK_210031_Body01_Skeleton.SK_210031_Body01_Skeleton,191
NPC/Class_A/210031/Default,NPC,NPC/Class_A/210031,Default,Default,Role,SilverPalace/Content/ArtRes/CharRes/NPC/Class_A/210031/Role/Meshes/SK_210031_Face01.SK_210031_Face01,SK_210031_Face01,SkeletalMesh,5,3486,SilverPalace/Content/ArtRes/CharRes/NPC/Class_A/210031/Role/Meshes/SK_210031_Body01_Skeleton.SK_210031_Body01_Skeleton,191
NPC/Class_A/210031/Default,NPC,NPC/Class_A/210031,Default,Default,Role,SilverPalace/Content/ArtRes/CharRes/NPC/Class_A/210031/Role/Meshes/SK_210031_Hair01.SK_210031_Hair01,SK_210031_Hair01,SkeletalMesh,5,3980,SilverPalace/Content/ArtRes/CharRes/NPC/Class_A/210031/Role/Meshes/SK_210031_Body01_Skeleton.SK_210031_Body01_Skeleton,191
NPC/Class_A/210032/Default,NPC,NPC/Class_A/210032,Default,Default,Role,SilverPalace/Content/ArtRes/CharRes/NPC/Class_A/210032/Role/Meshes/SK_210032_Body01.SK_210032_Body01,SK_210032_Body01,SkeletalMesh,5,25069,SilverPalace/Content/ArtRes/CharRes/NPC/Class_A/210032/Role/Meshes/SK_210032_Body01_Skeleton.SK_210032_Body01_Skeleton,191
NPC/Class_A/210032/Default,NPC,NPC/Class_A/210032,Default,Default,Role,SilverPalace/Content/ArtRes/CharRes/NPC/Class_A/210032/Role/Meshes/SK_210032_Face01.SK_210032_Face01,SK_210032_Face01,SkeletalMesh,5,3422,SilverPalace/Content/ArtRes/CharRes/NPC/Class_A/210032/Role/Meshes/SK_210032_Body01_Skeleton.SK_210032_Body01_Skeleton,191
NPC/Class_A/210032/Default,NPC,NPC/Class_A/210032,Default,Default,Role,SilverPalace/Content/ArtRes/CharRes/NPC/Class_A/210032/Role/Meshes/SK_210032_Hair01.SK_210032_Hair01,SK_210032_Hair01,SkeletalMesh,5,3980,SilverPalace/Content/ArtRes/CharRes/NPC/Class_A/210032/Role/Meshes/SK_210032_Body01_Skeleton.SK_210032_Body01_Skeleton,191
NPC/Class_A/210033/Default,NPC,NPC/Class_A/210033,Default,Default,Role,SilverPalace/Content/ArtRes/CharRes/NPC/Class_A/210033/Role/Meshes/SK_210033_Body01.SK_210033_Body01,SK_210033_Body01,SkeletalMesh,5,25069,SilverPalace/Content/ArtRes/CharRes/NPC/Class_A/210033/Role/Meshes/SK_210033_Body01_Skeleton.SK_210033_Body01_Skeleton,228
NPC/Class_A/210033/Default,NPC,NPC/Class_A/210033,Default,Default,Role,SilverPalace/Content/ArtRes/CharRes/NPC/Class_A/210033/Role/Meshes/SK_210033_Face01.SK_210033_Face01,SK_210033_Face01,SkeletalMesh,5,3496,SilverPalace/Content/ArtRes/CharRes/NPC/Class_A/210033/Role/Meshes/SK_210033_Body01_Skeleton.SK_210033_Body01_Skeleton,228
NPC/Class_A/210033/Default,NPC,NPC/Class_A/210033,Default,Default,Role,SilverPalace/Content/ArtRes/CharRes/NPC/Class_A/210033/Role/Meshes/SK_210033_Hair01.SK_210033_Hair01,SK_210033_Hair01,SkeletalMesh,5,6283,SilverPalace/Content/ArtRes/CharRes/NPC/Class_A/210033/Role/Meshes/SK_210033_Body01_Skeleton.SK_210033_Body01_Skeleton,228
NPC/Class_A/210034/Default,NPC,NPC/Class_A/210034,Default,Default,Role,SilverPalace/Content/ArtRes/CharRes/NPC/Class_A/210034/Role/Meshes/SK_210034_Body01.SK_210034_Body01,SK_210034_Body01,SkeletalMesh,5,18789,SilverPalace/Content/ArtRes/CharRes/NPC/Class_A/210034/Role/Meshes/SK_210034_Body01_Skeleton.SK_210034_Body01_Skeleton,286
NPC/Class_A/210034/Default,NPC,NPC/Class_A/210034,Default,Default,Role,SilverPalace/Content/ArtRes/CharRes/NPC/Class_A/210034/Role/Meshes/SK_210034_Face01.SK_210034_Face01,SK_210034_Face01,SkeletalMesh,5,3462,SilverPalace/Content/ArtRes/CharRes/NPC/Class_A/210034/Role/Meshes/SK_210034_Body01_Skeleton.SK_210034_Body01_Skeleton,286
NPC/Class_A/210034/Default,NPC,NPC/Class_A/210034,Default,Default,Role,SilverPalace/Content/ArtRes/CharRes/NPC/Class_A/210034/Role/Meshes/SK_210034_Hair01.SK_210034_Hair01,SK_210034_Hair01,SkeletalMesh,5,8698,SilverPalace/Content/ArtRes/CharRes/NPC/Class_A/210034/Role/Meshes/SK_210034_Body01_Skeleton.SK_210034_Body01_Skeleton,286
NPC/Class_A/210034/Default,NPC,NPC/Class_A/210034,Default,Default,Role,SilverPalace/Content/ArtRes/CharRes/NPC/Class_A/210034/Role/Meshes/SK_210034_Hat01.SK_210034_Hat01,SK_210034_Hat01,SkeletalMesh,5,1906,SilverPalace/Content/ArtRes/CharRes/NPC/Class_A/210034/Role/Meshes/SK_210034_Body01_Skeleton.SK_210034_Body01_Skeleton,286
NPC/Class_A/210035/Default,NPC,NPC/Class_A/210035,Default,Default,Role,SilverPalace/Content/ArtRes/CharRes/NPC/Class_A/210035/Role/Meshes/SK_210035_Body01.SK_210035_Body01,SK_210035_Body01,SkeletalMesh,5,19420,SilverPalace/Content/ArtRes/CharRes/NPC/Class_A/210035/Role/Meshes/SK_210035_Body01_Skeleton.SK_210035_Body01_Skeleton,319
NPC/Class_A/210035/Default,NPC,NPC/Class_A/210035,Default,Default,Role,SilverPalace/Content/ArtRes/CharRes/NPC/Class_A/210035/Role/Meshes/SK_210035_Face01.SK_210035_Face01,SK_210035_Face01,SkeletalMesh,5,3492,SilverPalace/Content/ArtRes/CharRes/NPC/Class_A/210035/Role/Meshes/SK_210035_Body01_Skeleton.SK_210035_Body01_Skeleton,319
NPC/Class_A/210035/Default,NPC,NPC/Class_A/210035,Default,Default,Role,SilverPalace/Content/ArtRes/CharRes/NPC/Class_A/210035/Role/Meshes/SK_210035_Hair01.SK_210035_Hair01,SK_210035_Hair01,SkeletalMesh,5,11583,SilverPalace/Content/ArtRes/CharRes/NPC/Class_A/210035/Role/Meshes/SK_210035_Body01_Skeleton.SK_210035_Body01_Skeleton,319
NPC/Class_A/210035/Default,NPC,NPC/Class_A/210035,Default,Default,Role,SilverPalace/Content/ArtRes/CharRes/NPC/Class_A/210035/Role/Meshes/SK_210035_Hat01.SK_210035_Hat01,SK_210035_Hat01,SkeletalMesh,5,1000,SilverPalace/Content/ArtRes/CharRes/NPC/Class_A/210035/Role/Meshes/SK_210035_Body01_Skeleton.SK_210035_Body01_Skeleton,319
NPC/Class_A/210036/Default,NPC,NPC/Class_A/210036,Default,Default,Role,SilverPalace/Content/ArtRes/CharRes/NPC/Class_A/210036/Role/Meshes/SK_210036_Body01.SK_210036_Body01,SK_210036_Body01,SkeletalMesh,5,18255,SilverPalace/Content/ArtRes/CharRes/NPC/Class_A/210036/Role/Meshes/SK_210036_Body01_Skeleton.SK_210036_Body01_Skeleton,236
NPC/Class_A/210036/Default,NPC,NPC/Class_A/210036,Default,Default,Role,SilverPalace/Content/ArtRes/CharRes/NPC/Class_A/210036/Role/Meshes/SK_210036_Face01.SK_210036_Face01,SK_210036_Face01,SkeletalMesh,5,3422,SilverPalace/Content/ArtRes/CharRes/NPC/Class_A/210036/Role/Meshes/SK_210036_Body01_Skeleton.SK_210036_Body01_Skeleton,236
NPC/Class_A/210036/Default,NPC,NPC/Class_A/210036,Default,Default,Role,SilverPalace/Content/ArtRes/CharRes/NPC/Class_A/210036/Role/Meshes/SK_210036_Hair01.SK_210036_Hair01,SK_210036_Hair01,SkeletalMesh,5,7559,SilverPalace/Content/ArtRes/CharRes/NPC/Class_A/210036/Role/Meshes/SK_210036_Body01_Skeleton.SK_210036_Body01_Skeleton,236
NPC/Class_A/210036/Default,NPC,NPC/Class_A/210036,Default,Default,Role,SilverPalace/Content/ArtRes/CharRes/NPC/Class_A/210036/Role/Meshes/SK_210036_Hat01.SK_210036_Hat01,SK_210036_Hat01,SkeletalMesh,5,1482,SilverPalace/Content/ArtRes/CharRes/NPC/Class_A/210036/Role/Meshes/SK_210036_Body01_Skeleton.SK_210036_Body01_Skeleton,236
NPC/Class_A/210037/Default,NPC,NPC/Class_A/210037,Default,Default,Role,SilverPalace/Content/ArtRes/CharRes/NPC/Class_A/210037/Role/Meshes/SK_210037_Body01.SK_210037_Body01,SK_210037_Body01,SkeletalMesh,5,13770,SilverPalace/Content/ArtRes/CharRes/NPC/Class_A/210037/Role/Meshes/SK_210037_Body01_Skeleton.SK_210037_Body01_Skeleton,201
NPC/Class_A/210037/Default,NPC,NPC/Class_A/210037,Default,Default,Role,SilverPalace/Content/ArtRes/CharRes/NPC/Class_A/210037/Role/Meshes/SK_210037_Face01.SK_210037_Face01,SK_210037_Face01,SkeletalMesh,5,3486,SilverPalace/Content/ArtRes/CharRes/NPC/Class_A/210037/Role/Meshes/SK_210037_Body01_Skeleton.SK_210037_Body01_Skeleton,201
NPC/Class_A/210037/Default,NPC,NPC/Class_A/210037,Default,Default,Role,SilverPalace/Content/ArtRes/CharRes/NPC/Class_A/210037/Role/Meshes/SK_210037_Hair01.SK_210037_Hair01,SK_210037_Hair01,SkeletalMesh,5,6283,SilverPalace/Content/ArtRes/CharRes/NPC/Class_A/210037/Role/Meshes/SK_210037_Body01_Skeleton.SK_210037_Body01_Skeleton,201
NPC/Class_A/210038/Default,NPC,NPC/Class_A/210038,Default,Default,Role,SilverPalace/Content/ArtRes/CharRes/NPC/Class_A/210038/Role/Meshes/SK_210038_Body01.SK_210038_Body01,SK_210038_Body01,SkeletalMesh,5,18789,SilverPalace/Content/ArtRes/CharRes/NPC/Class_A/210038/Role/Meshes/SK_210038_Body01_Skeleton.SK_210038_Body01_Skeleton,266
NPC/Class_A/210038/Default,NPC,NPC/Class_A/210038,Default,Default,Role,SilverPalace/Content/ArtRes/CharRes/NPC/Class_A/210038/Role/Meshes/SK_210038_Face01.SK_210038_Face01,SK_210038_Face01,SkeletalMesh,5,3496,SilverPalace/Content/ArtRes/CharRes/NPC/Class_A/210038/Role/Meshes/SK_210038_Body01_Skeleton.SK_210038_Body01_Skeleton,266
NPC/Class_A/210038/Default,NPC,NPC/Class_A/210038,Default,Default,Role,SilverPalace/Content/ArtRes/CharRes/NPC/Class_A/210038/Role/Meshes/SK_210038_Hair01.SK_210038_Hair01,SK_210038_Hair01,SkeletalMesh,5,4566,SilverPalace/Content/ArtRes/CharRes/NPC/Class_A/210038/Role/Meshes/SK_210038_Body01_Skeleton.SK_210038_Body01_Skeleton,266
NPC/Class_A/210038/Default,NPC,NPC/Class_A/210038,Default,Default,Role,SilverPalace/Content/ArtRes/CharRes/NPC/Class_A/210038/Role/Meshes/SK_210038_Hat01.SK_210038_Hat01,SK_210038_Hat01,SkeletalMesh,5,1906,SilverPalace/Content/ArtRes/CharRes/NPC/Class_A/210038/Role/Meshes/SK_210038_Body01_Skeleton.SK_210038_Body01_Skeleton,266
NPC/Class_A/210039/Default,NPC,NPC/Class_A/210039,Default,Default,Role,SilverPalace/Content/ArtRes/CharRes/NPC/Class_A/210039/Role/Meshes/SK_210039_Body01.SK_210039_Body01,SK_210039_Body01,SkeletalMesh,5,12470,SilverPalace/Content/ArtRes/CharRes/NPC/Class_A/210039/Role/Meshes/SK_210039_Body01_Skeleton.SK_210039_Body01_Skeleton,209
NPC/Class_A/210039/Default,NPC,NPC/Class_A/210039,Default,Default,Role,SilverPalace/Content/ArtRes/CharRes/NPC/Class_A/210039/Role/Meshes/SK_210039_Face01.SK_210039_Face01,SK_210039_Face01,SkeletalMesh,5,3428,SilverPalace/Content/ArtRes/CharRes/NPC/Class_A/210039/Role/Meshes/SK_210039_Body01_Skeleton.SK_210039_Body01_Skeleton,209
NPC/Class_A/210039/Default,NPC,NPC/Class_A/210039,Default,Default,Role,SilverPalace/Content/ArtRes/CharRes/NPC/Class_A/210039/Role/Meshes/SK_210039_Hair01.SK_210039_Hair01,SK_210039_Hair01,SkeletalMesh,5,6974,SilverPalace/Content/ArtRes/CharRes/NPC/Class_A/210039/Role/Meshes/SK_210039_Body01_Skeleton.SK_210039_Body01_Skeleton,209
NPC/Class_A/210039/Default,NPC,NPC/Class_A/210039,Default,Default,Role,SilverPalace/Content/ArtRes/CharRes/NPC/Class_A/210039/Role/Meshes/SK_210039_Hat01.SK_210039_Hat01,SK_210039_Hat01,SkeletalMesh,5,1472,SilverPalace/Content/ArtRes/CharRes/NPC/Class_A/210039/Role/Meshes/SK_210039_Body01_Skeleton.SK_210039_Body01_Skeleton,209
NPC/Class_A/210040/Default,NPC,NPC/Class_A/210040,Default,Default,Role,SilverPalace/Content/ArtRes/CharRes/NPC/Class_A/210040/Role/Meshes/SK_210040_Body01.SK_210040_Body01,SK_210040_Body01,SkeletalMesh,5,12192,SilverPalace/Content/ArtRes/CharRes/NPC/Class_A/210040/Role/Meshes/SK_210040_Body01_Skeleton.SK_210040_Body01_Skeleton,240
NPC/Class_A/210040/Default,NPC,NPC/Class_A/210040,Default,Default,Role,SilverPalace/Content/ArtRes/CharRes/NPC/Class_A/210040/Role/Meshes/SK_210040_Face01.SK_210040_Face01,SK_210040_Face01,SkeletalMesh,5,3428,SilverPalace/Content/ArtRes/CharRes/NPC/Class_A/210040/Role/Meshes/SK_210040_Body01_Skeleton.SK_210040_Body01_Skeleton,240
NPC/Class_A/210040/Default,NPC,NPC/Class_A/210040,Default,Default,Role,SilverPalace/Content/ArtRes/CharRes/NPC/Class_A/210040/Role/Meshes/SK_210040_Hair01.SK_210040_Hair01,SK_210040_Hair01,SkeletalMesh,5,6283,SilverPalace/Content/ArtRes/CharRes/NPC/Class_A/210040/Role/Meshes/SK_210040_Body01_Skeleton.SK_210040_Body01_Skeleton,240
NPC/Class_A/210041/Default,NPC,NPC/Class_A/210041,Default,Default,Role,SilverPalace/Content/ArtRes/CharRes/NPC/Class_A/210041/Role/Meshes/SK_210041_Body01.SK_210041_Body01,SK_210041_Body01,SkeletalMesh,5,32772,SilverPalace/Content/ArtRes/CharRes/NPC/Class_A/210041/Role/Meshes/SK_210041_Body01_Skeleton.SK_210041_Body01_Skeleton,223
NPC/Class_A/210041/Default,NPC,NPC/Class_A/210041,Default,Default,Role,SilverPalace/Content/ArtRes/CharRes/NPC/Class_A/210041/Role/Meshes/SK_210041_Face01.SK_210041_Face01,SK_210041_Face01,SkeletalMesh,5,3483,SilverPalace/Content/ArtRes/CharRes/NPC/Class_A/210041/Role/Meshes/SK_210041_Body01_Skeleton.SK_210041_Body01_Skeleton,223
NPC/Class_A/210041/Default,NPC,NPC/Class_A/210041,Default,Default,Role,SilverPalace/Content/ArtRes/CharRes/NPC/Class_A/210041/Role/Meshes/SK_210041_Hair01.SK_210041_Hair01,SK_210041_Hair01,SkeletalMesh,5,6283,SilverPalace/Content/ArtRes/CharRes/NPC/Class_A/210041/Role/Meshes/SK_210041_Body01_Skeleton.SK_210041_Body01_Skeleton,223
NPC/Class_A/210042/Default,NPC,NPC/Class_A/210042,Default,Default,Role,SilverPalace/Content/ArtRes/CharRes/NPC/Class_A/210042/Role/Meshes/SK_210042_Body01.SK_210042_Body01,SK_210042_Body01,SkeletalMesh,5,11406,SilverPalace/Content/ArtRes/CharRes/NPC/Class_A/210042/Role/Meshes/SK_210042_Body01_Skeleton.SK_210042_Body01_Skeleton,221
NPC/Class_A/210042/Default,NPC,NPC/Class_A/210042,Default,Default,Role,SilverPalace/Content/ArtRes/CharRes/NPC/Class_A/210042/Role/Meshes/SK_210042_Face01.SK_210042_Face01,SK_210042_Face01,SkeletalMesh,5,3468,SilverPalace/Content/ArtRes/CharRes/NPC/Class_A/210042/Role/Meshes/SK_210042_Body01_Skeleton.SK_210042_Body01_Skeleton,221
NPC/Class_A/210042/Default,NPC,NPC/Class_A/210042,Default,Default,Role,SilverPalace/Content/ArtRes/CharRes/NPC/Class_A/210042/Role/Meshes/SK_210042_Hair01.SK_210042_Hair01,SK_210042_Hair01,SkeletalMesh,5,6883,SilverPalace/Content/ArtRes/CharRes/NPC/Class_A/210042/Role/Meshes/SK_210042_Body01_Skeleton.SK_210042_Body01_Skeleton,221
NPC/Class_A/210043/Default,NPC,NPC/Class_A/210043,Default,Default,Role,SilverPalace/Content/ArtRes/CharRes/NPC/Class_A/210043/Role/Meshes/SK_210043_Body01.SK_210043_Body01,SK_210043_Body01,SkeletalMesh,5,14775,SilverPalace/Content/ArtRes/CharRes/NPC/Class_A/210043/Role/Meshes/SK_210043_Body01_Skeleton.SK_210043_Body01_Skeleton,190
NPC/Class_A/210043/Default,NPC,NPC/Class_A/210043,Default,Default,Role,SilverPalace/Content/ArtRes/CharRes/NPC/Class_A/210043/Role/Meshes/SK_210043_Face01.SK_210043_Face01,SK_210043_Face01,SkeletalMesh,5,3496,SilverPalace/Content/ArtRes/CharRes/NPC/Class_A/210043/Role/Meshes/SK_210043_Body01_Skeleton.SK_210043_Body01_Skeleton,190
NPC/Class_A/210043/Default,NPC,NPC/Class_A/210043,Default,Default,Role,SilverPalace/Content/ArtRes/CharRes/NPC/Class_A/210043/Role/Meshes/SK_210043_Hair01.SK_210043_Hair01,SK_210043_Hair01,SkeletalMesh,5,8216,SilverPalace/Content/ArtRes/CharRes/NPC/Class_A/210043/Role/Meshes/SK_210043_Body01_Skeleton.SK_210043_Body01_Skeleton,190
NPC/Class_A/210044/Default,NPC,NPC/Class_A/210044,Default,Default,Role,SilverPalace/Content/ArtRes/CharRes/NPC/Class_A/210044/Role/Meshes/SK_210044_Body01.SK_210044_Body01,SK_210044_Body01,SkeletalMesh,5,32772,SilverPalace/Content/ArtRes/CharRes/NPC/Class_A/210044/Role/Meshes/SK_210044_Body01_Skeleton.SK_210044_Body01_Skeleton,191
NPC/Class_A/210044/Default,NPC,NPC/Class_A/210044,Default,Default,Role,SilverPalace/Content/ArtRes/CharRes/NPC/Class_A/210044/Role/Meshes/SK_210044_Face01.SK_210044_Face01,SK_210044_Face01,SkeletalMesh,5,3422,SilverPalace/Content/ArtRes/CharRes/NPC/Class_A/210044/Role/Meshes/SK_210044_Body01_Skeleton.SK_210044_Body01_Skeleton,191
NPC/Class_A/210044/Default,NPC,NPC/Class_A/210044,Default,Default,Role,SilverPalace/Content/ArtRes/CharRes/NPC/Class_A/210044/Role/Meshes/SK_210044_Hair01.SK_210044_Hair01,SK_210044_Hair01,SkeletalMesh,5,3980,SilverPalace/Content/ArtRes/CharRes/NPC/Class_A/210044/Role/Meshes/SK_210044_Body01_Skeleton.SK_210044_Body01_Skeleton,191
NPC/Class_A/210045/Default,NPC,NPC/Class_A/210045,Default,Default,Role,SilverPalace/Content/ArtRes/CharRes/NPC/Class_A/210045/Role/Meshes/SK_210045_Body01.SK_210045_Body01,SK_210045_Body01,SkeletalMesh,5,13997,SilverPalace/Content/ArtRes/CharRes/NPC/Class_A/210045/Role/Meshes/SK_210045_Body01_Skeleton.SK_210045_Body01_Skeleton,258
NPC/Class_A/210045/Default,NPC,NPC/Class_A/210045,Default,Default,Role,SilverPalace/Content/ArtRes/CharRes/NPC/Class_A/210045/Role/Meshes/SK_210045_Face01.SK_210045_Face01,SK_210045_Face01,SkeletalMesh,5,3462,SilverPalace/Content/ArtRes/CharRes/NPC/Class_A/210045/Role/Meshes/SK_210045_Body01_Skeleton.SK_210045_Body01_Skeleton,258
NPC/Class_A/210045/Default,NPC,NPC/Class_A/210045,Default,Default,Role,SilverPalace/Content/ArtRes/CharRes/NPC/Class_A/210045/Role/Meshes/SK_210045_Hair01.SK_210045_Hair01,SK_210045_Hair01,SkeletalMesh,5,5814,SilverPalace/Content/ArtRes/CharRes/NPC/Class_A/210045/Role/Meshes/SK_210045_Body01_Skeleton.SK_210045_Body01_Skeleton,258
NPC/Class_A/210045/Default,NPC,NPC/Class_A/210045,Default,Default,Role,SilverPalace/Content/ArtRes/CharRes/NPC/Class_A/210045/Role/Meshes/SK_210045_Hat01.SK_210045_Hat01,SK_210045_Hat01,SkeletalMesh,5,934,SilverPalace/Content/ArtRes/CharRes/NPC/Class_A/210045/Role/Meshes/SK_210045_Body01_Skeleton.SK_210045_Body01_Skeleton,258
NPC/Class_A/210046/Default,NPC,NPC/Class_A/210046,Default,Default,Role,SilverPalace/Content/ArtRes/CharRes/NPC/Class_A/210046/Role/Meshes/SK_210046_Body01.SK_210046_Body01,SK_210046_Body01,SkeletalMesh,5,14908,SilverPalace/Content/ArtRes/CharRes/NPC/Class_A/210046/Role/Meshes/SK_210046_Body01_Skeleton.SK_210046_Body01_Skeleton,346
NPC/Class_A/210046/Default,NPC,NPC/Class_A/210046,Default,Default,Role,SilverPalace/Content/ArtRes/CharRes/NPC/Class_A/210046/Role/Meshes/SK_210046_Face01.SK_210046_Face01,SK_210046_Face01,SkeletalMesh,5,3452,SilverPalace/Content/ArtRes/CharRes/NPC/Class_A/210046/Role/Meshes/SK_210046_Body01_Skeleton.SK_210046_Body01_Skeleton,346
NPC/Class_A/210046/Default,NPC,NPC/Class_A/210046,Default,Default,Role,SilverPalace/Content/ArtRes/CharRes/NPC/Class_A/210046/Role/Meshes/SK_210046_Hair01.SK_210046_Hair01,SK_210046_Hair01,SkeletalMesh,5,4925,SilverPalace/Content/ArtRes/CharRes/NPC/Class_A/210046/Role/Meshes/SK_210046_Body01_Skeleton.SK_210046_Body01_Skeleton,346
NPC/Class_A/210046/Default,NPC,NPC/Class_A/210046,Default,Default,Role,SilverPalace/Content/ArtRes/CharRes/NPC/Class_A/210046/Role/Meshes/SK_210046_Hat01.SK_210046_Hat01,SK_210046_Hat01,SkeletalMesh,5,902,SilverPalace/Content/ArtRes/CharRes/NPC/Class_A/210046/Role/Meshes/SK_210046_Body01_Skeleton.SK_210046_Body01_Skeleton,346
NPC/Class_A/210047/Default,NPC,NPC/Class_A/210047,Default,Default,Role,SilverPalace/Content/ArtRes/CharRes/NPC/Class_A/210047/Role/Meshes/SK_210047_Body01.SK_210047_Body01,SK_210047_Body01,SkeletalMesh,5,16946,SilverPalace/Content/ArtRes/CharRes/NPC/Class_A/210047/Role/Meshes/SK_210047_Body01_Skeleton.SK_210047_Body01_Skeleton,387
NPC/Class_A/210047/Default,NPC,NPC/Class_A/210047,Default,Default,Role,SilverPalace/Content/ArtRes/CharRes/NPC/Class_A/210047/Role/Meshes/SK_210047_Face01.SK_210047_Face01,SK_210047_Face01,SkeletalMesh,5,3452,SilverPalace/Content/ArtRes/CharRes/NPC/Class_A/210047/Role/Meshes/SK_210047_Body01_Skeleton.SK_210047_Body01_Skeleton,387
NPC/Class_A/210047/Default,NPC,NPC/Class_A/210047,Default,Default,Role,SilverPalace/Content/ArtRes/CharRes/NPC/Class_A/210047/Role/Meshes/SK_210047_Hair01.SK_210047_Hair01,SK_210047_Hair01,SkeletalMesh,5,13022,SilverPalace/Content/ArtRes/CharRes/NPC/Class_A/210047/Role/Meshes/SK_210047_Body01_Skeleton.SK_210047_Body01_Skeleton,387
NPC/Class_A/210047/Default,NPC,NPC/Class_A/210047,Default,Default,Role,SilverPalace/Content/ArtRes/CharRes/NPC/Class_A/210047/Role/Meshes/SK_210047_Hat01.SK_210047_Hat01,SK_210047_Hat01,SkeletalMesh,5,1050,SilverPalace/Content/ArtRes/CharRes/NPC/Class_A/210047/Role/Meshes/SK_210047_Body01_Skeleton.SK_210047_Body01_Skeleton,387
NPC/Class_A/210048/Default,NPC,NPC/Class_A/210048,Default,Default,Role,SilverPalace/Content/ArtRes/CharRes/NPC/Class_A/210048/Role/Meshes/SK_210048_Body01.SK_210048_Body01,SK_210048_Body01,SkeletalMesh,5,19351,SilverPalace/Content/ArtRes/CharRes/NPC/Class_A/210048/Role/Meshes/SK_210048_Body01_Skeleton.SK_210048_Body01_Skeleton,352
NPC/Class_A/210048/Default,NPC,NPC/Class_A/210048,Default,Default,Role,SilverPalace/Content/ArtRes/CharRes/NPC/Class_A/210048/Role/Meshes/SK_210048_Face01.SK_210048_Face01,SK_210048_Face01,SkeletalMesh,5,3478,SilverPalace/Content/ArtRes/CharRes/NPC/Class_A/210048/Role/Meshes/SK_210048_Body01_Skeleton.SK_210048_Body01_Skeleton,352
NPC/Class_A/210048/Default,NPC,NPC/Class_A/210048,Default,Default,Role,SilverPalace/Content/ArtRes/CharRes/NPC/Class_A/210048/Role/Meshes/SK_210048_Hair01.SK_210048_Hair01,SK_210048_Hair01,SkeletalMesh,5,4837,SilverPalace/Content/ArtRes/CharRes/NPC/Class_A/210048/Role/Meshes/SK_210048_Body01_Skeleton.SK_210048_Body01_Skeleton,352
NPC/Class_A/210048/Default,NPC,NPC/Class_A/210048,Default,Default,Role,SilverPalace/Content/ArtRes/CharRes/NPC/Class_A/210048/Role/Meshes/SK_210048_Hat01.SK_210048_Hat01,SK_210048_Hat01,SkeletalMesh,5,1134,SilverPalace/Content/ArtRes/CharRes/NPC/Class_A/210048/Role/Meshes/SK_210048_Body01_Skeleton.SK_210048_Body01_Skeleton,352
NPC/Class_A/210049/Default,NPC,NPC/Class_A/210049,Default,Default,Role,SilverPalace/Content/ArtRes/CharRes/NPC/Class_A/210049/Role/Meshes/SK_210049_Body01.SK_210049_Body01,SK_210049_Body01,SkeletalMesh,5,11717,SilverPalace/Content/ArtRes/CharRes/NPC/Class_A/210049/Role/Meshes/SK_210049_Body01_Skeleton.SK_210049_Body01_Skeleton,214
NPC/Class_A/210049/Default,NPC,NPC/Class_A/210049,Default,Default,Role,SilverPalace/Content/ArtRes/CharRes/NPC/Class_A/210049/Role/Meshes/SK_210049_Face01.SK_210049_Face01,SK_210049_Face01,SkeletalMesh,5,3430,SilverPalace/Content/ArtRes/CharRes/NPC/Class_A/210049/Role/Meshes/SK_210049_Body01_Skeleton.SK_210049_Body01_Skeleton,214
NPC/Class_A/210049/Default,NPC,NPC/Class_A/210049,Default,Default,Role,SilverPalace/Content/ArtRes/CharRes/NPC/Class_A/210049/Role/Meshes/SK_210049_Hair01.SK_210049_Hair01,SK_210049_Hair01,SkeletalMesh,5,4431,SilverPalace/Content/ArtRes/CharRes/NPC/Class_A/210049/Role/Meshes/SK_210049_Body01_Skeleton.SK_210049_Body01_Skeleton,214
NPC/Class_A/210049/Default,NPC,NPC/Class_A/210049,Default,Default,Role,SilverPalace/Content/ArtRes/CharRes/NPC/Class_A/210049/Role/Meshes/SK_210049_Hat01.SK_210049_Hat01,SK_210049_Hat01,SkeletalMesh,5,732,SilverPalace/Content/ArtRes/CharRes/NPC/Class_A/210049/Role/Meshes/SK_210049_Body01_Skeleton.SK_210049_Body01_Skeleton,214
NPC/Class_A/210050/Default,NPC,NPC/Class_A/210050,Default,Default,Role,SilverPalace/Content/ArtRes/CharRes/NPC/Class_A/210050/Role/Meshes/SK_210050_Body01.SK_210050_Body01,SK_210050_Body01,SkeletalMesh,5,13216,SilverPalace/Content/ArtRes/CharRes/NPC/Class_A/210050/Role/Meshes/SK_210050_Body01_Skeleton.SK_210050_Body01_Skeleton,267
NPC/Class_A/210050/Default,NPC,NPC/Class_A/210050,Default,Default,Role,SilverPalace/Content/ArtRes/CharRes/NPC/Class_A/210050/Role/Meshes/SK_210050_Face01.SK_210050_Face01,SK_210050_Face01,SkeletalMesh,5,3492,SilverPalace/Content/ArtRes/CharRes/NPC/Class_A/210050/Role/Meshes/SK_210050_Body01_Skeleton.SK_210050_Body01_Skeleton,267
NPC/Class_A/210050/Default,NPC,NPC/Class_A/210050,Default,Default,Role,SilverPalace/Content/ArtRes/CharRes/NPC/Class_A/210050/Role/Meshes/SK_210050_Hair01.SK_210050_Hair01,SK_210050_Hair01,SkeletalMesh,5,11892,SilverPalace/Content/ArtRes/CharRes/NPC/Class_A/210050/Role/Meshes/SK_210050_Body01_Skeleton.SK_210050_Body01_Skeleton,267
NPC/Class_A/210050/Default,NPC,NPC/Class_A/210050,Default,Default,Role,SilverPalace/Content/ArtRes/CharRes/NPC/Class_A/210050/Role/Meshes/SK_210050_Hat01.SK_210050_Hat01,SK_210050_Hat01,SkeletalMesh,5,1293,SilverPalace/Content/ArtRes/CharRes/NPC/Class_A/210050/Role/Meshes/SK_210050_Body01_Skeleton.SK_210050_Body01_Skeleton,267
NPC/Class_A/210051/Default,NPC,NPC/Class_A/210051,Default,Default,Role,SilverPalace/Content/ArtRes/CharRes/NPC/Class_A/210051/Role/Meshes/SK_210051_Body01.SK_210051_Body01,SK_210051_Body01,SkeletalMesh,5,14326,SilverPalace/Content/ArtRes/CharRes/NPC/Class_A/210051/Role/Meshes/SK_210051_Body01_Skeleton.SK_210051_Body01_Skeleton,242
NPC/Class_A/210051/Default,NPC,NPC/Class_A/210051,Default,Default,Role,SilverPalace/Content/ArtRes/CharRes/NPC/Class_A/210051/Role/Meshes/SK_210051_Face01.SK_210051_Face01,SK_210051_Face01,SkeletalMesh,5,3422,SilverPalace/Content/ArtRes/CharRes/NPC/Class_A/210051/Role/Meshes/SK_210051_Body01_Skeleton.SK_210051_Body01_Skeleton,242
NPC/Class_A/210051/Default,NPC,NPC/Class_A/210051,Default,Default,Role,SilverPalace/Content/ArtRes/CharRes/NPC/Class_A/210051/Role/Meshes/SK_210051_Hair01.SK_210051_Hair01,SK_210051_Hair01,SkeletalMesh,5,6275,SilverPalace/Content/ArtRes/CharRes/NPC/Class_A/210051/Role/Meshes/SK_210051_Body01_Skeleton.SK_210051_Body01_Skeleton,242
NPC/Class_A/210052/Default,NPC,NPC/Class_A/210052,Default,Default,Role,SilverPalace/Content/ArtRes/CharRes/NPC/Class_A/210052/Role/Meshes/SK_210052_Body01.SK_210052_Body01,SK_210052_Body01,SkeletalMesh,5,13689,SilverPalace/Content/ArtRes/CharRes/NPC/Class_A/210052/Role/Meshes/SK_210052_Body01_Skeleton.SK_210052_Body01_Skeleton,240
NPC/Class_A/210052/Default,NPC,NPC/Class_A/210052,Default,Default,Role,SilverPalace/Content/ArtRes/CharRes/NPC/Class_A/210052/Role/Meshes/SK_210052_Face01.SK_210052_Face01,SK_210052_Face01,SkeletalMesh,5,3492,SilverPalace/Content/ArtRes/CharRes/NPC/Class_A/210052/Role/Meshes/SK_210052_Body01_Skeleton.SK_210052_Body01_Skeleton,240
NPC/Class_A/210052/Default,NPC,NPC/Class_A/210052,Default,Default,Role,SilverPalace/Content/ArtRes/CharRes/NPC/Class_A/210052/Role/Meshes/SK_210052_Hair01.SK_210052_Hair01,SK_210052_Hair01,SkeletalMesh,5,5638,SilverPalace/Content/ArtRes/CharRes/NPC/Class_A/210052/Role/Meshes/SK_210052_Body01_Skeleton.SK_210052_Body01_Skeleton,240
NPC/Class_A/210053/Default,NPC,NPC/Class_A/210053,Default,Default,Role,SilverPalace/Content/ArtRes/CharRes/NPC/Class_A/210053/Role/Meshes/SK_210053_Body01.SK_210053_Body01,SK_210053_Body01,SkeletalMesh,5,13143,SilverPalace/Content/ArtRes/CharRes/NPC/Class_A/210053/Role/Meshes/SK_210053_Body01_Skeleton.SK_210053_Body01_Skeleton,291
NPC/Class_A/210053/Default,NPC,NPC/Class_A/210053,Default,Default,Role,SilverPalace/Content/ArtRes/CharRes/NPC/Class_A/210053/Role/Meshes/SK_210053_Face01.SK_210053_Face01,SK_210053_Face01,SkeletalMesh,5,3452,SilverPalace/Content/ArtRes/CharRes/NPC/Class_A/210053/Role/Meshes/SK_210053_Body01_Skeleton.SK_210053_Body01_Skeleton,291
NPC/Class_A/210053/Default,NPC,NPC/Class_A/210053,Default,Default,Role,SilverPalace/Content/ArtRes/CharRes/NPC/Class_A/210053/Role/Meshes/SK_210053_Hair01.SK_210053_Hair01,SK_210053_Hair01,SkeletalMesh,5,5184,SilverPalace/Content/ArtRes/CharRes/NPC/Class_A/210053/Role/Meshes/SK_210053_Body01_Skeleton.SK_210053_Body01_Skeleton,291
NPC/Class_A/210053/Default,NPC,NPC/Class_A/210053,Default,Default,Role,SilverPalace/Content/ArtRes/CharRes/NPC/Class_A/210053/Role/Meshes/SK_210053_Hat01.SK_210053_Hat01,SK_210053_Hat01,SkeletalMesh,5,842,SilverPalace/Content/ArtRes/CharRes/NPC/Class_A/210053/Role/Meshes/SK_210053_Body01_Skeleton.SK_210053_Body01_Skeleton,291
NPC/Class_A/210054/Default,NPC,NPC/Class_A/210054,Default,Default,Role,SilverPalace/Content/ArtRes/CharRes/NPC/Class_A/210054/Role/Meshes/SK_210054_Body01.SK_210054_Body01,SK_210054_Body01,SkeletalMesh,5,15022,SilverPalace/Content/ArtRes/CharRes/NPC/Class_A/210054/Role/Meshes/SK_210054_Body01_Skeleton.SK_210054_Body01_Skeleton,239
NPC/Class_A/210054/Default,NPC,NPC/Class_A/210054,Default,Default,Role,SilverPalace/Content/ArtRes/CharRes/NPC/Class_A/210054/Role/Meshes/SK_210054_Face01.SK_210054_Face01,SK_210054_Face01,SkeletalMesh,5,3480,SilverPalace/Content/ArtRes/CharRes/NPC/Class_A/210054/Role/Meshes/SK_210054_Body01_Skeleton.SK_210054_Body01_Skeleton,239
NPC/Class_A/210054/Default,NPC,NPC/Class_A/210054,Default,Default,Role,SilverPalace/Content/ArtRes/CharRes/NPC/Class_A/210054/Role/Meshes/SK_210054_Hair01.SK_210054_Hair01,SK_210054_Hair01,SkeletalMesh,5,6283,SilverPalace/Content/ArtRes/CharRes/NPC/Class_A/210054/Role/Meshes/SK_210054_Body01_Skeleton.SK_210054_Body01_Skeleton,239
NPC/Class_A/210055/Default,NPC,NPC/Class_A/210055,Default,Default,Role,SilverPalace/Content/ArtRes/CharRes/NPC/Class_A/210055/Role/Meshes/SK_210055_Body01.SK_210055_Body01,SK_210055_Body01,SkeletalMesh,5,19667,SilverPalace/Content/ArtRes/CharRes/NPC/Class_A/210055/Role/Meshes/SK_210055_Body01_Skeleton.SK_210055_Body01_Skeleton,234
NPC/Class_A/210055/Default,NPC,NPC/Class_A/210055,Default,Default,Role,SilverPalace/Content/ArtRes/CharRes/NPC/Class_A/210055/Role/Meshes/SK_210055_Face01.SK_210055_Face01,SK_210055_Face01,SkeletalMesh,5,3462,SilverPalace/Content/ArtRes/CharRes/NPC/Class_A/210055/Role/Meshes/SK_210055_Body01_Skeleton.SK_210055_Body01_Skeleton,234
NPC/Class_A/210055/Default,NPC,NPC/Class_A/210055,Default,Default,Role,SilverPalace/Content/ArtRes/CharRes/NPC/Class_A/210055/Role/Meshes/SK_210055_Hair01.SK_210055_Hair01,SK_210055_Hair01,SkeletalMesh,5,5961,SilverPalace/Content/ArtRes/CharRes/NPC/Class_A/210055/Role/Meshes/SK_210055_Body01_Skeleton.SK_210055_Body01_Skeleton,234
NPC/Class_A/210056/Default,NPC,NPC/Class_A/210056,Default,Default,Role,SilverPalace/Content/ArtRes/CharRes/NPC/Class_A/210056/Role/Meshes/SK_210056_Body01.SK_210056_Body01,SK_210056_Body01,SkeletalMesh,5,19420,SilverPalace/Content/ArtRes/CharRes/NPC/Class_A/210056/Role/Meshes/SK_210056_Body01_Skeleton.SK_210056_Body01_Skeleton,313
NPC/Class_A/210056/Default,NPC,NPC/Class_A/210056,Default,Default,Role,SilverPalace/Content/ArtRes/CharRes/NPC/Class_A/210056/Role/Meshes/SK_210056_Face01.SK_210056_Face01,SK_210056_Face01,SkeletalMesh,5,3496,SilverPalace/Content/ArtRes/CharRes/NPC/Class_A/210056/Role/Meshes/SK_210056_Body01_Skeleton.SK_210056_Body01_Skeleton,313
NPC/Class_A/210056/Default,NPC,NPC/Class_A/210056,Default,Default,Role,SilverPalace/Content/ArtRes/CharRes/NPC/Class_A/210056/Role/Meshes/SK_210056_Hair01.SK_210056_Hair01,SK_210056_Hair01,SkeletalMesh,5,11772,SilverPalace/Content/ArtRes/CharRes/NPC/Class_A/210056/Role/Meshes/SK_210056_Body01_Skeleton.SK_210056_Body01_Skeleton,313
NPC/Class_A/210057/Default,NPC,NPC/Class_A/210057,Default,Default,Role,SilverPalace/Content/ArtRes/CharRes/NPC/Class_A/210057/Role/Meshes/SK_210057_Body01.SK_210057_Body01,SK_210057_Body01,SkeletalMesh,5,12930,SilverPalace/Content/ArtRes/CharRes/NPC/Class_A/210057/Role/Meshes/SK_210057_Body01_Skeleton.SK_210057_Body01_Skeleton,191
NPC/Class_A/210057/Default,NPC,NPC/Class_A/210057,Default,Default,Role,SilverPalace/Content/ArtRes/CharRes/NPC/Class_A/210057/Role/Meshes/SK_210057_Face01.SK_210057_Face01,SK_210057_Face01,SkeletalMesh,5,3500,SilverPalace/Content/ArtRes/CharRes/NPC/Class_A/210057/Role/Meshes/SK_210057_Body01_Skeleton.SK_210057_Body01_Skeleton,191
NPC/Class_A/210057/Default,NPC,NPC/Class_A/210057,Default,Default,Role,SilverPalace/Content/ArtRes/CharRes/NPC/Class_A/210057/Role/Meshes/SK_210057_Hair01.SK_210057_Hair01,SK_210057_Hair01,SkeletalMesh,5,5974,SilverPalace/Content/ArtRes/CharRes/NPC/Class_A/210057/Role/Meshes/SK_210057_Body01_Skeleton.SK_210057_Body01_Skeleton,191
NPC/Class_A/210058/Default,NPC,NPC/Class_A/210058,Default,Default,Role,SilverPalace/Content/ArtRes/CharRes/NPC/Class_A/210058/Role/Meshes/SK_210058_Body01.SK_210058_Body01,SK_210058_Body01,SkeletalMesh,5,29384,SilverPalace/Content/ArtRes/CharRes/NPC/Class_A/210058/Role/Meshes/SK_210058_Body01_Skeleton.SK_210058_Body01_Skeleton,241
NPC/Class_A/210058/Default,NPC,NPC/Class_A/210058,Default,Default,Role,SilverPalace/Content/ArtRes/CharRes/NPC/Class_A/210058/Role/Meshes/SK_210058_Face01.SK_210058_Face01,SK_210058_Face01,SkeletalMesh,5,2998,SilverPalace/Content/ArtRes/CharRes/NPC/Class_A/210058/Role/Meshes/SK_210058_Body01_Skeleton.SK_210058_Body01_Skeleton,241
NPC/Class_A/210058/Default,NPC,NPC/Class_A/210058,Default,Default,Role,SilverPalace/Content/ArtRes/CharRes/NPC/Class_A/210058/Role/Meshes/SK_210058_Hair01.SK_210058_Hair01,SK_210058_Hair01,SkeletalMesh,5,4502,SilverPalace/Content/ArtRes/CharRes/NPC/Class_A/210058/Role/Meshes/SK_210058_Body01_Skeleton.SK_210058_Body01_Skeleton,241
NPC/Class_A/210058/Default,NPC,NPC/Class_A/210058,Default,Default,Role,SilverPalace/Content/ArtRes/CharRes/NPC/Class_A/210058/Role/Meshes/SK_210058_Hat01.SK_210058_Hat01,SK_210058_Hat01,SkeletalMesh,5,3224,SilverPalace/Content/ArtRes/CharRes/NPC/Class_A/210058/Role/Meshes/SK_210058_Body01_Skeleton.SK_210058_Body01_Skeleton,241
NPC/Class_A/210059/Default,NPC,NPC/Class_A/210059,Default,Default,Role,SilverPalace/Content/ArtRes/CharRes/NPC/Class_A/210059/Role/Meshes/SK_210059_Body01.SK_210059_Body01,SK_210059_Body01,SkeletalMesh,5,49255,SilverPalace/Content/ArtRes/CharRes/NPC/Class_A/210059/Role/Meshes/SK_210059_Body01_Skeleton.SK_210059_Body01_Skeleton,190
NPC/Class_A/210060/Default,NPC,NPC/Class_A/210060,Default,Default,Role,SilverPalace/Content/ArtRes/CharRes/NPC/Class_A/210060/Role/Meshes/SK_210060_Body01.SK_210060_Body01,SK_210060_Body01,SkeletalMesh,5,12086,SilverPalace/Content/ArtRes/CharRes/NPC/Class_A/210060/Role/Meshes/SK_210060_Body01_Skeleton.SK_210060_Body01_Skeleton,203
NPC/Class_A/210060/Default,NPC,NPC/Class_A/210060,Default,Default,Role,SilverPalace/Content/ArtRes/CharRes/NPC/Class_A/210060/Role/Meshes/SK_210060_Face01.SK_210060_Face01,SK_210060_Face01,SkeletalMesh,5,3480,SilverPalace/Content/ArtRes/CharRes/NPC/Class_A/210060/Role/Meshes/SK_210060_Body01_Skeleton.SK_210060_Body01_Skeleton,203
NPC/Class_A/210060/Default,NPC,NPC/Class_A/210060,Default,Default,Role,SilverPalace/Content/ArtRes/CharRes/NPC/Class_A/210060/Role/Meshes/SK_210060_Hair01.SK_210060_Hair01,SK_210060_Hair01,SkeletalMesh,5,4934,SilverPalace/Content/ArtRes/CharRes/NPC/Class_A/210060/Role/Meshes/SK_210060_Body01_Skeleton.SK_210060_Body01_Skeleton,203
NPC/Class_A/210061/Default,NPC,NPC/Class_A/210061,Default,Default,Role,SilverPalace/Content/ArtRes/CharRes/NPC/Class_A/210061/Role/Meshes/SK_210061_Body01.SK_210061_Body01,SK_210061_Body01,SkeletalMesh,5,13630,SilverPalace/Content/ArtRes/CharRes/NPC/Class_A/210061/Role/Meshes/SK_210061_Body01_Skeleton.SK_210061_Body01_Skeleton,207
NPC/Class_A/210061/Default,NPC,NPC/Class_A/210061,Default,Default,Role,SilverPalace/Content/ArtRes/CharRes/NPC/Class_A/210061/Role/Meshes/SK_210061_Face01.SK_210061_Face01,SK_210061_Face01,SkeletalMesh,5,3600,SilverPalace/Content/ArtRes/CharRes/NPC/Class_A/210061/Role/Meshes/SK_210061_Body01_Skeleton.SK_210061_Body01_Skeleton,207
NPC/Class_A/210061/Default,NPC,NPC/Class_A/210061,Default,Default,Role,SilverPalace/Content/ArtRes/CharRes/NPC/Class_A/210061/Role/Meshes/SK_210061_Hair01.SK_210061_Hair01,SK_210061_Hair01,SkeletalMesh,5,6373,SilverPalace/Content/ArtRes/CharRes/NPC/Class_A/210061/Role/Meshes/SK_210061_Body01_Skeleton.SK_210061_Body01_Skeleton,207
NPC/Class_A/210061/Default,NPC,NPC/Class_A/210061,Default,Default,Role,SilverPalace/Content/ArtRes/CharRes/NPC/Class_A/210061/Role/Meshes/SK_210061_Hat01.SK_210061_Hat01,SK_210061_Hat01,SkeletalMesh,5,1084,SilverPalace/Content/ArtRes/CharRes/NPC/Class_A/210061/Role/Meshes/SK_210061_Body01_Skeleton.SK_210061_Body01_Skeleton,207
NPC/Class_A/210062/Default,NPC,NPC/Class_A/210062,Default,Default,Role,SilverPalace/Content/ArtRes/CharRes/NPC/Class_A/210062/Role/Meshes/SK_210062_Body01.SK_210062_Body01,SK_210062_Body01,SkeletalMesh,5,13997,SilverPalace/Content/ArtRes/CharRes/NPC/Class_A/210062/Role/Meshes/SK_210062_Body01_Skeleton.SK_210062_Body01_Skeleton,315
NPC/Class_A/210062/Default,NPC,NPC/Class_A/210062,Default,Default,Role,SilverPalace/Content/ArtRes/CharRes/NPC/Class_A/210062/Role/Meshes/SK_210062_Face01.SK_210062_Face01,SK_210062_Face01,SkeletalMesh,5,3480,SilverPalace/Content/ArtRes/CharRes/NPC/Class_A/210062/Role/Meshes/SK_210062_Body01_Skeleton.SK_210062_Body01_Skeleton,315
NPC/Class_A/210062/Default,NPC,NPC/Class_A/210062,Default,Default,Role,SilverPalace/Content/ArtRes/CharRes/NPC/Class_A/210062/Role/Meshes/SK_210062_Hair01.SK_210062_Hair01,SK_210062_Hair01,SkeletalMesh,5,9682,SilverPalace/Content/ArtRes/CharRes/NPC/Class_A/210062/Role/Meshes/SK_210062_Body01_Skeleton.SK_210062_Body01_Skeleton,315
NPC/Class_A/210063/Default,NPC,NPC/Class_A/210063,Default,Default,Role,SilverPalace/Content/ArtRes/CharRes/NPC/Class_A/210063/Role/Meshes/SK_210063_Body01.SK_210063_Body01,SK_210063_Body01,SkeletalMesh,5,16716,SilverPalace/Content/ArtRes/CharRes/NPC/Class_A/210063/Role/Meshes/SK_210063_Body01_Skeleton.SK_210063_Body01_Skeleton,297
NPC/Class_A/210063/Default,NPC,NPC/Class_A/210063,Default,Default,Role,SilverPalace/Content/ArtRes/CharRes/NPC/Class_A/210063/Role/Meshes/SK_210063_Face01.SK_210063_Face01,SK_210063_Face01,SkeletalMesh,5,3478,SilverPalace/Content/ArtRes/CharRes/NPC/Class_A/210063/Role/Meshes/SK_210063_Body01_Skeleton.SK_210063_Body01_Skeleton,297
NPC/Class_A/210063/Default,NPC,NPC/Class_A/210063,Default,Default,Role,SilverPalace/Content/ArtRes/CharRes/NPC/Class_A/210063/Role/Meshes/SK_210063_Hair01.SK_210063_Hair01,SK_210063_Hair01,SkeletalMesh,5,12062,SilverPalace/Content/ArtRes/CharRes/NPC/Class_A/210063/Role/Meshes/SK_210063_Body01_Skeleton.SK_210063_Body01_Skeleton,297
NPC/Class_A/210063/Default,NPC,NPC/Class_A/210063,Default,Default,Role,SilverPalace/Content/ArtRes/CharRes/NPC/Class_A/210063/Role/Meshes/SK_210063_Hat01.SK_210063_Hat01,SK_210063_Hat01,SkeletalMesh,5,662,SilverPalace/Content/ArtRes/CharRes/NPC/Class_A/210063/Role/Meshes/SK_210063_Body01_Skeleton.SK_210063_Body01_Skeleton,297
NPC/Class_A/210064/Default,NPC,NPC/Class_A/210064,Default,Default,Role,SilverPalace/Content/ArtRes/CharRes/NPC/Class_A/210064/Role/Meshes/SK_210064_Body01.SK_210064_Body01,SK_210064_Body01,SkeletalMesh,5,21232,SilverPalace/Content/ArtRes/CharRes/NPC/Class_A/210064/Role/Meshes/SK_210064_Body01_Skeleton.SK_210064_Body01_Skeleton,230
NPC/Class_A/210064/Default,NPC,NPC/Class_A/210064,Default,Default,Role,SilverPalace/Content/ArtRes/CharRes/NPC/Class_A/210064/Role/Meshes/SK_210064_Face01.SK_210064_Face01,SK_210064_Face01,SkeletalMesh,5,2992,SilverPalace/Content/ArtRes/CharRes/NPC/Class_A/210064/Role/Meshes/SK_210064_Body01_Skeleton.SK_210064_Body01_Skeleton,230
NPC/Class_A/210064/Default,NPC,NPC/Class_A/210064,Default,Default,Role,SilverPalace/Content/ArtRes/CharRes/NPC/Class_A/210064/Role/Meshes/SK_210064_Hair01.SK_210064_Hair01,SK_210064_Hair01,SkeletalMesh,5,12006,SilverPalace/Content/ArtRes/CharRes/NPC/Class_A/210064/Role/Meshes/SK_210064_Body01_Skeleton.SK_210064_Body01_Skeleton,230
NPC/Class_A/210064/Default,NPC,NPC/Class_A/210064,Default,Default,Role,SilverPalace/Content/ArtRes/CharRes/NPC/Class_A/210064/Role/Meshes/SK_210064_Hat01.SK_210064_Hat01,SK_210064_Hat01,SkeletalMesh,5,1200,SilverPalace/Content/ArtRes/CharRes/NPC/Class_A/210064/Role/Meshes/SK_210064_Body01_Skeleton.SK_210064_Body01_Skeleton,230
NPC/Class_A/210065/Default,NPC,NPC/Class_A/210065,Default,Default,Role,SilverPalace/Content/ArtRes/CharRes/NPC/Class_A/210065/Role/Meshes/SK_210065_Body01.SK_210065_Body01,SK_210065_Body01,SkeletalMesh,5,15368,SilverPalace/Content/ArtRes/CharRes/NPC/Class_A/210065/Role/Meshes/SK_210065_Body01_Skeleton.SK_210065_Body01_Skeleton,288
NPC/Class_A/210065/Default,NPC,NPC/Class_A/210065,Default,Default,Role,SilverPalace/Content/ArtRes/CharRes/NPC/Class_A/210065/Role/Meshes/SK_210065_Face01.SK_210065_Face01,SK_210065_Face01,SkeletalMesh,5,3492,SilverPalace/Content/ArtRes/CharRes/NPC/Class_A/210065/Role/Meshes/SK_210065_Body01_Skeleton.SK_210065_Body01_Skeleton,288
NPC/Class_A/210065/Default,NPC,NPC/Class_A/210065,Default,Default,Role,SilverPalace/Content/ArtRes/CharRes/NPC/Class_A/210065/Role/Meshes/SK_210065_Hair01.SK_210065_Hair01,SK_210065_Hair01,SkeletalMesh,5,12382,SilverPalace/Content/ArtRes/CharRes/NPC/Class_A/210065/Role/Meshes/SK_210065_Body01_Skeleton.SK_210065_Body01_Skeleton,288
NPC/Class_A/210065/Default,NPC,NPC/Class_A/210065,Default,Default,Role,SilverPalace/Content/ArtRes/CharRes/NPC/Class_A/210065/Role/Meshes/SK_210065_Hat01.SK_210065_Hat01,SK_210065_Hat01,SkeletalMesh,5,662,SilverPalace/Content/ArtRes/CharRes/NPC/Class_A/210065/Role/Meshes/SK_210065_Body01_Skeleton.SK_210065_Body01_Skeleton,288
NPC/Class_A/210066/Default,NPC,NPC/Class_A/210066,Default,Default,Role,SilverPalace/Content/ArtRes/CharRes/NPC/Class_A/210066/Role/Meshes/SK_210066_Body01.SK_210066_Body01,SK_210066_Body01,SkeletalMesh,5,16328,SilverPalace/Content/ArtRes/CharRes/NPC/Class_A/210066/Role/Meshes/SK_210066_Body01_Skeleton.SK_210066_Body01_Skeleton,257
NPC/Class_A/210066/Default,NPC,NPC/Class_A/210066,Default,Default,Role,SilverPalace/Content/ArtRes/CharRes/NPC/Class_A/210066/Role/Meshes/SK_210066_Face01.SK_210066_Face01,SK_210066_Face01,SkeletalMesh,5,3450,SilverPalace/Content/ArtRes/CharRes/NPC/Class_A/210066/Role/Meshes/SK_210066_Body01_Skeleton.SK_210066_Body01_Skeleton,257
NPC/Class_A/210066/Default,NPC,NPC/Class_A/210066,Default,Default,Role,SilverPalace/Content/ArtRes/CharRes/NPC/Class_A/210066/Role/Meshes/SK_210066_Hair01.SK_210066_Hair01,SK_210066_Hair01,SkeletalMesh,5,5820,SilverPalace/Content/ArtRes/CharRes/NPC/Class_A/210066/Role/Meshes/SK_210066_Body01_Skeleton.SK_210066_Body01_Skeleton,257
NPC/Class_A/210066/Default,NPC,NPC/Class_A/210066,Default,Default,Role,SilverPalace/Content/ArtRes/CharRes/NPC/Class_A/210066/Role/Meshes/SK_210066_Hat01.SK_210066_Hat01,SK_210066_Hat01,SkeletalMesh,5,818,SilverPalace/Content/ArtRes/CharRes/NPC/Class_A/210066/Role/Meshes/SK_210066_Body01_Skeleton.SK_210066_Body01_Skeleton,257
NPC/Class_A/210067/Default,NPC,NPC/Class_A/210067,Default,Default,Role,SilverPalace/Content/ArtRes/CharRes/NPC/Class_A/210067/Role/Meshes/SK_210067_Body01.SK_210067_Body01,SK_210067_Body01,SkeletalMesh,5,15748,SilverPalace/Content/ArtRes/CharRes/NPC/Class_A/210067/Role/Meshes/SK_210067_Body01_Skeleton.SK_210067_Body01_Skeleton,249
NPC/Class_A/210067/Default,NPC,NPC/Class_A/210067,Default,Default,Role,SilverPalace/Content/ArtRes/CharRes/NPC/Class_A/210067/Role/Meshes/SK_210067_Face01.SK_210067_Face01,SK_210067_Face01,SkeletalMesh,5,3478,SilverPalace/Content/ArtRes/CharRes/NPC/Class_A/210067/Role/Meshes/SK_210067_Body01_Skeleton.SK_210067_Body01_Skeleton,249
NPC/Class_A/210067/Default,NPC,NPC/Class_A/210067,Default,Default,Role,SilverPalace/Content/ArtRes/CharRes/NPC/Class_A/210067/Role/Meshes/SK_210067_Hair01.SK_210067_Hair01,SK_210067_Hair01,SkeletalMesh,5,5299,SilverPalace/Content/ArtRes/CharRes/NPC/Class_A/210067/Role/Meshes/SK_210067_Body01_Skeleton.SK_210067_Body01_Skeleton,249
NPC/Class_A/210068/Default,NPC,NPC/Class_A/210068,Default,Default,Role,SilverPalace/Content/ArtRes/CharRes/NPC/Class_A/210068/Role/Meshes/SK_210068_Body01.SK_210068_Body01,SK_210068_Body01,SkeletalMesh,5,13875,SilverPalace/Content/ArtRes/CharRes/NPC/Class_A/210068/Role/Meshes/SK_210068_Body01_Skeleton.SK_210068_Body01_Skeleton,237
NPC/Class_A/210068/Default,NPC,NPC/Class_A/210068,Default,Default,Role,SilverPalace/Content/ArtRes/CharRes/NPC/Class_A/210068/Role/Meshes/SK_210068_Face01.SK_210068_Face01,SK_210068_Face01,SkeletalMesh,5,3430,SilverPalace/Content/ArtRes/CharRes/NPC/Class_A/210068/Role/Meshes/SK_210068_Body01_Skeleton.SK_210068_Body01_Skeleton,237
NPC/Class_A/210068/Default,NPC,NPC/Class_A/210068,Default,Default,Role,SilverPalace/Content/ArtRes/CharRes/NPC/Class_A/210068/Role/Meshes/SK_210068_Hair01.SK_210068_Hair01,SK_210068_Hair01,SkeletalMesh,5,8216,SilverPalace/Content/ArtRes/CharRes/NPC/Class_A/210068/Role/Meshes/SK_210068_Body01_Skeleton.SK_210068_Body01_Skeleton,237
NPC/Class_A/210069/Default,NPC,NPC/Class_A/210069,Default,Default,Role,SilverPalace/Content/ArtRes/CharRes/NPC/Class_A/210069/Role/Meshes/SK_210069_Body01.SK_210069_Body01,SK_210069_Body01,SkeletalMesh,5,32052,SilverPalace/Content/ArtRes/CharRes/NPC/Class_A/210069/Role/Meshes/SK_210069_Body01_Skeleton.SK_210069_Body01_Skeleton,189
NPC/Class_A/210069/Default,NPC,NPC/Class_A/210069,Default,Default,Role,SilverPalace/Content/ArtRes/CharRes/NPC/Class_A/210069/Role/Meshes/SK_210069_Face01.SK_210069_Face01,SK_210069_Face01,SkeletalMesh,5,3486,SilverPalace/Content/ArtRes/CharRes/NPC/Class_A/210069/Role/Meshes/SK_210069_Body01_Skeleton.SK_210069_Body01_Skeleton,189
NPC/Class_A/210069/Default,NPC,NPC/Class_A/210069,Default,Default,Role,SilverPalace/Content/ArtRes/CharRes/NPC/Class_A/210069/Role/Meshes/SK_210069_Hair01.SK_210069_Hair01,SK_210069_Hair01,SkeletalMesh,5,3980,SilverPalace/Content/ArtRes/CharRes/NPC/Class_A/210069/Role/Meshes/SK_210069_Body01_Skeleton.SK_210069_Body01_Skeleton,189
NPC/Class_A/210070/Default,NPC,NPC/Class_A/210070,Default,Default,Role,SilverPalace/Content/ArtRes/CharRes/NPC/Class_A/210070/Role/Meshes/SK_210070_Body01.SK_210070_Body01,SK_210070_Body01,SkeletalMesh,5,15022,SilverPalace/Content/ArtRes/CharRes/NPC/Class_A/210070/Role/Meshes/SK_210070_Body01_Skeleton.SK_210070_Body01_Skeleton,213
NPC/Class_A/210070/Default,NPC,NPC/Class_A/210070,Default,Default,Role,SilverPalace/Content/ArtRes/CharRes/NPC/Class_A/210070/Role/Meshes/SK_210070_Face01.SK_210070_Face01,SK_210070_Face01,SkeletalMesh,5,3468,SilverPalace/Content/ArtRes/CharRes/NPC/Class_A/210070/Role/Meshes/SK_210070_Body01_Skeleton.SK_210070_Body01_Skeleton,213
NPC/Class_A/210070/Default,NPC,NPC/Class_A/210070,Default,Default,Role,SilverPalace/Content/ArtRes/CharRes/NPC/Class_A/210070/Role/Meshes/SK_210070_Hair01.SK_210070_Hair01,SK_210070_Hair01,SkeletalMesh,5,7592,SilverPalace/Content/ArtRes/CharRes/NPC/Class_A/210070/Role/Meshes/SK_210070_Body01_Skeleton.SK_210070_Body01_Skeleton,213
NPC/Class_A/210071/Default,NPC,NPC/Class_A/210071,Default,Default,Role,SilverPalace/Content/ArtRes/CharRes/NPC/Class_A/210071/Role/Meshes/SK_210071_Body01.SK_210071_Body01,SK_210071_Body01,SkeletalMesh,5,14027,SilverPalace/Content/ArtRes/CharRes/NPC/Class_A/210071/Role/Meshes/SK_210071_Body01_Skeleton.SK_210071_Body01_Skeleton,206
NPC/Class_A/210071/Default,NPC,NPC/Class_A/210071,Default,Default,Role,SilverPalace/Content/ArtRes/CharRes/NPC/Class_A/210071/Role/Meshes/SK_210071_Face01.SK_210071_Face01,SK_210071_Face01,SkeletalMesh,5,3430,SilverPalace/Content/ArtRes/CharRes/NPC/Class_A/210071/Role/Meshes/SK_210071_Body01_Skeleton.SK_210071_Body01_Skeleton,206
NPC/Class_A/210071/Default,NPC,NPC/Class_A/210071,Default,Default,Role,SilverPalace/Content/ArtRes/CharRes/NPC/Class_A/210071/Role/Meshes/SK_210071_Hair01.SK_210071_Hair01,SK_210071_Hair01,SkeletalMesh,5,8453,SilverPalace/Content/ArtRes/CharRes/NPC/Class_A/210071/Role/Meshes/SK_210071_Body01_Skeleton.SK_210071_Body01_Skeleton,206
NPC/Class_A/210072/Default,NPC,NPC/Class_A/210072,Default,Default,Role,SilverPalace/Content/ArtRes/CharRes/NPC/Class_A/210072/Role/Meshes/SK_210072_Body01.SK_210072_Body01,SK_210072_Body01,SkeletalMesh,5,18142,SilverPalace/Content/ArtRes/CharRes/NPC/Class_A/210072/Role/Meshes/SK_210072_Body01_Skeleton.SK_210072_Body01_Skeleton,333
NPC/Class_A/210072/Default,NPC,NPC/Class_A/210072,Default,Default,Role,SilverPalace/Content/ArtRes/CharRes/NPC/Class_A/210072/Role/Meshes/SK_210072_Face01.SK_210072_Face01,SK_210072_Face01,SkeletalMesh,5,3452,SilverPalace/Content/ArtRes/CharRes/NPC/Class_A/210072/Role/Meshes/SK_210072_Body01_Skeleton.SK_210072_Body01_Skeleton,354
NPC/Class_A/210072/Default,NPC,NPC/Class_A/210072,Default,Default,Role,SilverPalace/Content/ArtRes/CharRes/NPC/Class_A/210072/Role/Meshes/SK_210072_Hair01.SK_210072_Hair01,SK_210072_Hair01,SkeletalMesh,5,11476,SilverPalace/Content/ArtRes/CharRes/NPC/Class_A/210072/Role/Meshes/SK_210072_Body01_Skeleton.SK_210072_Body01_Skeleton,354
NPC/Class_A/210072/Default,NPC,NPC/Class_A/210072,Default,Default,Role,SilverPalace/Content/ArtRes/CharRes/NPC/Class_A/210072/Role/Meshes/SK_210072_Hat01.SK_210072_Hat01,SK_210072_Hat01,SkeletalMesh,5,662,SilverPalace/Content/ArtRes/CharRes/NPC/Class_A/210072/Role/Meshes/SK_210072_Body01_Skeleton.SK_210072_Body01_Skeleton,354
NPC/Class_A/210073/Default,NPC,NPC/Class_A/210073,Default,Default,Role,SilverPalace/Content/ArtRes/CharRes/NPC/Class_A/210073/Role/Meshes/SK_210073_Body01.SK_210073_Body01,SK_210073_Body01,SkeletalMesh,5,18716,SilverPalace/Content/ArtRes/CharRes/NPC/Class_A/210073/Role/Meshes/SK_210073_Body01_Skeleton.SK_210073_Body01_Skeleton,441
NPC/Class_A/210073/Default,NPC,NPC/Class_A/210073,Default,Default,Role,SilverPalace/Content/ArtRes/CharRes/NPC/Class_A/210073/Role/Meshes/SK_210073_Face01.SK_210073_Face01,SK_210073_Face01,SkeletalMesh,5,3496,SilverPalace/Content/ArtRes/CharRes/NPC/Class_A/210073/Role/Meshes/SK_210073_Body01_Skeleton.SK_210073_Body01_Skeleton,441
NPC/Class_A/210073/Default,NPC,NPC/Class_A/210073,Default,Default,Role,SilverPalace/Content/ArtRes/CharRes/NPC/Class_A/210073/Role/Meshes/SK_210073_Hair01.SK_210073_Hair01,SK_210073_Hair01,SkeletalMesh,5,5912,SilverPalace/Content/ArtRes/CharRes/NPC/Class_A/210073/Role/Meshes/SK_210073_Body01_Skeleton.SK_210073_Body01_Skeleton,441
NPC/Class_A/210073/Default,NPC,NPC/Class_A/210073,Default,Default,Role,SilverPalace/Content/ArtRes/CharRes/NPC/Class_A/210073/Role/Meshes/SK_210073_Hat01.SK_210073_Hat01,SK_210073_Hat01,SkeletalMesh,5,1437,SilverPalace/Content/ArtRes/CharRes/NPC/Class_A/210073/Role/Meshes/SK_210073_Body01_Skeleton.SK_210073_Body01_Skeleton,441
NPC/Class_A/210074/Default,NPC,NPC/Class_A/210074,Default,Default,Role,SilverPalace/Content/ArtRes/CharRes/NPC/Class_A/210074/Role/Meshes/SK_210074.SK_210074,SK_210074,SkeletalMesh,5,50452,SilverPalace/Content/ArtRes/CharRes/NPC/Class_A/210074/Role/Meshes/SK_210074_Skeleton.SK_210074_Skeleton,320
NPC/Class_A/210075/Default,NPC,NPC/Class_A/210075,Default,Default,Role,SilverPalace/Content/ArtRes/CharRes/NPC/Class_A/210075/Role/Meshes/SK_210075_Body01.SK_210075_Body01,SK_210075_Body01,SkeletalMesh,5,12526,SilverPalace/Content/ArtRes/CharRes/NPC/Class_A/210075/Role/Meshes/SK_210075_Body01_Skeleton.SK_210075_Body01_Skeleton,276
NPC/Class_A/210075/Default,NPC,NPC/Class_A/210075,Default,Default,Role,SilverPalace/Content/ArtRes/CharRes/NPC/Class_A/210075/Role/Meshes/SK_210075_Face01.SK_210075_Face01,SK_210075_Face01,SkeletalMesh,5,3452,SilverPalace/Content/ArtRes/CharRes/NPC/Class_A/210075/Role/Meshes/SK_210075_Body01_Skeleton.SK_210075_Body01_Skeleton,276
NPC/Class_A/210075/Default,NPC,NPC/Class_A/210075,Default,Default,Role,SilverPalace/Content/ArtRes/CharRes/NPC/Class_A/210075/Role/Meshes/SK_210075_Hair01.SK_210075_Hair01,SK_210075_Hair01,SkeletalMesh,5,7278,SilverPalace/Content/ArtRes/CharRes/NPC/Class_A/210075/Role/Meshes/SK_210075_Body01_Skeleton.SK_210075_Body01_Skeleton,276
NPC/Class_A/210076/Default,NPC,NPC/Class_A/210076,Default,Default,Role,SilverPalace/Content/ArtRes/CharRes/NPC/Class_A/210076/Role/Meshes/SK_210076_Body01.SK_210076_Body01,SK_210076_Body01,SkeletalMesh,5,14845,SilverPalace/Content/ArtRes/CharRes/NPC/Class_A/210076/Role/Meshes/SK_210076_Body01_Skeleton.SK_210076_Body01_Skeleton,229
NPC/Class_A/210076/Default,NPC,NPC/Class_A/210076,Default,Default,Role,SilverPalace/Content/ArtRes/CharRes/NPC/Class_A/210076/Role/Meshes/SK_210076_Face01.SK_210076_Face01,SK_210076_Face01,SkeletalMesh,5,3450,SilverPalace/Content/ArtRes/CharRes/NPC/Class_A/210076/Role/Meshes/SK_210076_Body01_Skeleton.SK_210076_Body01_Skeleton,229
NPC/Class_A/210076/Default,NPC,NPC/Class_A/210076,Default,Default,Role,SilverPalace/Content/ArtRes/CharRes/NPC/Class_A/210076/Role/Meshes/SK_210076_Hair01.SK_210076_Hair01,SK_210076_Hair01,SkeletalMesh,5,3946,SilverPalace/Content/ArtRes/CharRes/NPC/Class_A/210076/Role/Meshes/SK_210076_Body01_Skeleton.SK_210076_Body01_Skeleton,229
NPC/Class_A/210076/Default,NPC,NPC/Class_A/210076,Default,Default,Role,SilverPalace/Content/ArtRes/CharRes/NPC/Class_A/210076/Role/Meshes/SK_210076_Hat01.SK_210076_Hat01,SK_210076_Hat01,SkeletalMesh,5,1514,SilverPalace/Content/ArtRes/CharRes/NPC/Class_A/210076/Role/Meshes/SK_210076_Body01_Skeleton.SK_210076_Body01_Skeleton,229
NPC/Class_A/210077/Default,NPC,NPC/Class_A/210077,Default,Default,Role,SilverPalace/Content/ArtRes/CharRes/NPC/Class_A/210077/Role/Meshes/SK_210077_Body01.SK_210077_Body01,SK_210077_Body01,SkeletalMesh,5,12409,SilverPalace/Content/ArtRes/CharRes/NPC/Class_A/210077/Role/Meshes/SK_210077_Body01_Skeleton.SK_210077_Body01_Skeleton,266
NPC/Class_A/210077/Default,NPC,NPC/Class_A/210077,Default,Default,Role,SilverPalace/Content/ArtRes/CharRes/NPC/Class_A/210077/Role/Meshes/SK_210077_Face01.SK_210077_Face01,SK_210077_Face01,SkeletalMesh,5,3480,SilverPalace/Content/ArtRes/CharRes/NPC/Class_A/210077/Role/Meshes/SK_210077_Body01_Skeleton.SK_210077_Body01_Skeleton,266
NPC/Class_A/210077/Default,NPC,NPC/Class_A/210077,Default,Default,Role,SilverPalace/Content/ArtRes/CharRes/NPC/Class_A/210077/Role/Meshes/SK_210077_Hair01.SK_210077_Hair01,SK_210077_Hair01,SkeletalMesh,5,5227,SilverPalace/Content/ArtRes/CharRes/NPC/Class_A/210077/Role/Meshes/SK_210077_Body01_Skeleton.SK_210077_Body01_Skeleton,266
NPC/Class_A/210077/Default,NPC,NPC/Class_A/210077,Default,Default,Role,SilverPalace/Content/ArtRes/CharRes/NPC/Class_A/210077/Role/Meshes/SK_210077_Hat01.SK_210077_Hat01,SK_210077_Hat01,SkeletalMesh,5,1086,SilverPalace/Content/ArtRes/CharRes/NPC/Class_A/210077/Role/Meshes/SK_210077_Body01_Skeleton.SK_210077_Body01_Skeleton,266
NPC/Class_A/210078/Default,NPC,NPC/Class_A/210078,Default,Default,Role,SilverPalace/Content/ArtRes/CharRes/NPC/Class_A/210078/Role/Meshes/SK_210078_Body01.SK_210078_Body01,SK_210078_Body01,SkeletalMesh,5,16642,SilverPalace/Content/ArtRes/CharRes/NPC/Class_A/210078/Role/Meshes/SK_210078_Body01_Skeleton.SK_210078_Body01_Skeleton,313
NPC/Class_A/210078/Default,NPC,NPC/Class_A/210078,Default,Default,Role,SilverPalace/Content/ArtRes/CharRes/NPC/Class_A/210078/Role/Meshes/SK_210078_Face01.SK_210078_Face01,SK_210078_Face01,SkeletalMesh,5,3478,SilverPalace/Content/ArtRes/CharRes/NPC/Class_A/210078/Role/Meshes/SK_210078_Body01_Skeleton.SK_210078_Body01_Skeleton,313
NPC/Class_A/210078/Default,NPC,NPC/Class_A/210078,Default,Default,Role,SilverPalace/Content/ArtRes/CharRes/NPC/Class_A/210078/Role/Meshes/SK_210078_Hair01.SK_210078_Hair01,SK_210078_Hair01,SkeletalMesh,5,11402,SilverPalace/Content/ArtRes/CharRes/NPC/Class_A/210078/Role/Meshes/SK_210078_Body01_Skeleton.SK_210078_Body01_Skeleton,313
NPC/Class_A/210078/Default,NPC,NPC/Class_A/210078,Default,Default,Role,SilverPalace/Content/ArtRes/CharRes/NPC/Class_A/210078/Role/Meshes/SK_210078_Hat01.SK_210078_Hat01,SK_210078_Hat01,SkeletalMesh,5,1599,SilverPalace/Content/ArtRes/CharRes/NPC/Class_A/210078/Role/Meshes/SK_210078_Body01_Skeleton.SK_210078_Body01_Skeleton,313
NPC/Class_A/210079/Default,NPC,NPC/Class_A/210079,Default,Default,Role,SilverPalace/Content/ArtRes/CharRes/NPC/Class_A/210079/Role/Meshes/SK_210079.SK_210079,SK_210079,SkeletalMesh,5,50452,SilverPalace/Content/ArtRes/CharRes/NPC/Class_A/210079/Role/Meshes/SK_210079_Skeleton.SK_210079_Skeleton,320
NPC/Class_A/210080/Default,NPC,NPC/Class_A/210080,Default,Default,Role,SilverPalace/Content/ArtRes/CharRes/NPC/Class_A/210080/Role/Meshes/SK_210080_Body01.SK_210080_Body01,SK_210080_Body01,SkeletalMesh,5,14975,SilverPalace/Content/ArtRes/CharRes/NPC/Class_A/210080/Role/Meshes/SK_210080_Body01_Skeleton.SK_210080_Body01_Skeleton,313
NPC/Class_A/210080/Default,NPC,NPC/Class_A/210080,Default,Default,Role,SilverPalace/Content/ArtRes/CharRes/NPC/Class_A/210080/Role/Meshes/SK_210080_Face01.SK_210080_Face01,SK_210080_Face01,SkeletalMesh,5,3452,SilverPalace/Content/ArtRes/CharRes/NPC/Class_A/210080/Role/Meshes/SK_210080_Body01_Skeleton.SK_210080_Body01_Skeleton,313
NPC/Class_A/210080/Default,NPC,NPC/Class_A/210080,Default,Default,Role,SilverPalace/Content/ArtRes/CharRes/NPC/Class_A/210080/Role/Meshes/SK_210080_Hair01.SK_210080_Hair01,SK_210080_Hair01,SkeletalMesh,5,12508,SilverPalace/Content/ArtRes/CharRes/NPC/Class_A/210080/Role/Meshes/SK_210080_Body01_Skeleton.SK_210080_Body01_Skeleton,313
NPC/Class_A/210080/Default,NPC,NPC/Class_A/210080,Default,Default,Role,SilverPalace/Content/ArtRes/CharRes/NPC/Class_A/210080/Role/Meshes/SK_210080_Hat01.SK_210080_Hat01,SK_210080_Hat01,SkeletalMesh,5,842,SilverPalace/Content/ArtRes/CharRes/NPC/Class_A/210080/Role/Meshes/SK_210080_Body01_Skeleton.SK_210080_Body01_Skeleton,313
NPC/Class_A/210081/Default,NPC,NPC/Class_A/210081,Default,Default,Role,SilverPalace/Content/ArtRes/CharRes/NPC/Class_A/210081/Role/Meshes/SK_210081_Body01.SK_210081_Body01,SK_210081_Body01,SkeletalMesh,5,32052,SilverPalace/Content/ArtRes/CharRes/NPC/Class_A/210081/Role/Meshes/SK_210081_Body01_Skeleton.SK_210081_Body01_Skeleton,203
NPC/Class_A/210081/Default,NPC,NPC/Class_A/210081,Default,Default,Role,SilverPalace/Content/ArtRes/CharRes/NPC/Class_A/210081/Role/Meshes/SK_210081_Face01.SK_210081_Face01,SK_210081_Face01,SkeletalMesh,5,3483,SilverPalace/Content/ArtRes/CharRes/NPC/Class_A/210081/Role/Meshes/SK_210081_Body01_Skeleton.SK_210081_Body01_Skeleton,203
NPC/Class_A/210081/Default,NPC,NPC/Class_A/210081,Default,Default,Role,SilverPalace/Content/ArtRes/CharRes/NPC/Class_A/210081/Role/Meshes/SK_210081_Hair01.SK_210081_Hair01,SK_210081_Hair01,SkeletalMesh,5,8260,SilverPalace/Content/ArtRes/CharRes/NPC/Class_A/210081/Role/Meshes/SK_210081_Body01_Skeleton.SK_210081_Body01_Skeleton,203
NPC/Class_A/210082/Default,NPC,NPC/Class_A/210082,Default,Default,Role,SilverPalace/Content/ArtRes/CharRes/NPC/Class_A/210082/Role/Meshes/SK_210082_Body01.SK_210082_Body01,SK_210082_Body01,SkeletalMesh,5,35441,SilverPalace/Content/ArtRes/CharRes/NPC/Class_A/210082/Role/Meshes/SK_210082_Body01_Skeleton.SK_210082_Body01_Skeleton,191
NPC/Class_A/210082/Default,NPC,NPC/Class_A/210082,Default,Default,Role,SilverPalace/Content/ArtRes/CharRes/NPC/Class_A/210082/Role/Meshes/SK_210082_Face01.SK_210082_Face01,SK_210082_Face01,SkeletalMesh,5,3422,SilverPalace/Content/ArtRes/CharRes/NPC/Class_A/210082/Role/Meshes/SK_210082_Body01_Skeleton.SK_210082_Body01_Skeleton,191
NPC/Class_A/210082/Default,NPC,NPC/Class_A/210082,Default,Default,Role,SilverPalace/Content/ArtRes/CharRes/NPC/Class_A/210082/Role/Meshes/SK_210082_Hair01.SK_210082_Hair01,SK_210082_Hair01,SkeletalMesh,5,246,SilverPalace/Content/ArtRes/CharRes/NPC/Class_A/210082/Role/Meshes/SK_210082_Body01_Skeleton.SK_210082_Body01_Skeleton,191
NPC/Class_A/210083/Default,NPC,NPC/Class_A/210083,Default,Default,Role,SilverPalace/Content/ArtRes/CharRes/NPC/Class_A/210083/Role/Meshes/SK_210083_Body01.SK_210083_Body01,SK_210083_Body01,SkeletalMesh,5,29384,SilverPalace/Content/ArtRes/CharRes/NPC/Class_A/210083/Role/Meshes/SK_210083_Body01_Skeleton.SK_210083_Body01_Skeleton,193
NPC/Class_A/210083/Default,NPC,NPC/Class_A/210083,Default,Default,Role,SilverPalace/Content/ArtRes/CharRes/NPC/Class_A/210083/Role/Meshes/SK_210083_Face01.SK_210083_Face01,SK_210083_Face01,SkeletalMesh,5,3430,SilverPalace/Content/ArtRes/CharRes/NPC/Class_A/210083/Role/Meshes/SK_210083_Body01_Skeleton.SK_210083_Body01_Skeleton,193
NPC/Class_A/210083/Default,NPC,NPC/Class_A/210083,Default,Default,Role,SilverPalace/Content/ArtRes/CharRes/NPC/Class_A/210083/Role/Meshes/SK_210083_Hair01.SK_210083_Hair01,SK_210083_Hair01,SkeletalMesh,5,6363,SilverPalace/Content/ArtRes/CharRes/NPC/Class_A/210083/Role/Meshes/SK_210083_Body01_Skeleton.SK_210083_Body01_Skeleton,193
NPC/Class_A/210083/Default,NPC,NPC/Class_A/210083,Default,Default,Role,SilverPalace/Content/ArtRes/CharRes/NPC/Class_A/210083/Role/Meshes/SK_210083_Hat01.SK_210083_Hat01,SK_210083_Hat01,SkeletalMesh,5,3224,SilverPalace/Content/ArtRes/CharRes/NPC/Class_A/210083/Role/Meshes/SK_210083_Body01_Skeleton.SK_210083_Body01_Skeleton,193
NPC/Class_A/210084/Default,NPC,NPC/Class_A/210084,Default,Default,Role,SilverPalace/Content/ArtRes/CharRes/NPC/Class_A/210084/Role/Meshes/SK_210084_Body01.SK_210084_Body01,SK_210084_Body01,SkeletalMesh,5,18718,SilverPalace/Content/ArtRes/CharRes/NPC/Class_A/210084/Role/Meshes/SK_210084_Body01_Skeleton.SK_210084_Body01_Skeleton,401
NPC/Class_A/210084/Default,NPC,NPC/Class_A/210084,Default,Default,Role,SilverPalace/Content/ArtRes/CharRes/NPC/Class_A/210084/Role/Meshes/SK_210084_Face01.SK_210084_Face01,SK_210084_Face01,SkeletalMesh,5,3478,SilverPalace/Content/ArtRes/CharRes/NPC/Class_A/210084/Role/Meshes/SK_210084_Body01_Skeleton.SK_210084_Body01_Skeleton,401
NPC/Class_A/210084/Default,NPC,NPC/Class_A/210084,Default,Default,Role,SilverPalace/Content/ArtRes/CharRes/NPC/Class_A/210084/Role/Meshes/SK_210084_Hair01.SK_210084_Hair01,SK_210084_Hair01,SkeletalMesh,5,11022,SilverPalace/Content/ArtRes/CharRes/NPC/Class_A/210084/Role/Meshes/SK_210084_Body01_Skeleton.SK_210084_Body01_Skeleton,401
NPC/Class_A/210084/Default,NPC,NPC/Class_A/210084,Default,Default,Role,SilverPalace/Content/ArtRes/CharRes/NPC/Class_A/210084/Role/Meshes/SK_210084_Hat01.SK_210084_Hat01,SK_210084_Hat01,SkeletalMesh,5,1293,SilverPalace/Content/ArtRes/CharRes/NPC/Class_A/210084/Role/Meshes/SK_210084_Body01_Skeleton.SK_210084_Body01_Skeleton,401
NPC/Class_A/210085/Default,NPC,NPC/Class_A/210085,Default,Default,Role,SilverPalace/Content/ArtRes/CharRes/NPC/Class_A/210085/Role/Meshes/SK_210085_Body01.SK_210085_Body01,SK_210085_Body01,SkeletalMesh,5,18789,SilverPalace/Content/ArtRes/CharRes/NPC/Class_A/210085/Role/Meshes/SK_210085_Body01_Skeleton.SK_210085_Body01_Skeleton,274
NPC/Class_A/210085/Default,NPC,NPC/Class_A/210085,Default,Default,Role,SilverPalace/Content/ArtRes/CharRes/NPC/Class_A/210085/Role/Meshes/SK_210085_Face01.SK_210085_Face01,SK_210085_Face01,SkeletalMesh,5,3480,SilverPalace/Content/ArtRes/CharRes/NPC/Class_A/210085/Role/Meshes/SK_210085_Body01_Skeleton.SK_210085_Body01_Skeleton,274
NPC/Class_A/210085/Default,NPC,NPC/Class_A/210085,Default,Default,Role,SilverPalace/Content/ArtRes/CharRes/NPC/Class_A/210085/Role/Meshes/SK_210085_Hair01.SK_210085_Hair01,SK_210085_Hair01,SkeletalMesh,5,7651,SilverPalace/Content/ArtRes/CharRes/NPC/Class_A/210085/Role/Meshes/SK_210085_Body01_Skeleton.SK_210085_Body01_Skeleton,274
NPC/Class_A/210086/Default,NPC,NPC/Class_A/210086,Default,Default,Role,SilverPalace/Content/ArtRes/CharRes/NPC/Class_A/210086/Role/Meshes/SK_210086_Body01.SK_210086_Body01,SK_210086_Body01,SkeletalMesh,5,19420,SilverPalace/Content/ArtRes/CharRes/NPC/Class_A/210086/Role/Meshes/SK_210086_Body01_Skeleton.SK_210086_Body01_Skeleton,278
NPC/Class_A/210086/Default,NPC,NPC/Class_A/210086,Default,Default,Role,SilverPalace/Content/ArtRes/CharRes/NPC/Class_A/210086/Role/Meshes/SK_210086_Face01.SK_210086_Face01,SK_210086_Face01,SkeletalMesh,5,3478,SilverPalace/Content/ArtRes/CharRes/NPC/Class_A/210086/Role/Meshes/SK_210086_Body01_Skeleton.SK_210086_Body01_Skeleton,278
NPC/Class_A/210086/Default,NPC,NPC/Class_A/210086,Default,Default,Role,SilverPalace/Content/ArtRes/CharRes/NPC/Class_A/210086/Role/Meshes/SK_210086_Hair01.SK_210086_Hair01,SK_210086_Hair01,SkeletalMesh,5,5662,SilverPalace/Content/ArtRes/CharRes/NPC/Class_A/210086/Role/Meshes/SK_210086_Body01_Skeleton.SK_210086_Body01_Skeleton,278
NPC/Class_A/210086/Default,NPC,NPC/Class_A/210086,Default,Default,Role,SilverPalace/Content/ArtRes/CharRes/NPC/Class_A/210086/Role/Meshes/SK_210086_Hat01.SK_210086_Hat01,SK_210086_Hat01,SkeletalMesh,5,1405,SilverPalace/Content/ArtRes/CharRes/NPC/Class_A/210086/Role/Meshes/SK_210086_Body01_Skeleton.SK_210086_Body01_Skeleton,278
NPC/Class_A/210087/Default,NPC,NPC/Class_A/210087,Default,Default,Role,SilverPalace/Content/ArtRes/CharRes/NPC/Class_A/210087/Role/Meshes/SK_210087_Body01.SK_210087_Body01,SK_210087_Body01,SkeletalMesh,5,29384,SilverPalace/Content/ArtRes/CharRes/NPC/Class_A/210087/Role/Meshes/SK_210087_Body01_Skeleton.SK_210087_Body01_Skeleton,220
NPC/Class_A/210087/Default,NPC,NPC/Class_A/210087,Default,Default,Role,SilverPalace/Content/ArtRes/CharRes/NPC/Class_A/210087/Role/Meshes/SK_210087_Face01.SK_210087_Face01,SK_210087_Face01,SkeletalMesh,5,3462,SilverPalace/Content/ArtRes/CharRes/NPC/Class_A/210087/Role/Meshes/SK_210087_Body01_Skeleton.SK_210087_Body01_Skeleton,220
NPC/Class_A/210087/Default,NPC,NPC/Class_A/210087,Default,Default,Role,SilverPalace/Content/ArtRes/CharRes/NPC/Class_A/210087/Role/Meshes/SK_210087_Hair01.SK_210087_Hair01,SK_210087_Hair01,SkeletalMesh,5,8187,SilverPalace/Content/ArtRes/CharRes/NPC/Class_A/210087/Role/Meshes/SK_210087_Body01_Skeleton.SK_210087_Body01_Skeleton,220
NPC/Class_A/210087/Default,NPC,NPC/Class_A/210087,Default,Default,Role,SilverPalace/Content/ArtRes/CharRes/NPC/Class_A/210087/Role/Meshes/SK_210087_Hat01.SK_210087_Hat01,SK_210087_Hat01,SkeletalMesh,5,3224,SilverPalace/Content/ArtRes/CharRes/NPC/Class_A/210087/Role/Meshes/SK_210087_Body01_Skeleton.SK_210087_Body01_Skeleton,220
NPC/Class_A/210088/Default,NPC,NPC/Class_A/210088,Default,Default,Role,SilverPalace/Content/ArtRes/CharRes/NPC/Class_A/210088/Role/Meshes/SK_210088_Body01.SK_210088_Body01,SK_210088_Body01,SkeletalMesh,5,16619,SilverPalace/Content/ArtRes/CharRes/NPC/Class_A/210088/Role/Meshes/SK_210088_Body01_Skeleton.SK_210088_Body01_Skeleton,254
NPC/Class_A/210088/Default,NPC,NPC/Class_A/210088,Default,Default,Role,SilverPalace/Content/ArtRes/CharRes/NPC/Class_A/210088/Role/Meshes/SK_210088_Face01.SK_210088_Face01,SK_210088_Face01,SkeletalMesh,5,3462,SilverPalace/Content/ArtRes/CharRes/NPC/Class_A/210088/Role/Meshes/SK_210088_Body01_Skeleton.SK_210088_Body01_Skeleton,254
NPC/Class_A/210088/Default,NPC,NPC/Class_A/210088,Default,Default,Role,SilverPalace/Content/ArtRes/CharRes/NPC/Class_A/210088/Role/Meshes/SK_210088_Hair01.SK_210088_Hair01,SK_210088_Hair01,SkeletalMesh,5,6283,SilverPalace/Content/ArtRes/CharRes/NPC/Class_A/210088/Role/Meshes/SK_210088_Body01_Skeleton.SK_210088_Body01_Skeleton,254
NPC/Class_A/210089/Default,NPC,NPC/Class_A/210089,Default,Default,Role,SilverPalace/Content/ArtRes/CharRes/NPC/Class_A/210089/Role/Meshes/SK_210089_Body01.SK_210089_Body01,SK_210089_Body01,SkeletalMesh,5,12526,SilverPalace/Content/ArtRes/CharRes/NPC/Class_A/210089/Role/Meshes/SK_210089_Body01_Skeleton.SK_210089_Body01_Skeleton,252
NPC/Class_A/210089/Default,NPC,NPC/Class_A/210089,Default,Default,Role,SilverPalace/Content/ArtRes/CharRes/NPC/Class_A/210089/Role/Meshes/SK_210089_Face01.SK_210089_Face01,SK_210089_Face01,SkeletalMesh,5,3492,SilverPalace/Content/ArtRes/CharRes/NPC/Class_A/210089/Role/Meshes/SK_210089_Body01_Skeleton.SK_210089_Body01_Skeleton,252
NPC/Class_A/210089/Default,NPC,NPC/Class_A/210089,Default,Default,Role,SilverPalace/Content/ArtRes/CharRes/NPC/Class_A/210089/Role/Meshes/SK_210089_Hair01.SK_210089_Hair01,SK_210089_Hair01,SkeletalMesh,5,4982,SilverPalace/Content/ArtRes/CharRes/NPC/Class_A/210089/Role/Meshes/SK_210089_Body01_Skeleton.SK_210089_Body01_Skeleton,252
NPC/Class_A/210090/Default,NPC,NPC/Class_A/210090,Default,Default,Role,SilverPalace/Content/ArtRes/CharRes/NPC/Class_A/210090/Role/Meshes/SK_210090_Body01.SK_210090_Body01,SK_210090_Body01,SkeletalMesh,5,16619,SilverPalace/Content/ArtRes/CharRes/NPC/Class_A/210090/Role/Meshes/SK_210090_Body01_Skeleton.SK_210090_Body01_Skeleton,238
NPC/Class_A/210090/Default,NPC,NPC/Class_A/210090,Default,Default,Role,SilverPalace/Content/ArtRes/CharRes/NPC/Class_A/210090/Role/Meshes/SK_210090_Face01.SK_210090_Face01,SK_210090_Face01,SkeletalMesh,5,3422,SilverPalace/Content/ArtRes/CharRes/NPC/Class_A/210090/Role/Meshes/SK_210090_Body01_Skeleton.SK_210090_Body01_Skeleton,238
NPC/Class_A/210090/Default,NPC,NPC/Class_A/210090,Default,Default,Role,SilverPalace/Content/ArtRes/CharRes/NPC/Class_A/210090/Role/Meshes/SK_210090_Hair01.SK_210090_Hair01,SK_210090_Hair01,SkeletalMesh,5,7651,SilverPalace/Content/ArtRes/CharRes/NPC/Class_A/210090/Role/Meshes/SK_210090_Body01_Skeleton.SK_210090_Body01_Skeleton,238
NPC/Class_A/210091/Default,NPC,NPC/Class_A/210091,Default,Default,Role,SilverPalace/Content/ArtRes/CharRes/NPC/Class_A/210091/Role/Meshes/SK_210091_Body01.SK_210091_Body01,SK_210091_Body01,SkeletalMesh,5,32052,SilverPalace/Content/ArtRes/CharRes/NPC/Class_A/210091/Role/Meshes/SK_210091_Body01_Skeleton.SK_210091_Body01_Skeleton,237
NPC/Class_A/210091/Default,NPC,NPC/Class_A/210091,Default,Default,Role,SilverPalace/Content/ArtRes/CharRes/NPC/Class_A/210091/Role/Meshes/SK_210091_Face01.SK_210091_Face01,SK_210091_Face01,SkeletalMesh,5,3468,SilverPalace/Content/ArtRes/CharRes/NPC/Class_A/210091/Role/Meshes/SK_210091_Body01_Skeleton.SK_210091_Body01_Skeleton,237
NPC/Class_A/210091/Default,NPC,NPC/Class_A/210091,Default,Default,Role,SilverPalace/Content/ArtRes/CharRes/NPC/Class_A/210091/Role/Meshes/SK_210091_Hair01.SK_210091_Hair01,SK_210091_Hair01,SkeletalMesh,5,7653,SilverPalace/Content/ArtRes/CharRes/NPC/Class_A/210091/Role/Meshes/SK_210091_Body01_Skeleton.SK_210091_Body01_Skeleton,237
NPC/Class_A/210092/Default,NPC,NPC/Class_A/210092,Default,Default,Role,SilverPalace/Content/ArtRes/CharRes/NPC/Class_A/210092/Role/Meshes/SK_210092_Body01.SK_210092_Body01,SK_210092_Body01,SkeletalMesh,5,16447,SilverPalace/Content/ArtRes/CharRes/NPC/Class_A/210092/Role/Meshes/SK_210092_Body01_Skeleton.SK_210092_Body01_Skeleton,210
NPC/Class_A/210092/Default,NPC,NPC/Class_A/210092,Default,Default,Role,SilverPalace/Content/ArtRes/CharRes/NPC/Class_A/210092/Role/Meshes/SK_210092_Face01.SK_210092_Face01,SK_210092_Face01,SkeletalMesh,5,2998,SilverPalace/Content/ArtRes/CharRes/NPC/Class_A/210092/Role/Meshes/SK_210092_Body01_Skeleton.SK_210092_Body01_Skeleton,210
NPC/Class_A/210092/Default,NPC,NPC/Class_A/210092,Default,Default,Role,SilverPalace/Content/ArtRes/CharRes/NPC/Class_A/210092/Role/Meshes/SK_210092_Hair01.SK_210092_Hair01,SK_210092_Hair01,SkeletalMesh,5,6283,SilverPalace/Content/ArtRes/CharRes/NPC/Class_A/210092/Role/Meshes/SK_210092_Body01_Skeleton.SK_210092_Body01_Skeleton,210
NPC/Class_A/210093/Default,NPC,NPC/Class_A/210093,Default,Default,Role,SilverPalace/Content/ArtRes/CharRes/NPC/Class_A/210093/Role/Meshes/SK_210093_Body01.SK_210093_Body01,SK_210093_Body01,SkeletalMesh,5,29384,SilverPalace/Content/ArtRes/CharRes/NPC/Class_A/210093/Role/Meshes/SK_210093_Body01_Skeleton.SK_210093_Body01_Skeleton,210
NPC/Class_A/210093/Default,NPC,NPC/Class_A/210093,Default,Default,Role,SilverPalace/Content/ArtRes/CharRes/NPC/Class_A/210093/Role/Meshes/SK_210093_Face01.SK_210093_Face01,SK_210093_Face01,SkeletalMesh,5,3272,SilverPalace/Content/ArtRes/CharRes/NPC/Class_A/210093/Role/Meshes/SK_210093_Body01_Skeleton.SK_210093_Body01_Skeleton,210
NPC/Class_A/210093/Default,NPC,NPC/Class_A/210093,Default,Default,Role,SilverPalace/Content/ArtRes/CharRes/NPC/Class_A/210093/Role/Meshes/SK_210093_Hair01.SK_210093_Hair01,SK_210093_Hair01,SkeletalMesh,5,6283,SilverPalace/Content/ArtRes/CharRes/NPC/Class_A/210093/Role/Meshes/SK_210093_Body01_Skeleton.SK_210093_Body01_Skeleton,210
NPC/Class_A/210094/Default,NPC,NPC/Class_A/210094,Default,Default,Role,SilverPalace/Content/ArtRes/CharRes/NPC/Class_A/210094/Role/Meshes/SK_210094_Body01.SK_210094_Body01,SK_210094_Body01,SkeletalMesh,5,14432,SilverPalace/Content/ArtRes/CharRes/NPC/Class_A/210094/Role/Meshes/SK_210094_Body01_Skeleton.SK_210094_Body01_Skeleton,211
NPC/Class_A/210094/Default,NPC,NPC/Class_A/210094,Default,Default,Role,SilverPalace/Content/ArtRes/CharRes/NPC/Class_A/210094/Role/Meshes/SK_210094_Face01.SK_210094_Face01,SK_210094_Face01,SkeletalMesh,5,3000,SilverPalace/Content/ArtRes/CharRes/NPC/Class_A/210094/Role/Meshes/SK_210094_Body01_Skeleton.SK_210094_Body01_Skeleton,211
NPC/Class_A/210094/Default,NPC,NPC/Class_A/210094,Default,Default,Role,SilverPalace/Content/ArtRes/CharRes/NPC/Class_A/210094/Role/Meshes/SK_210094_Hair01.SK_210094_Hair01,SK_210094_Hair01,SkeletalMesh,5,7567,SilverPalace/Content/ArtRes/CharRes/NPC/Class_A/210094/Role/Meshes/SK_210094_Body01_Skeleton.SK_210094_Body01_Skeleton,211
NPC/Class_A/210095/Default,NPC,NPC/Class_A/210095,Default,Default,Role,SilverPalace/Content/ArtRes/CharRes/NPC/Class_A/210095/Role/Meshes/SK_210095_Body01.SK_210095_Body01,SK_210095_Body01,SkeletalMesh,5,11485,SilverPalace/Content/ArtRes/CharRes/NPC/Class_A/210095/Role/Meshes/SK_210095_Body01_Skeleton.SK_210095_Body01_Skeleton,210
NPC/Class_A/210095/Default,NPC,NPC/Class_A/210095,Default,Default,Role,SilverPalace/Content/ArtRes/CharRes/NPC/Class_A/210095/Role/Meshes/SK_210095_Face01.SK_210095_Face01,SK_210095_Face01,SkeletalMesh,5,2998,SilverPalace/Content/ArtRes/CharRes/NPC/Class_A/210095/Role/Meshes/SK_210095_Body01_Skeleton.SK_210095_Body01_Skeleton,210
NPC/Class_A/210095/Default,NPC,NPC/Class_A/210095,Default,Default,Role,SilverPalace/Content/ArtRes/CharRes/NPC/Class_A/210095/Role/Meshes/SK_210095_Hair01.SK_210095_Hair01,SK_210095_Hair01,SkeletalMesh,5,6283,SilverPalace/Content/ArtRes/CharRes/NPC/Class_A/210095/Role/Meshes/SK_210095_Body01_Skeleton.SK_210095_Body01_Skeleton,210
NPC/Class_A/210100/Default,NPC,NPC/Class_A/210100,Default,Default,Role,SilverPalace/Content/ArtRes/CharRes/NPC/Class_A/210100/Role/Meshes/SK_210100.SK_210100,SK_210100,SkeletalMesh,5,48689,SilverPalace/Content/ArtRes/CharRes/NPC/Class_A/210100/Role/Meshes/SK_210100_Skeleton.SK_210100_Skeleton,259
NPC/Class_A/210102/Default,NPC,NPC/Class_A/210102,Default,Default,Role,SilverPalace/Content/ArtRes/CharRes/NPC/Class_A/210102/Role/Meshes/SK_210102_Body01.SK_210102_Body01,SK_210102_Body01,SkeletalMesh,5,34858,SilverPalace/Content/ArtRes/CharRes/NPC/Class_A/210102/Role/Meshes/SK_210102_Body01_Skeleton.SK_210102_Body01_Skeleton,312
NPC/Class_A/210102/Default,NPC,NPC/Class_A/210102,Default,Default,Role,SilverPalace/Content/ArtRes/CharRes/NPC/Class_A/210102/Role/Meshes/SK_210102_Face01.SK_210102_Face01,SK_210102_Face01,SkeletalMesh,5,3298,SilverPalace/Content/ArtRes/CharRes/NPC/Class_A/210102/Role/Meshes/SK_210102_Body01_Skeleton.SK_210102_Body01_Skeleton,312
NPC/Class_A/210102/Default,NPC,NPC/Class_A/210102,Default,Default,Role,SilverPalace/Content/ArtRes/CharRes/NPC/Class_A/210102/Role/Meshes/SK_210102_Hair01.SK_210102_Hair01,SK_210102_Hair01,SkeletalMesh,5,10262,SilverPalace/Content/ArtRes/CharRes/NPC/Class_A/210102/Role/Meshes/SK_210102_Body01_Skeleton.SK_210102_Body01_Skeleton,312
NPC/Class_A/210102/Default,NPC,NPC/Class_A/210102,Default,Default,Role,SilverPalace/Content/ArtRes/CharRes/NPC/Class_A/210102/Role/Meshes/SK_210102_Hat01.SK_210102_Hat01,SK_210102_Hat01,SkeletalMesh,5,4638,SilverPalace/Content/ArtRes/CharRes/NPC/Class_A/210102/Role/Meshes/SK_210102_Body01_Skeleton.SK_210102_Body01_Skeleton,312
NPC/Class_A/210105/Default,NPC,NPC/Class_A/210105,Default,Default,Role,SilverPalace/Content/ArtRes/CharRes/NPC/Class_A/210105/Role/Meshes/SK_210105_Body01.SK_210105_Body01,SK_210105_Body01,SkeletalMesh,5,13512,SilverPalace/Content/ArtRes/CharRes/NPC/Class_A/210105/Role/Meshes/SK_210105_Body01_Skeleton.SK_210105_Body01_Skeleton,242
NPC/Class_A/210105/Default,NPC,NPC/Class_A/210105,Default,Default,Role,SilverPalace/Content/ArtRes/CharRes/NPC/Class_A/210105/Role/Meshes/SK_210105_Face01.SK_210105_Face01,SK_210105_Face01,SkeletalMesh,5,3422,SilverPalace/Content/ArtRes/CharRes/NPC/Class_A/210105/Role/Meshes/SK_210105_Body01_Skeleton.SK_210105_Body01_Skeleton,242
NPC/Class_A/210105/Default,NPC,NPC/Class_A/210105,Default,Default,Role,SilverPalace/Content/ArtRes/CharRes/NPC/Class_A/210105/Role/Meshes/SK_210105_Hair01.SK_210105_Hair01,SK_210105_Hair01,SkeletalMesh,5,6274,SilverPalace/Content/ArtRes/CharRes/NPC/Class_A/210105/Role/Meshes/SK_210105_Body01_Skeleton.SK_210105_Body01_Skeleton,242
NPC/Class_A/210106/Default,NPC,NPC/Class_A/210106,Default,Default,Role,SilverPalace/Content/ArtRes/CharRes/NPC/Class_A/210106/Role/Meshes/SK_210106_Body01.SK_210106_Body01,SK_210106_Body01,SkeletalMesh,5,12600,SilverPalace/Content/ArtRes/CharRes/NPC/Class_A/210106/Role/Meshes/SK_210106_Body01_Skeleton.SK_210106_Body01_Skeleton,307
NPC/Class_A/210106/Default,NPC,NPC/Class_A/210106,Default,Default,Role,SilverPalace/Content/ArtRes/CharRes/NPC/Class_A/210106/Role/Meshes/SK_210106_Face01.SK_210106_Face01,SK_210106_Face01,SkeletalMesh,5,3422,SilverPalace/Content/ArtRes/CharRes/NPC/Class_A/210106/Role/Meshes/SK_210106_Body01_Skeleton.SK_210106_Body01_Skeleton,307
NPC/Class_A/210106/Default,NPC,NPC/Class_A/210106,Default,Default,Role,SilverPalace/Content/ArtRes/CharRes/NPC/Class_A/210106/Role/Meshes/SK_210106_Hair01.SK_210106_Hair01,SK_210106_Hair01,SkeletalMesh,5,7103,SilverPalace/Content/ArtRes/CharRes/NPC/Class_A/210106/Role/Meshes/SK_210106_Body01_Skeleton.SK_210106_Body01_Skeleton,307
NPC/Class_A/210106/Default,NPC,NPC/Class_A/210106,Default,Default,Role,SilverPalace/Content/ArtRes/CharRes/NPC/Class_A/210106/Role/Meshes/SK_210106_Hat01.SK_210106_Hat01,SK_210106_Hat01,SkeletalMesh,5,1034,SilverPalace/Content/ArtRes/CharRes/NPC/Class_A/210106/Role/Meshes/SK_210106_Body01_Skeleton.SK_210106_Body01_Skeleton,307
NPC/Class_A/210107/Default,NPC,NPC/Class_A/210107,Default,Default,Role,SilverPalace/Content/ArtRes/CharRes/NPC/Class_A/210107/Role/Meshes/SK_210107_Body01.SK_210107_Body01,SK_210107_Body01,SkeletalMesh,5,12522,SilverPalace/Content/ArtRes/CharRes/NPC/Class_A/210107/Role/Meshes/SK_210107_Body01_Skeleton.SK_210107_Body01_Skeleton,219
NPC/Class_A/210107/Default,NPC,NPC/Class_A/210107,Default,Default,Role,SilverPalace/Content/ArtRes/CharRes/NPC/Class_A/210107/Role/Meshes/SK_210107_Face01.SK_210107_Face01,SK_210107_Face01,SkeletalMesh,5,3496,SilverPalace/Content/ArtRes/CharRes/NPC/Class_A/210107/Role/Meshes/SK_210107_Body01_Skeleton.SK_210107_Body01_Skeleton,219
NPC/Class_A/210107/Default,NPC,NPC/Class_A/210107,Default,Default,Role,SilverPalace/Content/ArtRes/CharRes/NPC/Class_A/210107/Role/Meshes/SK_210107_Hair01.SK_210107_Hair01,SK_210107_Hair01,SkeletalMesh,5,6434,SilverPalace/Content/ArtRes/CharRes/NPC/Class_A/210107/Role/Meshes/SK_210107_Body01_Skeleton.SK_210107_Body01_Skeleton,219
NPC/Class_A/210107/Default,NPC,NPC/Class_A/210107,Default,Default,Role,SilverPalace/Content/ArtRes/CharRes/NPC/Class_A/210107/Role/Meshes/SK_210107_Hat01.SK_210107_Hat01,SK_210107_Hat01,SkeletalMesh,5,1616,SilverPalace/Content/ArtRes/CharRes/NPC/Class_A/210107/Role/Meshes/SK_210107_Body01_Skeleton.SK_210107_Body01_Skeleton,219
NPC/Class_A/210110/Default,NPC,NPC/Class_A/210110,Default,Default,Role,SilverPalace/Content/ArtRes/CharRes/NPC/Class_A/210110/Role/Meshes/SK_210110_Body01.SK_210110_Body01,SK_210110_Body01,SkeletalMesh,5,13183,SilverPalace/Content/ArtRes/CharRes/NPC/Class_A/210110/Role/Meshes/SK_210110_Body01_Skeleton.SK_210110_Body01_Skeleton,272
NPC/Class_A/210110/Default,NPC,NPC/Class_A/210110,Default,Default,Role,SilverPalace/Content/ArtRes/CharRes/NPC/Class_A/210110/Role/Meshes/SK_210110_Face01.SK_210110_Face01,SK_210110_Face01,SkeletalMesh,5,3422,SilverPalace/Content/ArtRes/CharRes/NPC/Class_A/210110/Role/Meshes/SK_210110_Body01_Skeleton.SK_210110_Body01_Skeleton,272
NPC/Class_A/210110/Default,NPC,NPC/Class_A/210110,Default,Default,Role,SilverPalace/Content/ArtRes/CharRes/NPC/Class_A/210110/Role/Meshes/SK_210110_Hair01.SK_210110_Hair01,SK_210110_Hair01,SkeletalMesh,5,4972,SilverPalace/Content/ArtRes/CharRes/NPC/Class_A/210110/Role/Meshes/SK_210110_Body01_Skeleton.SK_210110_Body01_Skeleton,272
NPC/Class_A/210111/Default,NPC,NPC/Class_A/210111,Default,Default,Role,SilverPalace/Content/ArtRes/CharRes/NPC/Class_A/210111/Role/Meshes/SK_210111_Body01.SK_210111_Body01,SK_210111_Body01,SkeletalMesh,5,38509,SilverPalace/Content/ArtRes/CharRes/NPC/Class_A/210111/Role/Meshes/SK_210111_Body01_Skeleton.SK_210111_Body01_Skeleton,193
NPC/Class_A/210111/Default,NPC,NPC/Class_A/210111,Default,Default,Role,SilverPalace/Content/ArtRes/CharRes/NPC/Class_A/210111/Role/Meshes/SK_210111_Face01.SK_210111_Face01,SK_210111_Face01,SkeletalMesh,5,2998,SilverPalace/Content/ArtRes/CharRes/NPC/Class_A/210111/Role/Meshes/SK_210111_Body01_Skeleton.SK_210111_Body01_Skeleton,193
NPC/Class_A/210111/Default,NPC,NPC/Class_A/210111,Default,Default,Role,SilverPalace/Content/ArtRes/CharRes/NPC/Class_A/210111/Role/Meshes/SK_210111_Hair01.SK_210111_Hair01,SK_210111_Hair01,SkeletalMesh,5,246,SilverPalace/Content/ArtRes/CharRes/NPC/Class_A/210111/Role/Meshes/SK_210111_Body01_Skeleton.SK_210111_Body01_Skeleton,193
NPC/Class_A/210112/Default,NPC,NPC/Class_A/210112,Default,Default,Role,SilverPalace/Content/ArtRes/CharRes/NPC/Class_A/210112/Role/Meshes/SK_210112_Body01.SK_210112_Body01,SK_210112_Body01,SkeletalMesh,5,12737,SilverPalace/Content/ArtRes/CharRes/NPC/Class_A/210112/Role/Meshes/SK_210112_Body01_Skeleton.SK_210112_Body01_Skeleton,189
NPC/Class_A/210112/Default,NPC,NPC/Class_A/210112,Default,Default,Role,SilverPalace/Content/ArtRes/CharRes/NPC/Class_A/210112/Role/Meshes/SK_210112_Face01.SK_210112_Face01,SK_210112_Face01,SkeletalMesh,5,3422,SilverPalace/Content/ArtRes/CharRes/NPC/Class_A/210112/Role/Meshes/SK_210112_Body01_Skeleton.SK_210112_Body01_Skeleton,189
NPC/Class_A/210112/Default,NPC,NPC/Class_A/210112,Default,Default,Role,SilverPalace/Content/ArtRes/CharRes/NPC/Class_A/210112/Role/Meshes/SK_210112_Hair01.SK_210112_Hair01,SK_210112_Hair01,SkeletalMesh,5,7699,SilverPalace/Content/ArtRes/CharRes/NPC/Class_A/210112/Role/Meshes/SK_210112_Body01_Skeleton.SK_210112_Body01_Skeleton,189
NPC/Class_A/210113/Default,NPC,NPC/Class_A/210113,Default,Default,Role,SilverPalace/Content/ArtRes/CharRes/NPC/Class_A/210113/Role/Meshes/SK_210113_Body01.SK_210113_Body01,SK_210113_Body01,SkeletalMesh,5,14404,SilverPalace/Content/ArtRes/CharRes/NPC/Class_A/210113/Role/Meshes/SK_210113_Body01_Skeleton.SK_210113_Body01_Skeleton,301
NPC/Class_A/210113/Default,NPC,NPC/Class_A/210113,Default,Default,Role,SilverPalace/Content/ArtRes/CharRes/NPC/Class_A/210113/Role/Meshes/SK_210113_Face01.SK_210113_Face01,SK_210113_Face01,SkeletalMesh,5,3492,SilverPalace/Content/ArtRes/CharRes/NPC/Class_A/210113/Role/Meshes/SK_210113_Body01_Skeleton.SK_210113_Body01_Skeleton,301
NPC/Class_A/210113/Default,NPC,NPC/Class_A/210113,Default,Default,Role,SilverPalace/Content/ArtRes/CharRes/NPC/Class_A/210113/Role/Meshes/SK_210113_Hair01.SK_210113_Hair01,SK_210113_Hair01,SkeletalMesh,5,5468,SilverPalace/Content/ArtRes/CharRes/NPC/Class_A/210113/Role/Meshes/SK_210113_Body01_Skeleton.SK_210113_Body01_Skeleton,301
NPC/Class_A/210113/Default,NPC,NPC/Class_A/210113,Default,Default,Role,SilverPalace/Content/ArtRes/CharRes/NPC/Class_A/210113/Role/Meshes/SK_210113_Hat01.SK_210113_Hat01,SK_210113_Hat01,SkeletalMesh,5,1535,SilverPalace/Content/ArtRes/CharRes/NPC/Class_A/210113/Role/Meshes/SK_210113_Body01_Skeleton.SK_210113_Body01_Skeleton,301
NPC/Class_A/210114/Default,NPC,NPC/Class_A/210114,Default,Default,Role,SilverPalace/Content/ArtRes/CharRes/NPC/Class_A/210114/Role/Meshes/SK_210114_Body01.SK_210114_Body01,SK_210114_Body01,SkeletalMesh,5,16672,SilverPalace/Content/ArtRes/CharRes/NPC/Class_A/210114/Role/Meshes/SK_210114_Body01_Skeleton.SK_210114_Body01_Skeleton,272
NPC/Class_A/210114/Default,NPC,NPC/Class_A/210114,Default,Default,Role,SilverPalace/Content/ArtRes/CharRes/NPC/Class_A/210114/Role/Meshes/SK_210114_Face01.SK_210114_Face01,SK_210114_Face01,SkeletalMesh,5,3496,SilverPalace/Content/ArtRes/CharRes/NPC/Class_A/210114/Role/Meshes/SK_210114_Body01_Skeleton.SK_210114_Body01_Skeleton,268
NPC/Class_A/210114/Default,NPC,NPC/Class_A/210114,Default,Default,Role,SilverPalace/Content/ArtRes/CharRes/NPC/Class_A/210114/Role/Meshes/SK_210114_Hair01.SK_210114_Hair01,SK_210114_Hair01,SkeletalMesh,5,11998,SilverPalace/Content/ArtRes/CharRes/NPC/Class_A/210114/Role/Meshes/SK_210114_Body01_Skeleton.SK_210114_Body01_Skeleton,268
NPC/Class_A/210114/Default,NPC,NPC/Class_A/210114,Default,Default,Role,SilverPalace/Content/ArtRes/CharRes/NPC/Class_A/210114/Role/Meshes/SK_210114_Hat01.SK_210114_Hat01,SK_210114_Hat01,SkeletalMesh,5,1488,SilverPalace/Content/ArtRes/CharRes/NPC/Class_A/210114/Role/Meshes/SK_210114_Body01_Skeleton.SK_210114_Body01_Skeleton,268
NPC/Class_A/210116/Default,NPC,NPC/Class_A/210116,Default,Default,Role,SilverPalace/Content/ArtRes/CharRes/NPC/Class_A/210116/Role/Meshes/SK_210116_Body01.SK_210116_Body01,SK_210116_Body01,SkeletalMesh,5,14532,SilverPalace/Content/ArtRes/CharRes/NPC/Class_A/210116/Role/Meshes/SK_210116_Body01_Skeleton.SK_210116_Body01_Skeleton,217
NPC/Class_A/210116/Default,NPC,NPC/Class_A/210116,Default,Default,Role,SilverPalace/Content/ArtRes/CharRes/NPC/Class_A/210116/Role/Meshes/SK_210116_Face01.SK_210116_Face01,SK_210116_Face01,SkeletalMesh,5,3422,SilverPalace/Content/ArtRes/CharRes/NPC/Class_A/210116/Role/Meshes/SK_210116_Body01_Skeleton.SK_210116_Body01_Skeleton,217
NPC/Class_A/210116/Default,NPC,NPC/Class_A/210116,Default,Default,Role,SilverPalace/Content/ArtRes/CharRes/NPC/Class_A/210116/Role/Meshes/SK_210116_Hair01.SK_210116_Hair01,SK_210116_Hair01,SkeletalMesh,5,8093,SilverPalace/Content/ArtRes/CharRes/NPC/Class_A/210116/Role/Meshes/SK_210116_Body01_Skeleton.SK_210116_Body01_Skeleton,217
NPC/Class_A/210116/Default,NPC,NPC/Class_A/210116,Default,Default,Role,SilverPalace/Content/ArtRes/CharRes/NPC/Class_A/210116/Role/Meshes/SK_210116_Hat01.SK_210116_Hat01,SK_210116_Hat01,SkeletalMesh,5,2026,SilverPalace/Content/ArtRes/CharRes/NPC/Class_A/210116/Role/Meshes/SK_210116_Body01_Skeleton.SK_210116_Body01_Skeleton,217
NPC/Class_A/210117/Default,NPC,NPC/Class_A/210117,Default,Default,Role,SilverPalace/Content/ArtRes/CharRes/NPC/Class_A/210117/Role/Meshes/SK_210117_Body01.SK_210117_Body01,SK_210117_Body01,SkeletalMesh,5,15877,SilverPalace/Content/ArtRes/CharRes/NPC/Class_A/210117/Role/Meshes/SK_210117_Body01_Skeleton.SK_210117_Body01_Skeleton,279
NPC/Class_A/210117/Default,NPC,NPC/Class_A/210117,Default,Default,Role,SilverPalace/Content/ArtRes/CharRes/NPC/Class_A/210117/Role/Meshes/SK_210117_Face01.SK_210117_Face01,SK_210117_Face01,SkeletalMesh,5,3478,SilverPalace/Content/ArtRes/CharRes/NPC/Class_A/210117/Role/Meshes/SK_210117_Body01_Skeleton.SK_210117_Body01_Skeleton,281
NPC/Class_A/210117/Default,NPC,NPC/Class_A/210117,Default,Default,Role,SilverPalace/Content/ArtRes/CharRes/NPC/Class_A/210117/Role/Meshes/SK_210117_Hair01.SK_210117_Hair01,SK_210117_Hair01,SkeletalMesh,5,6114,SilverPalace/Content/ArtRes/CharRes/NPC/Class_A/210117/Role/Meshes/SK_210117_Body01_Skeleton.SK_210117_Body01_Skeleton,279
NPC/Class_A/210117/Default,NPC,NPC/Class_A/210117,Default,Default,Role,SilverPalace/Content/ArtRes/CharRes/NPC/Class_A/210117/Role/Meshes/SK_210117_Hat01.SK_210117_Hat01,SK_210117_Hat01,SkeletalMesh,5,1437,SilverPalace/Content/ArtRes/CharRes/NPC/Class_A/210117/Role/Meshes/SK_210117_Body01_Skeleton.SK_210117_Body01_Skeleton,279
NPC/Class_A/210118/Default,NPC,NPC/Class_A/210118,Default,Default,Role,SilverPalace/Content/ArtRes/CharRes/NPC/Class_A/210118/Role/Meshes/SK_210118_Body01.SK_210118_Body01,SK_210118_Body01,SkeletalMesh,5,15227,SilverPalace/Content/ArtRes/CharRes/NPC/Class_A/210118/Role/Meshes/SK_210118_Body01_Skeleton.SK_210118_Body01_Skeleton,302
NPC/Class_A/210118/Default,NPC,NPC/Class_A/210118,Default,Default,Role,SilverPalace/Content/ArtRes/CharRes/NPC/Class_A/210118/Role/Meshes/SK_210118_Face01.SK_210118_Face01,SK_210118_Face01,SkeletalMesh,5,3428,SilverPalace/Content/ArtRes/CharRes/NPC/Class_A/210118/Role/Meshes/SK_210118_Body01_Skeleton.SK_210118_Body01_Skeleton,302
NPC/Class_A/210118/Default,NPC,NPC/Class_A/210118,Default,Default,Role,SilverPalace/Content/ArtRes/CharRes/NPC/Class_A/210118/Role/Meshes/SK_210118_Hair01.SK_210118_Hair01,SK_210118_Hair01,SkeletalMesh,5,6283,SilverPalace/Content/ArtRes/CharRes/NPC/Class_A/210118/Role/Meshes/SK_210118_Body01_Skeleton.SK_210118_Body01_Skeleton,302
NPC/Class_A/210119/Default,NPC,NPC/Class_A/210119,Default,Default,Role,SilverPalace/Content/ArtRes/CharRes/NPC/Class_A/210119/Role/Meshes/SK_210119_Body01.SK_210119_Body01,SK_210119_Body01,SkeletalMesh,5,18386,SilverPalace/Content/ArtRes/CharRes/NPC/Class_A/210119/Role/Meshes/SK_210119_Body01_Skeleton.SK_210119_Body01_Skeleton,343
NPC/Class_A/210119/Default,NPC,NPC/Class_A/210119,Default,Default,Role,SilverPalace/Content/ArtRes/CharRes/NPC/Class_A/210119/Role/Meshes/SK_210119_Face01.SK_210119_Face01,SK_210119_Face01,SkeletalMesh,5,3478,SilverPalace/Content/ArtRes/CharRes/NPC/Class_A/210119/Role/Meshes/SK_210119_Body01_Skeleton.SK_210119_Body01_Skeleton,343
NPC/Class_A/210119/Default,NPC,NPC/Class_A/210119,Default,Default,Role,SilverPalace/Content/ArtRes/CharRes/NPC/Class_A/210119/Role/Meshes/SK_210119_Hair01.SK_210119_Hair01,SK_210119_Hair01,SkeletalMesh,5,4972,SilverPalace/Content/ArtRes/CharRes/NPC/Class_A/210119/Role/Meshes/SK_210119_Body01_Skeleton.SK_210119_Body01_Skeleton,343
NPC/Class_A/210119/Default,NPC,NPC/Class_A/210119,Default,Default,Role,SilverPalace/Content/ArtRes/CharRes/NPC/Class_A/210119/Role/Meshes/SK_210119_Hat01.SK_210119_Hat01,SK_210119_Hat01,SkeletalMesh,5,1488,SilverPalace/Content/ArtRes/CharRes/NPC/Class_A/210119/Role/Meshes/SK_210119_Body01_Skeleton.SK_210119_Body01_Skeleton,343
NPC/Class_A/210120/Default,NPC,NPC/Class_A/210120,Default,Default,Role,SilverPalace/Content/ArtRes/CharRes/NPC/Class_A/210120/Role/Meshes/SK_210120_Body01.SK_210120_Body01,SK_210120_Body01,SkeletalMesh,5,18386,SilverPalace/Content/ArtRes/CharRes/NPC/Class_A/210120/Role/Meshes/SK_210120_Body01_Skeleton.SK_210120_Body01_Skeleton,337
NPC/Class_A/210120/Default,NPC,NPC/Class_A/210120,Default,Default,Role,SilverPalace/Content/ArtRes/CharRes/NPC/Class_A/210120/Role/Meshes/SK_210120_Face01.SK_210120_Face01,SK_210120_Face01,SkeletalMesh,5,3452,SilverPalace/Content/ArtRes/CharRes/NPC/Class_A/210120/Role/Meshes/SK_210120_Body01_Skeleton.SK_210120_Body01_Skeleton,333
NPC/Class_A/210120/Default,NPC,NPC/Class_A/210120,Default,Default,Role,SilverPalace/Content/ArtRes/CharRes/NPC/Class_A/210120/Role/Meshes/SK_210120_Hair01.SK_210120_Hair01,SK_210120_Hair01,SkeletalMesh,5,5241,SilverPalace/Content/ArtRes/CharRes/NPC/Class_A/210120/Role/Meshes/SK_210120_Body01_Skeleton.SK_210120_Body01_Skeleton,333
NPC/Class_A/210120/Default,NPC,NPC/Class_A/210120,Default,Default,Role,SilverPalace/Content/ArtRes/CharRes/NPC/Class_A/210120/Role/Meshes/SK_210120_Hat01.SK_210120_Hat01,SK_210120_Hat01,SkeletalMesh,5,1488,SilverPalace/Content/ArtRes/CharRes/NPC/Class_A/210120/Role/Meshes/SK_210120_Body01_Skeleton.SK_210120_Body01_Skeleton,333
NPC/Class_A/210121/Default,NPC,NPC/Class_A/210121,Default,Default,Role,SilverPalace/Content/ArtRes/CharRes/NPC/Class_A/210121/Role/Meshes/SK_210121_Body01.SK_210121_Body01,SK_210121_Body01,SkeletalMesh,5,12526,SilverPalace/Content/ArtRes/CharRes/NPC/Class_A/210121/Role/Meshes/SK_210121_Body01_Skeleton.SK_210121_Body01_Skeleton,246
NPC/Class_A/210121/Default,NPC,NPC/Class_A/210121,Default,Default,Role,SilverPalace/Content/ArtRes/CharRes/NPC/Class_A/210121/Role/Meshes/SK_210121_Face01.SK_210121_Face01,SK_210121_Face01,SkeletalMesh,5,2990,SilverPalace/Content/ArtRes/CharRes/NPC/Class_A/210121/Role/Meshes/SK_210121_Body01_Skeleton.SK_210121_Body01_Skeleton,246
NPC/Class_A/210121/Default,NPC,NPC/Class_A/210121,Default,Default,Role,SilverPalace/Content/ArtRes/CharRes/NPC/Class_A/210121/Role/Meshes/SK_210121_Hair01.SK_210121_Hair01,SK_210121_Hair01,SkeletalMesh,5,6581,SilverPalace/Content/ArtRes/CharRes/NPC/Class_A/210121/Role/Meshes/SK_210121_Body01_Skeleton.SK_210121_Body01_Skeleton,246
NPC/Class_A/210122/Default,NPC,NPC/Class_A/210122,Default,Default,Role,SilverPalace/Content/ArtRes/CharRes/NPC/Class_A/210122/Role/Meshes/SK_210122_Body01.SK_210122_Body01,SK_210122_Body01,SkeletalMesh,5,14027,SilverPalace/Content/ArtRes/CharRes/NPC/Class_A/210122/Role/Meshes/SK_210122_Body01_Skeleton.SK_210122_Body01_Skeleton,205
NPC/Class_A/210122/Default,NPC,NPC/Class_A/210122,Default,Default,Role,SilverPalace/Content/ArtRes/CharRes/NPC/Class_A/210122/Role/Meshes/SK_210122_Face01.SK_210122_Face01,SK_210122_Face01,SkeletalMesh,5,3486,SilverPalace/Content/ArtRes/CharRes/NPC/Class_A/210122/Role/Meshes/SK_210122_Body01_Skeleton.SK_210122_Body01_Skeleton,205
NPC/Class_A/210122/Default,NPC,NPC/Class_A/210122,Default,Default,Role,SilverPalace/Content/ArtRes/CharRes/NPC/Class_A/210122/Role/Meshes/SK_210122_Hair01.SK_210122_Hair01,SK_210122_Hair01,SkeletalMesh,5,6236,SilverPalace/Content/ArtRes/CharRes/NPC/Class_A/210122/Role/Meshes/SK_210122_Body01_Skeleton.SK_210122_Body01_Skeleton,205
NPC/Class_A/210123/Default,NPC,NPC/Class_A/210123,Default,Default,Role,SilverPalace/Content/ArtRes/CharRes/NPC/Class_A/210123/Role/Meshes/SK_210123_Body01.SK_210123_Body01,SK_210123_Body01,SkeletalMesh,5,13771,SilverPalace/Content/ArtRes/CharRes/NPC/Class_A/210123/Role/Meshes/SK_210123_Body01_Skeleton.SK_210123_Body01_Skeleton,182
NPC/Class_A/210123/Default,NPC,NPC/Class_A/210123,Default,Default,Role,SilverPalace/Content/ArtRes/CharRes/NPC/Class_A/210123/Role/Meshes/SK_210123_Face01.SK_210123_Face01,SK_210123_Face01,SkeletalMesh,5,3430,SilverPalace/Content/ArtRes/CharRes/NPC/Class_A/210123/Role/Meshes/SK_210123_Body01_Skeleton.SK_210123_Body01_Skeleton,182
NPC/Class_A/210123/Default,NPC,NPC/Class_A/210123,Default,Default,Role,SilverPalace/Content/ArtRes/CharRes/NPC/Class_A/210123/Role/Meshes/SK_210123_Hair01.SK_210123_Hair01,SK_210123_Hair01,SkeletalMesh,5,6715,SilverPalace/Content/ArtRes/CharRes/NPC/Class_A/210123/Role/Meshes/SK_210123_Body01_Skeleton.SK_210123_Body01_Skeleton,182
NPC/Class_A/210124/Default,NPC,NPC/Class_A/210124,Default,Default,Role,SilverPalace/Content/ArtRes/CharRes/NPC/Class_A/210124/Role/Meshes/SK_210124_Body01.SK_210124_Body01,SK_210124_Body01,SkeletalMesh,5,11588,SilverPalace/Content/ArtRes/CharRes/NPC/Class_A/210124/Role/Meshes/SK_210124_Body01_Skeleton.SK_210124_Body01_Skeleton,183
NPC/Class_A/210124/Default,NPC,NPC/Class_A/210124,Default,Default,Role,SilverPalace/Content/ArtRes/CharRes/NPC/Class_A/210124/Role/Meshes/SK_210124_Face01.SK_210124_Face01,SK_210124_Face01,SkeletalMesh,5,3600,SilverPalace/Content/ArtRes/CharRes/NPC/Class_A/210124/Role/Meshes/SK_210124_Body01_Skeleton.SK_210124_Body01_Skeleton,183
NPC/Class_A/210124/Default,NPC,NPC/Class_A/210124,Default,Default,Role,SilverPalace/Content/ArtRes/CharRes/NPC/Class_A/210124/Role/Meshes/SK_210124_Hair01.SK_210124_Hair01,SK_210124_Hair01,SkeletalMesh,5,6387,SilverPalace/Content/ArtRes/CharRes/NPC/Class_A/210124/Role/Meshes/SK_210124_Body01_Skeleton.SK_210124_Body01_Skeleton,183
NPC/Class_A/210125/Default,NPC,NPC/Class_A/210125,Default,Default,Role,SilverPalace/Content/ArtRes/CharRes/NPC/Class_A/210125/Role/Meshes/SK_210125_Body01.SK_210125_Body01,SK_210125_Body01,SkeletalMesh,5,16072,SilverPalace/Content/ArtRes/CharRes/NPC/Class_A/210125/Role/Meshes/SK_210125_Body01_Skeleton.SK_210125_Body01_Skeleton,251
NPC/Class_A/210125/Default,NPC,NPC/Class_A/210125,Default,Default,Role,SilverPalace/Content/ArtRes/CharRes/NPC/Class_A/210125/Role/Meshes/SK_210125_Face01.SK_210125_Face01,SK_210125_Face01,SkeletalMesh,5,3452,SilverPalace/Content/ArtRes/CharRes/NPC/Class_A/210125/Role/Meshes/SK_210125_Body01_Skeleton.SK_210125_Body01_Skeleton,251
NPC/Class_A/210125/Default,NPC,NPC/Class_A/210125,Default,Default,Role,SilverPalace/Content/ArtRes/CharRes/NPC/Class_A/210125/Role/Meshes/SK_210125_Hair01.SK_210125_Hair01,SK_210125_Hair01,SkeletalMesh,5,6177,SilverPalace/Content/ArtRes/CharRes/NPC/Class_A/210125/Role/Meshes/SK_210125_Body01_Skeleton.SK_210125_Body01_Skeleton,251
NPC/Class_A/210125/Default,NPC,NPC/Class_A/210125,Default,Default,Role,SilverPalace/Content/ArtRes/CharRes/NPC/Class_A/210125/Role/Meshes/SK_210125_Hat01.SK_210125_Hat01,SK_210125_Hat01,SkeletalMesh,5,1304,SilverPalace/Content/ArtRes/CharRes/NPC/Class_A/210125/Role/Meshes/SK_210125_Body01_Skeleton.SK_210125_Body01_Skeleton,251
NPC/Class_A/210126/Default,NPC,NPC/Class_A/210126,Default,Default,Role,SilverPalace/Content/ArtRes/CharRes/NPC/Class_A/210126/Role/Meshes/SK_210126_Body01.SK_210126_Body01,SK_210126_Body01,SkeletalMesh,5,29384,SilverPalace/Content/ArtRes/CharRes/NPC/Class_A/210126/Role/Meshes/SK_210126_Body01_Skeleton.SK_210126_Body01_Skeleton,200
NPC/Class_A/210126/Default,NPC,NPC/Class_A/210126,Default,Default,Role,SilverPalace/Content/ArtRes/CharRes/NPC/Class_A/210126/Role/Meshes/SK_210126_Face01.SK_210126_Face01,SK_210126_Face01,SkeletalMesh,5,3422,SilverPalace/Content/ArtRes/CharRes/NPC/Class_A/210126/Role/Meshes/SK_210126_Body01_Skeleton.SK_210126_Body01_Skeleton,200
NPC/Class_A/210126/Default,NPC,NPC/Class_A/210126,Default,Default,Role,SilverPalace/Content/ArtRes/CharRes/NPC/Class_A/210126/Role/Meshes/SK_210126_Hair01.SK_210126_Hair01,SK_210126_Hair01,SkeletalMesh,5,5070,SilverPalace/Content/ArtRes/CharRes/NPC/Class_A/210126/Role/Meshes/SK_210126_Body01_Skeleton.SK_210126_Body01_Skeleton,200
NPC/Class_A/210126/Default,NPC,NPC/Class_A/210126,Default,Default,Role,SilverPalace/Content/ArtRes/CharRes/NPC/Class_A/210126/Role/Meshes/SK_210126_Hat01.SK_210126_Hat01,SK_210126_Hat01,SkeletalMesh,5,3224,SilverPalace/Content/ArtRes/CharRes/NPC/Class_A/210126/Role/Meshes/SK_210126_Body01_Skeleton.SK_210126_Body01_Skeleton,200
NPC/Class_A/210127/Default,NPC,NPC/Class_A/210127,Default,Default,Role,SilverPalace/Content/ArtRes/CharRes/NPC/Class_A/210127/Role/Meshes/SK_210127_Body01.SK_210127_Body01,SK_210127_Body01,SkeletalMesh,5,29384,SilverPalace/Content/ArtRes/CharRes/NPC/Class_A/210127/Role/Meshes/SK_210127_Body01_Skeleton.SK_210127_Body01_Skeleton,217
NPC/Class_A/210127/Default,NPC,NPC/Class_A/210127,Default,Default,Role,SilverPalace/Content/ArtRes/CharRes/NPC/Class_A/210127/Role/Meshes/SK_210127_Face01.SK_210127_Face01,SK_210127_Face01,SkeletalMesh,5,3462,SilverPalace/Content/ArtRes/CharRes/NPC/Class_A/210127/Role/Meshes/SK_210127_Body01_Skeleton.SK_210127_Body01_Skeleton,217
NPC/Class_A/210127/Default,NPC,NPC/Class_A/210127,Default,Default,Role,SilverPalace/Content/ArtRes/CharRes/NPC/Class_A/210127/Role/Meshes/SK_210127_Hair01.SK_210127_Hair01,SK_210127_Hair01,SkeletalMesh,5,5482,SilverPalace/Content/ArtRes/CharRes/NPC/Class_A/210127/Role/Meshes/SK_210127_Body01_Skeleton.SK_210127_Body01_Skeleton,217
NPC/Class_A/210127/Default,NPC,NPC/Class_A/210127,Default,Default,Role,SilverPalace/Content/ArtRes/CharRes/NPC/Class_A/210127/Role/Meshes/SK_210127_Hat01.SK_210127_Hat01,SK_210127_Hat01,SkeletalMesh,5,3224,SilverPalace/Content/ArtRes/CharRes/NPC/Class_A/210127/Role/Meshes/SK_210127_Body01_Skeleton.SK_210127_Body01_Skeleton,217
NPC/Class_A/210128/Default,NPC,NPC/Class_A/210128,Default,Default,Role,SilverPalace/Content/ArtRes/CharRes/NPC/Class_A/210128/Role/Meshes/SK_210128_Body01.SK_210128_Body01,SK_210128_Body01,SkeletalMesh,5,16738,SilverPalace/Content/ArtRes/CharRes/NPC/Class_A/210128/Role/Meshes/SK_210128_Body01_Skeleton.SK_210128_Body01_Skeleton,241
NPC/Class_A/210128/Default,NPC,NPC/Class_A/210128,Default,Default,Role,SilverPalace/Content/ArtRes/CharRes/NPC/Class_A/210128/Role/Meshes/SK_210128_Face01.SK_210128_Face01,SK_210128_Face01,SkeletalMesh,5,3496,SilverPalace/Content/ArtRes/CharRes/NPC/Class_A/210128/Role/Meshes/SK_210128_Body01_Skeleton.SK_210128_Body01_Skeleton,241
NPC/Class_A/210128/Default,NPC,NPC/Class_A/210128,Default,Default,Role,SilverPalace/Content/ArtRes/CharRes/NPC/Class_A/210128/Role/Meshes/SK_210128_Hair01.SK_210128_Hair01,SK_210128_Hair01,SkeletalMesh,5,4932,SilverPalace/Content/ArtRes/CharRes/NPC/Class_A/210128/Role/Meshes/SK_210128_Body01_Skeleton.SK_210128_Body01_Skeleton,241
NPC/Class_A/210129/Default,NPC,NPC/Class_A/210129,Default,Default,Role,SilverPalace/Content/ArtRes/CharRes/NPC/Class_A/210129/Role/Meshes/SK_210129_Body01.SK_210129_Body01,SK_210129_Body01,SkeletalMesh,5,13512,SilverPalace/Content/ArtRes/CharRes/NPC/Class_A/210129/Role/Meshes/SK_210129_Body01_Skeleton.SK_210129_Body01_Skeleton,242
NPC/Class_A/210129/Default,NPC,NPC/Class_A/210129,Default,Default,Role,SilverPalace/Content/ArtRes/CharRes/NPC/Class_A/210129/Role/Meshes/SK_210129_Face01.SK_210129_Face01,SK_210129_Face01,SkeletalMesh,5,3422,SilverPalace/Content/ArtRes/CharRes/NPC/Class_A/210129/Role/Meshes/SK_210129_Body01_Skeleton.SK_210129_Body01_Skeleton,242
NPC/Class_A/210129/Default,NPC,NPC/Class_A/210129,Default,Default,Role,SilverPalace/Content/ArtRes/CharRes/NPC/Class_A/210129/Role/Meshes/SK_210129_Hair01.SK_210129_Hair01,SK_210129_Hair01,SkeletalMesh,5,6275,SilverPalace/Content/ArtRes/CharRes/NPC/Class_A/210129/Role/Meshes/SK_210129_Body01_Skeleton.SK_210129_Body01_Skeleton,242
NPC/Class_A/210130/Default,NPC,NPC/Class_A/210130,Default,Default,Role,SilverPalace/Content/ArtRes/CharRes/NPC/Class_A/210130/Role/Meshes/SK_210130_Body01.SK_210130_Body01,SK_210130_Body01,SkeletalMesh,5,12600,SilverPalace/Content/ArtRes/CharRes/NPC/Class_A/210130/Role/Meshes/SK_210130_Body01_Skeleton.SK_210130_Body01_Skeleton,288
NPC/Class_A/210130/Default,NPC,NPC/Class_A/210130,Default,Default,Role,SilverPalace/Content/ArtRes/CharRes/NPC/Class_A/210130/Role/Meshes/SK_210130_Face01.SK_210130_Face01,SK_210130_Face01,SkeletalMesh,5,3422,SilverPalace/Content/ArtRes/CharRes/NPC/Class_A/210130/Role/Meshes/SK_210130_Body01_Skeleton.SK_210130_Body01_Skeleton,288
NPC/Class_A/210130/Default,NPC,NPC/Class_A/210130,Default,Default,Role,SilverPalace/Content/ArtRes/CharRes/NPC/Class_A/210130/Role/Meshes/SK_210130_Hair01.SK_210130_Hair01,SK_210130_Hair01,SkeletalMesh,5,11002,SilverPalace/Content/ArtRes/CharRes/NPC/Class_A/210130/Role/Meshes/SK_210130_Body01_Skeleton.SK_210130_Body01_Skeleton,288
NPC/Class_A/210131/Default,NPC,NPC/Class_A/210131,Default,Default,Role,SilverPalace/Content/ArtRes/CharRes/NPC/Class_A/210131/Role/Meshes/SK_210131_Body01.SK_210131_Body01,SK_210131_Body01,SkeletalMesh,5,12924,SilverPalace/Content/ArtRes/CharRes/NPC/Class_A/210131/Role/Meshes/SK_210131_Body01_Skeleton.SK_210131_Body01_Skeleton,228
NPC/Class_A/210131/Default,NPC,NPC/Class_A/210131,Default,Default,Role,SilverPalace/Content/ArtRes/CharRes/NPC/Class_A/210131/Role/Meshes/SK_210131_Face01.SK_210131_Face01,SK_210131_Face01,SkeletalMesh,5,3422,SilverPalace/Content/ArtRes/CharRes/NPC/Class_A/210131/Role/Meshes/SK_210131_Body01_Skeleton.SK_210131_Body01_Skeleton,228
NPC/Class_A/210131/Default,NPC,NPC/Class_A/210131,Default,Default,Role,SilverPalace/Content/ArtRes/CharRes/NPC/Class_A/210131/Role/Meshes/SK_210131_Hair01.SK_210131_Hair01,SK_210131_Hair01,SkeletalMesh,5,3966,SilverPalace/Content/ArtRes/CharRes/NPC/Class_A/210131/Role/Meshes/SK_210131_Body01_Skeleton.SK_210131_Body01_Skeleton,228
NPC/Class_A/210131/Default,NPC,NPC/Class_A/210131,Default,Default,Role,SilverPalace/Content/ArtRes/CharRes/NPC/Class_A/210131/Role/Meshes/SK_210131_Hat01.SK_210131_Hat01,SK_210131_Hat01,SkeletalMesh,5,902,SilverPalace/Content/ArtRes/CharRes/NPC/Class_A/210131/Role/Meshes/SK_210131_Body01_Skeleton.SK_210131_Body01_Skeleton,228
NPC/Class_A/210132/Default,NPC,NPC/Class_A/210132,Default,Default,Role,SilverPalace/Content/ArtRes/CharRes/NPC/Class_A/210132/Role/Meshes/SK_210132_Body01.SK_210132_Body01,SK_210132_Body01,SkeletalMesh,5,29384,SilverPalace/Content/ArtRes/CharRes/NPC/Class_A/210132/Role/Meshes/SK_210132_Body01_Skeleton.SK_210132_Body01_Skeleton,210
NPC/Class_A/210132/Default,NPC,NPC/Class_A/210132,Default,Default,Role,SilverPalace/Content/ArtRes/CharRes/NPC/Class_A/210132/Role/Meshes/SK_210132_Face01.SK_210132_Face01,SK_210132_Face01,SkeletalMesh,5,3462,SilverPalace/Content/ArtRes/CharRes/NPC/Class_A/210132/Role/Meshes/SK_210132_Body01_Skeleton.SK_210132_Body01_Skeleton,210
NPC/Class_A/210132/Default,NPC,NPC/Class_A/210132,Default,Default,Role,SilverPalace/Content/ArtRes/CharRes/NPC/Class_A/210132/Role/Meshes/SK_210132_Hair01.SK_210132_Hair01,SK_210132_Hair01,SkeletalMesh,5,4288,SilverPalace/Content/ArtRes/CharRes/NPC/Class_A/210132/Role/Meshes/SK_210132_Body01_Skeleton.SK_210132_Body01_Skeleton,210
NPC/Class_A/210132/Default,NPC,NPC/Class_A/210132,Default,Default,Role,SilverPalace/Content/ArtRes/CharRes/NPC/Class_A/210132/Role/Meshes/SK_210132_Hat01.SK_210132_Hat01,SK_210132_Hat01,SkeletalMesh,5,3224,SilverPalace/Content/ArtRes/CharRes/NPC/Class_A/210132/Role/Meshes/SK_210132_Body01_Skeleton.SK_210132_Body01_Skeleton,210
NPC/Class_A/210133/Default,NPC,NPC/Class_A/210133,Default,Default,Role,SilverPalace/Content/ArtRes/CharRes/NPC/Class_A/210133/Role/Meshes/SK_210133_Body01.SK_210133_Body01,SK_210133_Body01,SkeletalMesh,5,18313,SilverPalace/Content/ArtRes/CharRes/NPC/Class_A/210133/Role/Meshes/SK_210133_Body01_Skeleton.SK_210133_Body01_Skeleton,195
NPC/Class_A/210133/Default,NPC,NPC/Class_A/210133,Default,Default,Role,SilverPalace/Content/ArtRes/CharRes/NPC/Class_A/210133/Role/Meshes/SK_210133_Face01.SK_210133_Face01,SK_210133_Face01,SkeletalMesh,5,5788,SilverPalace/Content/ArtRes/CharRes/NPC/Class_A/210133/Role/Meshes/SK_210133_Body01_Skeleton.SK_210133_Body01_Skeleton,195
NPC/Class_A/210133/Default,NPC,NPC/Class_A/210133,Default,Default,Role,SilverPalace/Content/ArtRes/CharRes/NPC/Class_A/210133/Role/Meshes/SK_210133_Hair01.SK_210133_Hair01,SK_210133_Hair01,SkeletalMesh,5,4920,SilverPalace/Content/ArtRes/CharRes/NPC/Class_A/210133/Role/Meshes/SK_210133_Body01_Skeleton.SK_210133_Body01_Skeleton,195
NPC/Class_A/210134/Default,NPC,NPC/Class_A/210134,Default,Default,Role,SilverPalace/Content/ArtRes/CharRes/NPC/Class_A/210134/Role/Meshes/SK_210134_Body01.SK_210134_Body01,SK_210134_Body01,SkeletalMesh,5,45058,SilverPalace/Content/ArtRes/CharRes/NPC/Class_A/210134/Role/Meshes/SK_210134_Body01_Skeleton.SK_210134_Body01_Skeleton,225
NPC/Class_A/210134/Default,NPC,NPC/Class_A/210134,Default,Default,Role,SilverPalace/Content/ArtRes/CharRes/NPC/Class_A/210134/Role/Meshes/SK_210134_Face01.SK_210134_Face01,SK_210134_Face01,SkeletalMesh,5,2998,SilverPalace/Content/ArtRes/CharRes/NPC/Class_A/210134/Role/Meshes/SK_210134_Body01_Skeleton.SK_210134_Body01_Skeleton,225
NPC/Class_A/210135/Default,NPC,NPC/Class_A/210135,Default,Default,Role,SilverPalace/Content/ArtRes/CharRes/NPC/Class_A/210135/Role/Meshes/SK_210135_Body01.SK_210135_Body01,SK_210135_Body01,SkeletalMesh,5,34947,SilverPalace/Content/ArtRes/CharRes/NPC/Class_A/210135/Role/Meshes/SK_210135_Body01_Skeleton.SK_210135_Body01_Skeleton,130
NPC/Class_A/210136/Default,NPC,NPC/Class_A/210136,Default,Default,Role,SilverPalace/Content/ArtRes/CharRes/NPC/Class_A/210136/Role/Meshes/SK_210136_Body01.SK_210136_Body01,SK_210136_Body01,SkeletalMesh,5,49190,SilverPalace/Content/ArtRes/CharRes/NPC/Class_A/210136/Role/Meshes/SK_210136_Body01_Skeleton.SK_210136_Body01_Skeleton,185
NPC/Class_A/210136/Default,NPC,NPC/Class_A/210136,Default,Default,Role,SilverPalace/Content/ArtRes/CharRes/NPC/Class_A/210136/Role/Meshes/SK_210136_Hair01.SK_210136_Hair01,SK_210136_Hair01,SkeletalMesh,5,6542,SilverPalace/Content/ArtRes/CharRes/NPC/Class_A/210136/Role/Meshes/SK_210136_Body01_Skeleton.SK_210136_Body01_Skeleton,185
NPC/Class_A/210137/Default,NPC,NPC/Class_A/210137,Default,Default,Role,SilverPalace/Content/ArtRes/CharRes/NPC/Class_A/210137/Role/Meshes/SK_210137_Body01.SK_210137_Body01,SK_210137_Body01,SkeletalMesh,5,16732,SilverPalace/Content/ArtRes/CharRes/NPC/Class_A/210137/Role/Meshes/SK_210137_Body01_Skeleton.SK_210137_Body01_Skeleton,233
NPC/Class_A/210137/Default,NPC,NPC/Class_A/210137,Default,Default,Role,SilverPalace/Content/ArtRes/CharRes/NPC/Class_A/210137/Role/Meshes/SK_210137_Face01.SK_210137_Face01,SK_210137_Face01,SkeletalMesh,5,3496,SilverPalace/Content/ArtRes/CharRes/NPC/Class_A/210137/Role/Meshes/SK_210137_Body01_Skeleton.SK_210137_Body01_Skeleton,233
NPC/Class_A/210137/Default,NPC,NPC/Class_A/210137,Default,Default,Role,SilverPalace/Content/ArtRes/CharRes/NPC/Class_A/210137/Role/Meshes/SK_210137_Hair01.SK_210137_Hair01,SK_210137_Hair01,SkeletalMesh,5,5176,SilverPalace/Content/ArtRes/CharRes/NPC/Class_A/210137/Role/Meshes/SK_210137_Body01_Skeleton.SK_210137_Body01_Skeleton,233
NPC/Class_A/210137/Default,NPC,NPC/Class_A/210137,Default,Default,Role,SilverPalace/Content/ArtRes/CharRes/NPC/Class_A/210137/Role/Meshes/SK_210137_Hat01.SK_210137_Hat01,SK_210137_Hat01,SkeletalMesh,5,994,SilverPalace/Content/ArtRes/CharRes/NPC/Class_A/210137/Role/Meshes/SK_210137_Body01_Skeleton.SK_210137_Body01_Skeleton,233
NPC/Class_A/210140/Default,NPC,NPC/Class_A/210140,Default,Default,Role,SilverPalace/Content/ArtRes/CharRes/NPC/Class_A/210140/Role/Meshes/SK_210140_Body01.SK_210140_Body01,SK_210140_Body01,SkeletalMesh,5,16064,SilverPalace/Content/ArtRes/CharRes/NPC/Class_A/210140/Role/Meshes/SK_210140_Body01_Skeleton.SK_210140_Body01_Skeleton,230
NPC/Class_A/210140/Default,NPC,NPC/Class_A/210140,Default,Default,Role,SilverPalace/Content/ArtRes/CharRes/NPC/Class_A/210140/Role/Meshes/SK_210140_Face01.SK_210140_Face01,SK_210140_Face01,SkeletalMesh,5,3496,SilverPalace/Content/ArtRes/CharRes/NPC/Class_A/210140/Role/Meshes/SK_210140_Body01_Skeleton.SK_210140_Body01_Skeleton,230
NPC/Class_A/210140/Default,NPC,NPC/Class_A/210140,Default,Default,Role,SilverPalace/Content/ArtRes/CharRes/NPC/Class_A/210140/Role/Meshes/SK_210140_Hair01.SK_210140_Hair01,SK_210140_Hair01,SkeletalMesh,5,7463,SilverPalace/Content/ArtRes/CharRes/NPC/Class_A/210140/Role/Meshes/SK_210140_Body01_Skeleton.SK_210140_Body01_Skeleton,230
NPC/Class_A/210141/Default,NPC,NPC/Class_A/210141,Default,Default,Role,SilverPalace/Content/ArtRes/CharRes/NPC/Class_A/210141/Role/Meshes/SK_210141_Body01.SK_210141_Body01,SK_210141_Body01,SkeletalMesh,5,13819,SilverPalace/Content/ArtRes/CharRes/NPC/Class_A/210141/Role/Meshes/SK_210141_Body01_Skeleton.SK_210141_Body01_Skeleton,191
NPC/Class_A/210141/Default,NPC,NPC/Class_A/210141,Default,Default,Role,SilverPalace/Content/ArtRes/CharRes/NPC/Class_A/210141/Role/Meshes/SK_210141_Face01.SK_210141_Face01,SK_210141_Face01,SkeletalMesh,5,3430,SilverPalace/Content/ArtRes/CharRes/NPC/Class_A/210141/Role/Meshes/SK_210141_Body01_Skeleton.SK_210141_Body01_Skeleton,191
NPC/Class_A/210141/Default,NPC,NPC/Class_A/210141,Default,Default,Role,SilverPalace/Content/ArtRes/CharRes/NPC/Class_A/210141/Role/Meshes/SK_210141_Hair01.SK_210141_Hair01,SK_210141_Hair01,SkeletalMesh,5,7017,SilverPalace/Content/ArtRes/CharRes/NPC/Class_A/210141/Role/Meshes/SK_210141_Body01_Skeleton.SK_210141_Body01_Skeleton,191
NPC/Class_A/210142/Default,NPC,NPC/Class_A/210142,Default,Default,Role,SilverPalace/Content/ArtRes/CharRes/NPC/Class_A/210142/Role/Meshes/SK_210142_Body01.SK_210142_Body01,SK_210142_Body01,SkeletalMesh,5,38509,SilverPalace/Content/ArtRes/CharRes/NPC/Class_A/210142/Role/Meshes/SK_210142_Body01_Skeleton.SK_210142_Body01_Skeleton,194
NPC/Class_A/210142/Default,NPC,NPC/Class_A/210142,Default,Default,Role,SilverPalace/Content/ArtRes/CharRes/NPC/Class_A/210142/Role/Meshes/SK_210142_Face01.SK_210142_Face01,SK_210142_Face01,SkeletalMesh,5,2998,SilverPalace/Content/ArtRes/CharRes/NPC/Class_A/210142/Role/Meshes/SK_210142_Body01_Skeleton.SK_210142_Body01_Skeleton,194
NPC/Class_A/210142/Default,NPC,NPC/Class_A/210142,Default,Default,Role,SilverPalace/Content/ArtRes/CharRes/NPC/Class_A/210142/Role/Meshes/SK_210142_Hair01.SK_210142_Hair01,SK_210142_Hair01,SkeletalMesh,5,246,SilverPalace/Content/ArtRes/CharRes/NPC/Class_A/210142/Role/Meshes/SK_210142_Body01_Skeleton.SK_210142_Body01_Skeleton,194
NPC/Class_A/210144/Default,NPC,NPC/Class_A/210144,Default,Default,Role,SilverPalace/Content/ArtRes/CharRes/NPC/Class_A/210144/Role/Meshes/SK_210144_Body01.SK_210144_Body01,SK_210144_Body01,SkeletalMesh,5,20058,SilverPalace/Content/ArtRes/CharRes/NPC/Class_A/210144/Role/Meshes/SK_210144_Body01_Skeleton.SK_210144_Body01_Skeleton,265
NPC/Class_A/210144/Default,NPC,NPC/Class_A/210144,Default,Default,Role,SilverPalace/Content/ArtRes/CharRes/NPC/Class_A/210144/Role/Meshes/SK_210144_Face01.SK_210144_Face01,SK_210144_Face01,SkeletalMesh,5,3496,SilverPalace/Content/ArtRes/CharRes/NPC/Class_A/210144/Role/Meshes/SK_210144_Body01_Skeleton.SK_210144_Body01_Skeleton,265
NPC/Class_A/210144/Default,NPC,NPC/Class_A/210144,Default,Default,Role,SilverPalace/Content/ArtRes/CharRes/NPC/Class_A/210144/Role/Meshes/SK_210144_Hair01.SK_210144_Hair01,SK_210144_Hair01,SkeletalMesh,5,8216,SilverPalace/Content/ArtRes/CharRes/NPC/Class_A/210144/Role/Meshes/SK_210144_Body01_Skeleton.SK_210144_Body01_Skeleton,265
NPC/Class_A/210145/Default,NPC,NPC/Class_A/210145,Default,Default,Role,SilverPalace/Content/ArtRes/CharRes/NPC/Class_A/210145/Role/Meshes/SK_210145_Body01.SK_210145_Body01,SK_210145_Body01,SkeletalMesh,5,18142,SilverPalace/Content/ArtRes/CharRes/NPC/Class_A/210145/Role/Meshes/SK_210145_Body01_Skeleton.SK_210145_Body01_Skeleton,318
NPC/Class_A/210145/Default,NPC,NPC/Class_A/210145,Default,Default,Role,SilverPalace/Content/ArtRes/CharRes/NPC/Class_A/210145/Role/Meshes/SK_210145_Face01.SK_210145_Face01,SK_210145_Face01,SkeletalMesh,5,3492,SilverPalace/Content/ArtRes/CharRes/NPC/Class_A/210145/Role/Meshes/SK_210145_Body01_Skeleton.SK_210145_Body01_Skeleton,318
NPC/Class_A/210145/Default,NPC,NPC/Class_A/210145,Default,Default,Role,SilverPalace/Content/ArtRes/CharRes/NPC/Class_A/210145/Role/Meshes/SK_210145_Hair01.SK_210145_Hair01,SK_210145_Hair01,SkeletalMesh,5,4962,SilverPalace/Content/ArtRes/CharRes/NPC/Class_A/210145/Role/Meshes/SK_210145_Body01_Skeleton.SK_210145_Body01_Skeleton,318
NPC/Class_A/210145/Default,NPC,NPC/Class_A/210145,Default,Default,Role,SilverPalace/Content/ArtRes/CharRes/NPC/Class_A/210145/Role/Meshes/SK_210145_Hat01.SK_210145_Hat01,SK_210145_Hat01,SkeletalMesh,5,2500,SilverPalace/Content/ArtRes/CharRes/NPC/Class_A/210145/Role/Meshes/SK_210145_Body01_Skeleton.SK_210145_Body01_Skeleton,318
NPC/Class_A/210146/Default,NPC,NPC/Class_A/210146,Default,Default,Role,SilverPalace/Content/ArtRes/CharRes/NPC/Class_A/210146/Role/Meshes/SK_210146_Body01.SK_210146_Body01,SK_210146_Body01,SkeletalMesh,5,17325,SilverPalace/Content/ArtRes/CharRes/NPC/Class_A/210146/Role/Meshes/SK_210146_Body01_Skeleton.SK_210146_Body01_Skeleton,251
NPC/Class_A/210146/Default,NPC,NPC/Class_A/210146,Default,Default,Role,SilverPalace/Content/ArtRes/CharRes/NPC/Class_A/210146/Role/Meshes/SK_210146_Face01.SK_210146_Face01,SK_210146_Face01,SkeletalMesh,5,3496,SilverPalace/Content/ArtRes/CharRes/NPC/Class_A/210146/Role/Meshes/SK_210146_Body01_Skeleton.SK_210146_Body01_Skeleton,251
NPC/Class_A/210146/Default,NPC,NPC/Class_A/210146,Default,Default,Role,SilverPalace/Content/ArtRes/CharRes/NPC/Class_A/210146/Role/Meshes/SK_210146_Hair01.SK_210146_Hair01,SK_210146_Hair01,SkeletalMesh,5,7017,SilverPalace/Content/ArtRes/CharRes/NPC/Class_A/210146/Role/Meshes/SK_210146_Body01_Skeleton.SK_210146_Body01_Skeleton,251
NPC/Class_A/210147/Default,NPC,NPC/Class_A/210147,Default,Default,Role,SilverPalace/Content/ArtRes/CharRes/NPC/Class_A/210147/Role/Meshes/SK_210147_Body01.SK_210147_Body01,SK_210147_Body01,SkeletalMesh,5,14400,SilverPalace/Content/ArtRes/CharRes/NPC/Class_A/210147/Role/Meshes/SK_210147_Body01_Skeleton.SK_210147_Body01_Skeleton,280
NPC/Class_A/210147/Default,NPC,NPC/Class_A/210147,Default,Default,Role,SilverPalace/Content/ArtRes/CharRes/NPC/Class_A/210147/Role/Meshes/SK_210147_Face01.SK_210147_Face01,SK_210147_Face01,SkeletalMesh,5,3492,SilverPalace/Content/ArtRes/CharRes/NPC/Class_A/210147/Role/Meshes/SK_210147_Body01_Skeleton.SK_210147_Body01_Skeleton,280
NPC/Class_A/210147/Default,NPC,NPC/Class_A/210147,Default,Default,Role,SilverPalace/Content/ArtRes/CharRes/NPC/Class_A/210147/Role/Meshes/SK_210147_Hair01.SK_210147_Hair01,SK_210147_Hair01,SkeletalMesh,5,6891,SilverPalace/Content/ArtRes/CharRes/NPC/Class_A/210147/Role/Meshes/SK_210147_Body01_Skeleton.SK_210147_Body01_Skeleton,280
NPC/Class_A/210147/Default,NPC,NPC/Class_A/210147,Default,Default,Role,SilverPalace/Content/ArtRes/CharRes/NPC/Class_A/210147/Role/Meshes/SK_210147_Hat01.SK_210147_Hat01,SK_210147_Hat01,SkeletalMesh,5,1304,SilverPalace/Content/ArtRes/CharRes/NPC/Class_A/210147/Role/Meshes/SK_210147_Body01_Skeleton.SK_210147_Body01_Skeleton,280
NPC/Class_A/210148/Default,NPC,NPC/Class_A/210148,Default,Default,Role,SilverPalace/Content/ArtRes/CharRes/NPC/Class_A/210148/Role/Meshes/SK_210148_Body01.SK_210148_Body01,SK_210148_Body01,SkeletalMesh,5,16738,SilverPalace/Content/ArtRes/CharRes/NPC/Class_A/210148/Role/Meshes/SK_210148_Body01_Skeleton.SK_210148_Body01_Skeleton,222
NPC/Class_A/210148/Default,NPC,NPC/Class_A/210148,Default,Default,Role,SilverPalace/Content/ArtRes/CharRes/NPC/Class_A/210148/Role/Meshes/SK_210148_Face01.SK_210148_Face01,SK_210148_Face01,SkeletalMesh,5,3496,SilverPalace/Content/ArtRes/CharRes/NPC/Class_A/210148/Role/Meshes/SK_210148_Body01_Skeleton.SK_210148_Body01_Skeleton,222
NPC/Class_A/210148/Default,NPC,NPC/Class_A/210148,Default,Default,Role,SilverPalace/Content/ArtRes/CharRes/NPC/Class_A/210148/Role/Meshes/SK_210148_Hair01.SK_210148_Hair01,SK_210148_Hair01,SkeletalMesh,5,4267,SilverPalace/Content/ArtRes/CharRes/NPC/Class_A/210148/Role/Meshes/SK_210148_Body01_Skeleton.SK_210148_Body01_Skeleton,222
NPC/Class_A/210148/Default,NPC,NPC/Class_A/210148,Default,Default,Role,SilverPalace/Content/ArtRes/CharRes/NPC/Class_A/210148/Role/Meshes/SK_210148_Hat01.SK_210148_Hat01,SK_210148_Hat01,SkeletalMesh,5,994,SilverPalace/Content/ArtRes/CharRes/NPC/Class_A/210148/Role/Meshes/SK_210148_Body01_Skeleton.SK_210148_Body01_Skeleton,222
NPC/Class_A/210149/Default,NPC,NPC/Class_A/210149,Default,Default,Role,SilverPalace/Content/ArtRes/CharRes/NPC/Class_A/210149/Role/Meshes/SK_210149_Body01.SK_210149_Body01,SK_210149_Body01,SkeletalMesh,5,15741,SilverPalace/Content/ArtRes/CharRes/NPC/Class_A/210149/Role/Meshes/SK_210149_Body01_Skeleton.SK_210149_Body01_Skeleton,236
NPC/Class_A/210149/Default,NPC,NPC/Class_A/210149,Default,Default,Role,SilverPalace/Content/ArtRes/CharRes/NPC/Class_A/210149/Role/Meshes/SK_210149_Face01.SK_210149_Face01,SK_210149_Face01,SkeletalMesh,5,3492,SilverPalace/Content/ArtRes/CharRes/NPC/Class_A/210149/Role/Meshes/SK_210149_Body01_Skeleton.SK_210149_Body01_Skeleton,236
NPC/Class_A/210149/Default,NPC,NPC/Class_A/210149,Default,Default,Role,SilverPalace/Content/ArtRes/CharRes/NPC/Class_A/210149/Role/Meshes/SK_210149_Hair01.SK_210149_Hair01,SK_210149_Hair01,SkeletalMesh,5,5441,SilverPalace/Content/ArtRes/CharRes/NPC/Class_A/210149/Role/Meshes/SK_210149_Body01_Skeleton.SK_210149_Body01_Skeleton,236
NPC/Class_A/210149/Default,NPC,NPC/Class_A/210149,Default,Default,Role,SilverPalace/Content/ArtRes/CharRes/NPC/Class_A/210149/Role/Meshes/SK_210149_Hat01.SK_210149_Hat01,SK_210149_Hat01,SkeletalMesh,5,1361,SilverPalace/Content/ArtRes/CharRes/NPC/Class_A/210149/Role/Meshes/SK_210149_Body01_Skeleton.SK_210149_Body01_Skeleton,236
NPC/Class_A/210150/Default,NPC,NPC/Class_A/210150,Default,Default,Role,SilverPalace/Content/ArtRes/CharRes/NPC/Class_A/210150/Role/Meshes/SK_210150_Body01.SK_210150_Body01,SK_210150_Body01,SkeletalMesh,5,17325,SilverPalace/Content/ArtRes/CharRes/NPC/Class_A/210150/Role/Meshes/SK_210150_Body01_Skeleton.SK_210150_Body01_Skeleton,241
NPC/Class_A/210150/Default,NPC,NPC/Class_A/210150,Default,Default,Role,SilverPalace/Content/ArtRes/CharRes/NPC/Class_A/210150/Role/Meshes/SK_210150_Face01.SK_210150_Face01,SK_210150_Face01,SkeletalMesh,5,3480,SilverPalace/Content/ArtRes/CharRes/NPC/Class_A/210150/Role/Meshes/SK_210150_Body01_Skeleton.SK_210150_Body01_Skeleton,241
NPC/Class_A/210150/Default,NPC,NPC/Class_A/210150,Default,Default,Role,SilverPalace/Content/ArtRes/CharRes/NPC/Class_A/210150/Role/Meshes/SK_210150_Hair01.SK_210150_Hair01,SK_210150_Hair01,SkeletalMesh,5,5880,SilverPalace/Content/ArtRes/CharRes/NPC/Class_A/210150/Role/Meshes/SK_210150_Body01_Skeleton.SK_210150_Body01_Skeleton,241
NPC/Class_A/210150/Default,NPC,NPC/Class_A/210150,Default,Default,Role,SilverPalace/Content/ArtRes/CharRes/NPC/Class_A/210150/Role/Meshes/SK_210150_Hat01.SK_210150_Hat01,SK_210150_Hat01,SkeletalMesh,5,994,SilverPalace/Content/ArtRes/CharRes/NPC/Class_A/210150/Role/Meshes/SK_210150_Body01_Skeleton.SK_210150_Body01_Skeleton,241
NPC/Class_A/210151/Default,NPC,NPC/Class_A/210151,Default,Default,Role,SilverPalace/Content/ArtRes/CharRes/NPC/Class_A/210151/Role/Meshes/SK_210151_Body01.SK_210151_Body01,SK_210151_Body01,SkeletalMesh,5,32482,SilverPalace/Content/ArtRes/CharRes/NPC/Class_A/210151/Role/Meshes/SK_210151_Body01_Skeleton.SK_210151_Body01_Skeleton,254
NPC/Class_A/210151/Default,NPC,NPC/Class_A/210151,Default,Default,Role,SilverPalace/Content/ArtRes/CharRes/NPC/Class_A/210151/Role/Meshes/SK_210151_Face01.SK_210151_Face01,SK_210151_Face01,SkeletalMesh,5,3462,SilverPalace/Content/ArtRes/CharRes/NPC/Class_A/210151/Role/Meshes/SK_210151_Body01_Skeleton.SK_210151_Body01_Skeleton,254
NPC/Class_A/210151/Default,NPC,NPC/Class_A/210151,Default,Default,Role,SilverPalace/Content/ArtRes/CharRes/NPC/Class_A/210151/Role/Meshes/SK_210151_Hair01.SK_210151_Hair01,SK_210151_Hair01,SkeletalMesh,5,8216,SilverPalace/Content/ArtRes/CharRes/NPC/Class_A/210151/Role/Meshes/SK_210151_Body01_Skeleton.SK_210151_Body01_Skeleton,254
NPC/Class_A/210152/Default,NPC,NPC/Class_A/210152,Default,Default,Role,SilverPalace/Content/ArtRes/CharRes/NPC/Class_A/210152/Role/Meshes/SK_210152_Body01.SK_210152_Body01,SK_210152_Body01,SkeletalMesh,5,44582,SilverPalace/Content/ArtRes/CharRes/NPC/Class_A/210152/Role/Meshes/SK_210152_Body01_Skeleton.SK_210152_Body01_Skeleton,212
NPC/Class_A/210152/Default,NPC,NPC/Class_A/210152,Default,Default,Role,SilverPalace/Content/ArtRes/CharRes/NPC/Class_A/210152/Role/Meshes/SK_210152_Face01.SK_210152_Face01,SK_210152_Face01,SkeletalMesh,5,3492,SilverPalace/Content/ArtRes/CharRes/NPC/Class_A/210152/Role/Meshes/SK_210152_Body01_Skeleton.SK_210152_Body01_Skeleton,212
NPC/Class_A/210152/Default,NPC,NPC/Class_A/210152,Default,Default,Role,SilverPalace/Content/ArtRes/CharRes/NPC/Class_A/210152/Role/Meshes/SK_210152_Hair01.SK_210152_Hair01,SK_210152_Hair01,SkeletalMesh,5,6795,SilverPalace/Content/ArtRes/CharRes/NPC/Class_A/210152/Role/Meshes/SK_210152_Body01_Skeleton.SK_210152_Body01_Skeleton,212
NPC/Class_A/210153/Default,NPC,NPC/Class_A/210153,Default,Default,Role,SilverPalace/Content/ArtRes/CharRes/NPC/Class_A/210153/Role/Meshes/SK_210153_Body01.SK_210153_Body01,SK_210153_Body01,SkeletalMesh,5,60841,SilverPalace/Content/ArtRes/CharRes/NPC/Class_A/210153/Role/Meshes/SK_210153_Body01_Skeleton.SK_210153_Body01_Skeleton,342
NPC/Class_A/210153/Default,NPC,NPC/Class_A/210153,Default,Default,Role,SilverPalace/Content/ArtRes/CharRes/NPC/Class_A/210153/Role/Meshes/SK_210153_Face01.SK_210153_Face01,SK_210153_Face01,SkeletalMesh,5,3452,SilverPalace/Content/ArtRes/CharRes/NPC/Class_A/210153/Role/Meshes/SK_210153_Body01_Skeleton.SK_210153_Body01_Skeleton,342
NPC/Class_A/210153/Default,NPC,NPC/Class_A/210153,Default,Default,Role,SilverPalace/Content/ArtRes/CharRes/NPC/Class_A/210153/Role/Meshes/SK_210153_Hair01.SK_210153_Hair01,SK_210153_Hair01,SkeletalMesh,5,5202,SilverPalace/Content/ArtRes/CharRes/NPC/Class_A/210153/Role/Meshes/SK_210153_Body01_Skeleton.SK_210153_Body01_Skeleton,342
NPC/Class_A/210154/Default,NPC,NPC/Class_A/210154,Default,Default,Role,SilverPalace/Content/ArtRes/CharRes/NPC/Class_A/210154/Role/Meshes/SK_210154_Body01.SK_210154_Body01,SK_210154_Body01,SkeletalMesh,5,18789,SilverPalace/Content/ArtRes/CharRes/NPC/Class_A/210154/Role/Meshes/SK_210154_Body01_Skeleton.SK_210154_Body01_Skeleton,276
NPC/Class_A/210154/Default,NPC,NPC/Class_A/210154,Default,Default,Role,SilverPalace/Content/ArtRes/CharRes/NPC/Class_A/210154/Role/Meshes/SK_210154_Face01.SK_210154_Face01,SK_210154_Face01,SkeletalMesh,5,3496,SilverPalace/Content/ArtRes/CharRes/NPC/Class_A/210154/Role/Meshes/SK_210154_Body01_Skeleton.SK_210154_Body01_Skeleton,276
NPC/Class_A/210154/Default,NPC,NPC/Class_A/210154,Default,Default,Role,SilverPalace/Content/ArtRes/CharRes/NPC/Class_A/210154/Role/Meshes/SK_210154_Hair01.SK_210154_Hair01,SK_210154_Hair01,SkeletalMesh,5,8829,SilverPalace/Content/ArtRes/CharRes/NPC/Class_A/210154/Role/Meshes/SK_210154_Body01_Skeleton.SK_210154_Body01_Skeleton,276
NPC/Class_A/210154/Default,NPC,NPC/Class_A/210154,Default,Default,Role,SilverPalace/Content/ArtRes/CharRes/NPC/Class_A/210154/Role/Meshes/SK_210154_Hat01.SK_210154_Hat01,SK_210154_Hat01,SkeletalMesh,5,1906,SilverPalace/Content/ArtRes/CharRes/NPC/Class_A/210154/Role/Meshes/SK_210154_Body01_Skeleton.SK_210154_Body01_Skeleton,276
NPC/Class_A/210155/Default,NPC,NPC/Class_A/210155,Default,Default,Role,SilverPalace/Content/ArtRes/CharRes/NPC/Class_A/210155/Role/Meshes/SK_210155_Body01.SK_210155_Body01,SK_210155_Body01,SkeletalMesh,5,18142,SilverPalace/Content/ArtRes/CharRes/NPC/Class_A/210155/Role/Meshes/SK_210155_Body01_Skeleton.SK_210155_Body01_Skeleton,350
NPC/Class_A/210155/Default,NPC,NPC/Class_A/210155,Default,Default,Role,SilverPalace/Content/ArtRes/CharRes/NPC/Class_A/210155/Role/Meshes/SK_210155_Face01.SK_210155_Face01,SK_210155_Face01,SkeletalMesh,5,3492,SilverPalace/Content/ArtRes/CharRes/NPC/Class_A/210155/Role/Meshes/SK_210155_Body01_Skeleton.SK_210155_Body01_Skeleton,350
NPC/Class_A/210155/Default,NPC,NPC/Class_A/210155,Default,Default,Role,SilverPalace/Content/ArtRes/CharRes/NPC/Class_A/210155/Role/Meshes/SK_210155_Hair01.SK_210155_Hair01,SK_210155_Hair01,SkeletalMesh,5,6296,SilverPalace/Content/ArtRes/CharRes/NPC/Class_A/210155/Role/Meshes/SK_210155_Body01_Skeleton.SK_210155_Body01_Skeleton,350
NPC/Class_A/210155/Default,NPC,NPC/Class_A/210155,Default,Default,Role,SilverPalace/Content/ArtRes/CharRes/NPC/Class_A/210155/Role/Meshes/SK_210155_Hat01.SK_210155_Hat01,SK_210155_Hat01,SkeletalMesh,5,2500,SilverPalace/Content/ArtRes/CharRes/NPC/Class_A/210155/Role/Meshes/SK_210155_Body01_Skeleton.SK_210155_Body01_Skeleton,350
NPC/Class_A/210156/Default,NPC,NPC/Class_A/210156,Default,Default,Role,SilverPalace/Content/ArtRes/CharRes/NPC/Class_A/210156/Role/Meshes/SK_210156_Body01.SK_210156_Body01,SK_210156_Body01,SkeletalMesh,5,14027,SilverPalace/Content/ArtRes/CharRes/NPC/Class_A/210156/Role/Meshes/SK_210156_Body01_Skeleton.SK_210156_Body01_Skeleton,216
NPC/Class_A/210156/Default,NPC,NPC/Class_A/210156,Default,Default,Role,SilverPalace/Content/ArtRes/CharRes/NPC/Class_A/210156/Role/Meshes/SK_210156_Face01.SK_210156_Face01,SK_210156_Face01,SkeletalMesh,5,3486,SilverPalace/Content/ArtRes/CharRes/NPC/Class_A/210156/Role/Meshes/SK_210156_Body01_Skeleton.SK_210156_Body01_Skeleton,216
NPC/Class_A/210156/Default,NPC,NPC/Class_A/210156,Default,Default,Role,SilverPalace/Content/ArtRes/CharRes/NPC/Class_A/210156/Role/Meshes/SK_210156_Hair01.SK_210156_Hair01,SK_210156_Hair01,SkeletalMesh,5,6883,SilverPalace/Content/ArtRes/CharRes/NPC/Class_A/210156/Role/Meshes/SK_210156_Body01_Skeleton.SK_210156_Body01_Skeleton,216
NPC/Class_A/210157/Default,NPC,NPC/Class_A/210157,Default,Default,Role,SilverPalace/Content/ArtRes/CharRes/NPC/Class_A/210157/Role/Meshes/SK_210157_Body01.SK_210157_Body01,SK_210157_Body01,SkeletalMesh,5,12984,SilverPalace/Content/ArtRes/CharRes/NPC/Class_A/210157/Role/Meshes/SK_210157_Body01_Skeleton.SK_210157_Body01_Skeleton,207
NPC/Class_A/210157/Default,NPC,NPC/Class_A/210157,Default,Default,Role,SilverPalace/Content/ArtRes/CharRes/NPC/Class_A/210157/Role/Meshes/SK_210157_Face01.SK_210157_Face01,SK_210157_Face01,SkeletalMesh,5,3452,SilverPalace/Content/ArtRes/CharRes/NPC/Class_A/210157/Role/Meshes/SK_210157_Body01_Skeleton.SK_210157_Body01_Skeleton,207
NPC/Class_A/210157/Default,NPC,NPC/Class_A/210157,Default,Default,Role,SilverPalace/Content/ArtRes/CharRes/NPC/Class_A/210157/Role/Meshes/SK_210157_Hair01.SK_210157_Hair01,SK_210157_Hair01,SkeletalMesh,5,7078,SilverPalace/Content/ArtRes/CharRes/NPC/Class_A/210157/Role/Meshes/SK_210157_Body01_Skeleton.SK_210157_Body01_Skeleton,207
NPC/Class_A/210158/Default,NPC,NPC/Class_A/210158,Default,Default,Role,SilverPalace/Content/ArtRes/CharRes/NPC/Class_A/210158/Role/Meshes/SK_210158_Body01.SK_210158_Body01,SK_210158_Body01,SkeletalMesh,5,60841,SilverPalace/Content/ArtRes/CharRes/NPC/Class_A/210158/Role/Meshes/SK_210158_Body01_Skeleton.SK_210158_Body01_Skeleton,370
NPC/Class_A/210158/Default,NPC,NPC/Class_A/210158,Default,Default,Role,SilverPalace/Content/ArtRes/CharRes/NPC/Class_A/210158/Role/Meshes/SK_210158_Face01.SK_210158_Face01,SK_210158_Face01,SkeletalMesh,5,3452,SilverPalace/Content/ArtRes/CharRes/NPC/Class_A/210158/Role/Meshes/SK_210158_Body01_Skeleton.SK_210158_Body01_Skeleton,370
NPC/Class_A/210158/Default,NPC,NPC/Class_A/210158,Default,Default,Role,SilverPalace/Content/ArtRes/CharRes/NPC/Class_A/210158/Role/Meshes/SK_210158_Hair01.SK_210158_Hair01,SK_210158_Hair01,SkeletalMesh,5,5384,SilverPalace/Content/ArtRes/CharRes/NPC/Class_A/210158/Role/Meshes/SK_210158_Body01_Skeleton.SK_210158_Body01_Skeleton,370
NPC/Class_A/210159/Default,NPC,NPC/Class_A/210159,Default,Default,Role,SilverPalace/Content/ArtRes/CharRes/NPC/Class_A/210159/Role/Meshes/SK_210159_Body01.SK_210159_Body01,SK_210159_Body01,SkeletalMesh,5,60841,SilverPalace/Content/ArtRes/CharRes/NPC/Class_A/210159/Role/Meshes/SK_210159_Body01_Skeleton.SK_210159_Body01_Skeleton,365
NPC/Class_A/210159/Default,NPC,NPC/Class_A/210159,Default,Default,Role,SilverPalace/Content/ArtRes/CharRes/NPC/Class_A/210159/Role/Meshes/SK_210159_Face01.SK_210159_Face01,SK_210159_Face01,SkeletalMesh,5,3478,SilverPalace/Content/ArtRes/CharRes/NPC/Class_A/210159/Role/Meshes/SK_210159_Body01_Skeleton.SK_210159_Body01_Skeleton,365
NPC/Class_A/210159/Default,NPC,NPC/Class_A/210159,Default,Default,Role,SilverPalace/Content/ArtRes/CharRes/NPC/Class_A/210159/Role/Meshes/SK_210159_Hair01.SK_210159_Hair01,SK_210159_Hair01,SkeletalMesh,5,12144,SilverPalace/Content/ArtRes/CharRes/NPC/Class_A/210159/Role/Meshes/SK_210159_Body01_Skeleton.SK_210159_Body01_Skeleton,365
NPC/Class_A/210161/Default,NPC,NPC/Class_A/210161,Default,Default,Role,SilverPalace/Content/ArtRes/CharRes/NPC/Class_A/210161/Role/Meshes/SK_210161_Body01.SK_210161_Body01,SK_210161_Body01,SkeletalMesh,5,61087,SilverPalace/Content/ArtRes/CharRes/NPC/Class_A/210161/Role/Meshes/SK_210161_Body01_Skeleton.SK_210161_Body01_Skeleton,412
NPC/Class_A/210161/Default,NPC,NPC/Class_A/210161,Default,Default,Role,SilverPalace/Content/ArtRes/CharRes/NPC/Class_A/210161/Role/Meshes/SK_210161_Face01.SK_210161_Face01,SK_210161_Face01,SkeletalMesh,5,3478,SilverPalace/Content/ArtRes/CharRes/NPC/Class_A/210161/Role/Meshes/SK_210161_Body01_Skeleton.SK_210161_Body01_Skeleton,412
NPC/Class_A/210161/Default,NPC,NPC/Class_A/210161,Default,Default,Role,SilverPalace/Content/ArtRes/CharRes/NPC/Class_A/210161/Role/Meshes/SK_210161_Hair01.SK_210161_Hair01,SK_210161_Hair01,SkeletalMesh,5,11313,SilverPalace/Content/ArtRes/CharRes/NPC/Class_A/210161/Role/Meshes/SK_210161_Body01_Skeleton.SK_210161_Body01_Skeleton,412
NPC/Class_A/210162/Default,NPC,NPC/Class_A/210162,Default,Default,Role,SilverPalace/Content/ArtRes/CharRes/NPC/Class_A/210162/Role/Meshes/SK_210162_Body01.SK_210162_Body01,SK_210162_Body01,SkeletalMesh,5,60451,SilverPalace/Content/ArtRes/CharRes/NPC/Class_A/210162/Role/Meshes/SK_210162_Body01_Skeleton.SK_210162_Body01_Skeleton,412
NPC/Class_A/210162/Default,NPC,NPC/Class_A/210162,Default,Default,Role,SilverPalace/Content/ArtRes/CharRes/NPC/Class_A/210162/Role/Meshes/SK_210162_Face01.SK_210162_Face01,SK_210162_Face01,SkeletalMesh,5,3452,SilverPalace/Content/ArtRes/CharRes/NPC/Class_A/210162/Role/Meshes/SK_210162_Body01_Skeleton.SK_210162_Body01_Skeleton,412
NPC/Class_A/210162/Default,NPC,NPC/Class_A/210162,Default,Default,Role,SilverPalace/Content/ArtRes/CharRes/NPC/Class_A/210162/Role/Meshes/SK_210162_Hair01.SK_210162_Hair01,SK_210162_Hair01,SkeletalMesh,5,13008,SilverPalace/Content/ArtRes/CharRes/NPC/Class_A/210162/Role/Meshes/SK_210162_Body01_Skeleton.SK_210162_Body01_Skeleton,412
NPC/Class_A/210163/Default,NPC,NPC/Class_A/210163,Default,Default,Role,SilverPalace/Content/ArtRes/CharRes/NPC/Class_A/210163/Role/Meshes/SK_210163_Body01.SK_210163_Body01,SK_210163_Body01,SkeletalMesh,5,20058,SilverPalace/Content/ArtRes/CharRes/NPC/Class_A/210163/Role/Meshes/SK_210163_Body01_Skeleton.SK_210163_Body01_Skeleton,276
NPC/Class_A/210163/Default,NPC,NPC/Class_A/210163,Default,Default,Role,SilverPalace/Content/ArtRes/CharRes/NPC/Class_A/210163/Role/Meshes/SK_210163_Face01.SK_210163_Face01,SK_210163_Face01,SkeletalMesh,5,3483,SilverPalace/Content/ArtRes/CharRes/NPC/Class_A/210163/Role/Meshes/SK_210163_Body01_Skeleton.SK_210163_Body01_Skeleton,276
NPC/Class_A/210163/Default,NPC,NPC/Class_A/210163,Default,Default,Role,SilverPalace/Content/ArtRes/CharRes/NPC/Class_A/210163/Role/Meshes/SK_210163_Hair01.SK_210163_Hair01,SK_210163_Hair01,SkeletalMesh,5,6236,SilverPalace/Content/ArtRes/CharRes/NPC/Class_A/210163/Role/Meshes/SK_210163_Body01_Skeleton.SK_210163_Body01_Skeleton,276
NPC/Class_A/210164/Default,NPC,NPC/Class_A/210164,Default,Default,Role,SilverPalace/Content/ArtRes/CharRes/NPC/Class_A/210164/Role/Meshes/SK_210164_Body01.SK_210164_Body01,SK_210164_Body01,SkeletalMesh,5,18789,SilverPalace/Content/ArtRes/CharRes/NPC/Class_A/210164/Role/Meshes/SK_210164_Body01_Skeleton.SK_210164_Body01_Skeleton,239
NPC/Class_A/210164/Default,NPC,NPC/Class_A/210164,Default,Default,Role,SilverPalace/Content/ArtRes/CharRes/NPC/Class_A/210164/Role/Meshes/SK_210164_Face01.SK_210164_Face01,SK_210164_Face01,SkeletalMesh,5,3496,SilverPalace/Content/ArtRes/CharRes/NPC/Class_A/210164/Role/Meshes/SK_210164_Body01_Skeleton.SK_210164_Body01_Skeleton,239
NPC/Class_A/210164/Default,NPC,NPC/Class_A/210164,Default,Default,Role,SilverPalace/Content/ArtRes/CharRes/NPC/Class_A/210164/Role/Meshes/SK_210164_Hair01.SK_210164_Hair01,SK_210164_Hair01,SkeletalMesh,5,6387,SilverPalace/Content/ArtRes/CharRes/NPC/Class_A/210164/Role/Meshes/SK_210164_Body01_Skeleton.SK_210164_Body01_Skeleton,239
NPC/Class_A/210165/Default,NPC,NPC/Class_A/210165,Default,Default,Role,SilverPalace/Content/ArtRes/CharRes/NPC/Class_A/210165/Role/Meshes/SK_210165_Body01.SK_210165_Body01,SK_210165_Body01,SkeletalMesh,5,14027,SilverPalace/Content/ArtRes/CharRes/NPC/Class_A/210165/Role/Meshes/SK_210165_Body01_Skeleton.SK_210165_Body01_Skeleton,236
NPC/Class_A/210165/Default,NPC,NPC/Class_A/210165,Default,Default,Role,SilverPalace/Content/ArtRes/CharRes/NPC/Class_A/210165/Role/Meshes/SK_210165_Face01.SK_210165_Face01,SK_210165_Face01,SkeletalMesh,5,3496,SilverPalace/Content/ArtRes/CharRes/NPC/Class_A/210165/Role/Meshes/SK_210165_Body01_Skeleton.SK_210165_Body01_Skeleton,236
NPC/Class_A/210165/Default,NPC,NPC/Class_A/210165,Default,Default,Role,SilverPalace/Content/ArtRes/CharRes/NPC/Class_A/210165/Role/Meshes/SK_210165_Hair01.SK_210165_Hair01,SK_210165_Hair01,SkeletalMesh,5,7017,SilverPalace/Content/ArtRes/CharRes/NPC/Class_A/210165/Role/Meshes/SK_210165_Body01_Skeleton.SK_210165_Body01_Skeleton,236
NPC/Class_A/210166/Default,NPC,NPC/Class_A/210166,Default,Default,Role,SilverPalace/Content/ArtRes/CharRes/NPC/Class_A/210166/Role/Meshes/SK_210166_Body01.SK_210166_Body01,SK_210166_Body01,SkeletalMesh,5,21232,SilverPalace/Content/ArtRes/CharRes/NPC/Class_A/210166/Role/Meshes/SK_210166_Body01_Skeleton.SK_210166_Body01_Skeleton,217
NPC/Class_A/210166/Default,NPC,NPC/Class_A/210166,Default,Default,Role,SilverPalace/Content/ArtRes/CharRes/NPC/Class_A/210166/Role/Meshes/SK_210166_Face01.SK_210166_Face01,SK_210166_Face01,SkeletalMesh,5,3478,SilverPalace/Content/ArtRes/CharRes/NPC/Class_A/210166/Role/Meshes/SK_210166_Body01_Skeleton.SK_210166_Body01_Skeleton,217
NPC/Class_A/210166/Default,NPC,NPC/Class_A/210166,Default,Default,Role,SilverPalace/Content/ArtRes/CharRes/NPC/Class_A/210166/Role/Meshes/SK_210166_Hair01.SK_210166_Hair01,SK_210166_Hair01,SkeletalMesh,5,5403,SilverPalace/Content/ArtRes/CharRes/NPC/Class_A/210166/Role/Meshes/SK_210166_Body01_Skeleton.SK_210166_Body01_Skeleton,217
NPC/Class_A/210167/Default,NPC,NPC/Class_A/210167,Default,Default,Role,SilverPalace/Content/ArtRes/CharRes/NPC/Class_A/210167/Role/Meshes/SK_210167_Body01.SK_210167_Body01,SK_210167_Body01,SkeletalMesh,5,21232,SilverPalace/Content/ArtRes/CharRes/NPC/Class_A/210167/Role/Meshes/SK_210167_Body01_Skeleton.SK_210167_Body01_Skeleton,249
NPC/Class_A/210167/Default,NPC,NPC/Class_A/210167,Default,Default,Role,SilverPalace/Content/ArtRes/CharRes/NPC/Class_A/210167/Role/Meshes/SK_210167_Face01.SK_210167_Face01,SK_210167_Face01,SkeletalMesh,5,3478,SilverPalace/Content/ArtRes/CharRes/NPC/Class_A/210167/Role/Meshes/SK_210167_Body01_Skeleton.SK_210167_Body01_Skeleton,249
NPC/Class_A/210167/Default,NPC,NPC/Class_A/210167,Default,Default,Role,SilverPalace/Content/ArtRes/CharRes/NPC/Class_A/210167/Role/Meshes/SK_210167_Hair01.SK_210167_Hair01,SK_210167_Hair01,SkeletalMesh,5,7859,SilverPalace/Content/ArtRes/CharRes/NPC/Class_A/210167/Role/Meshes/SK_210167_Body01_Skeleton.SK_210167_Body01_Skeleton,249
NPC/Class_A/210168/Default,NPC,NPC/Class_A/210168,Default,Default,Role,SilverPalace/Content/ArtRes/CharRes/NPC/Class_A/210168/Role/Meshes/SK_210168_Body01.SK_210168_Body01,SK_210168_Body01,SkeletalMesh,5,19205,SilverPalace/Content/ArtRes/CharRes/NPC/Class_A/210168/Role/Meshes/SK_210168_Body01_Skeleton.SK_210168_Body01_Skeleton,212
NPC/Class_A/210168/Default,NPC,NPC/Class_A/210168,Default,Default,Role,SilverPalace/Content/ArtRes/CharRes/NPC/Class_A/210168/Role/Meshes/SK_210168_Face01.SK_210168_Face01,SK_210168_Face01,SkeletalMesh,5,3496,SilverPalace/Content/ArtRes/CharRes/NPC/Class_A/210168/Role/Meshes/SK_210168_Body01_Skeleton.SK_210168_Body01_Skeleton,212
NPC/Class_A/210168/Default,NPC,NPC/Class_A/210168,Default,Default,Role,SilverPalace/Content/ArtRes/CharRes/NPC/Class_A/210168/Role/Meshes/SK_210168_Hair01.SK_210168_Hair01,SK_210168_Hair01,SkeletalMesh,5,5122,SilverPalace/Content/ArtRes/CharRes/NPC/Class_A/210168/Role/Meshes/SK_210168_Body01_Skeleton.SK_210168_Body01_Skeleton,212
NPC/Class_A/210169/Default,NPC,NPC/Class_A/210169,Default,Default,Role,SilverPalace/Content/ArtRes/CharRes/NPC/Class_A/210169/Role/Meshes/SK_210169_Body01.SK_210169_Body01,SK_210169_Body01,SkeletalMesh,5,17108,SilverPalace/Content/ArtRes/CharRes/NPC/Class_A/210169/Role/Meshes/SK_210169_Body01_Skeleton.SK_210169_Body01_Skeleton,268
NPC/Class_A/210169/Default,NPC,NPC/Class_A/210169,Default,Default,Role,SilverPalace/Content/ArtRes/CharRes/NPC/Class_A/210169/Role/Meshes/SK_210169_Face01.SK_210169_Face01,SK_210169_Face01,SkeletalMesh,5,3452,SilverPalace/Content/ArtRes/CharRes/NPC/Class_A/210169/Role/Meshes/SK_210169_Body01_Skeleton.SK_210169_Body01_Skeleton,268
NPC/Class_A/210169/Default,NPC,NPC/Class_A/210169,Default,Default,Role,SilverPalace/Content/ArtRes/CharRes/NPC/Class_A/210169/Role/Meshes/SK_210169_Hair01.SK_210169_Hair01,SK_210169_Hair01,SkeletalMesh,5,5209,SilverPalace/Content/ArtRes/CharRes/NPC/Class_A/210169/Role/Meshes/SK_210169_Body01_Skeleton.SK_210169_Body01_Skeleton,268
NPC/Class_A/210169/Default,NPC,NPC/Class_A/210169,Default,Default,Role,SilverPalace/Content/ArtRes/CharRes/NPC/Class_A/210169/Role/Meshes/SK_210169_Hat01.SK_210169_Hat01,SK_210169_Hat01,SkeletalMesh,5,1006,SilverPalace/Content/ArtRes/CharRes/NPC/Class_A/210169/Role/Meshes/SK_210169_Body01_Skeleton.SK_210169_Body01_Skeleton,268
NPC/Class_A/210170/Default,NPC,NPC/Class_A/210170,Default,Default,Role,SilverPalace/Content/ArtRes/CharRes/NPC/Class_A/210170/Role/Meshes/SK_210170_Body01.SK_210170_Body01,SK_210170_Body01,SkeletalMesh,5,17100,SilverPalace/Content/ArtRes/CharRes/NPC/Class_A/210170/Role/Meshes/SK_210170_Body01_Skeleton.SK_210170_Body01_Skeleton,266
NPC/Class_A/210170/Default,NPC,NPC/Class_A/210170,Default,Default,Role,SilverPalace/Content/ArtRes/CharRes/NPC/Class_A/210170/Role/Meshes/SK_210170_Face01.SK_210170_Face01,SK_210170_Face01,SkeletalMesh,5,3478,SilverPalace/Content/ArtRes/CharRes/NPC/Class_A/210170/Role/Meshes/SK_210170_Body01_Skeleton.SK_210170_Body01_Skeleton,266
NPC/Class_A/210170/Default,NPC,NPC/Class_A/210170,Default,Default,Role,SilverPalace/Content/ArtRes/CharRes/NPC/Class_A/210170/Role/Meshes/SK_210170_Hair01.SK_210170_Hair01,SK_210170_Hair01,SkeletalMesh,5,12086,SilverPalace/Content/ArtRes/CharRes/NPC/Class_A/210170/Role/Meshes/SK_210170_Body01_Skeleton.SK_210170_Body01_Skeleton,266
NPC/Class_A/210170/Default,NPC,NPC/Class_A/210170,Default,Default,Role,SilverPalace/Content/ArtRes/CharRes/NPC/Class_A/210170/Role/Meshes/SK_210170_Hat01.SK_210170_Hat01,SK_210170_Hat01,SkeletalMesh,5,1006,SilverPalace/Content/ArtRes/CharRes/NPC/Class_A/210170/Role/Meshes/SK_210170_Body01_Skeleton.SK_210170_Body01_Skeleton,266
NPC/Class_A/210171/Default,NPC,NPC/Class_A/210171,Default,Default,Role,SilverPalace/Content/ArtRes/CharRes/NPC/Class_A/210171/Role/Meshes/SK_210171_Body01.SK_210171_Body01,SK_210171_Body01,SkeletalMesh,5,17106,SilverPalace/Content/ArtRes/CharRes/NPC/Class_A/210171/Role/Meshes/SK_210171_Body01_Skeleton.SK_210171_Body01_Skeleton,265
NPC/Class_A/210171/Default,NPC,NPC/Class_A/210171,Default,Default,Role,SilverPalace/Content/ArtRes/CharRes/NPC/Class_A/210171/Role/Meshes/SK_210171_Face01.SK_210171_Face01,SK_210171_Face01,SkeletalMesh,5,3492,SilverPalace/Content/ArtRes/CharRes/NPC/Class_A/210171/Role/Meshes/SK_210171_Body01_Skeleton.SK_210171_Body01_Skeleton,265
NPC/Class_A/210171/Default,NPC,NPC/Class_A/210171,Default,Default,Role,SilverPalace/Content/ArtRes/CharRes/NPC/Class_A/210171/Role/Meshes/SK_210171_Hair01.SK_210171_Hair01,SK_210171_Hair01,SkeletalMesh,5,6795,SilverPalace/Content/ArtRes/CharRes/NPC/Class_A/210171/Role/Meshes/SK_210171_Body01_Skeleton.SK_210171_Body01_Skeleton,265
NPC/Class_A/210171/Default,NPC,NPC/Class_A/210171,Default,Default,Role,SilverPalace/Content/ArtRes/CharRes/NPC/Class_A/210171/Role/Meshes/SK_210171_Hat01.SK_210171_Hat01,SK_210171_Hat01,SkeletalMesh,5,1006,SilverPalace/Content/ArtRes/CharRes/NPC/Class_A/210171/Role/Meshes/SK_210171_Body01_Skeleton.SK_210171_Body01_Skeleton,265
NPC/Class_A/210172/Default,NPC,NPC/Class_A/210172,Default,Default,Role,SilverPalace/Content/ArtRes/CharRes/NPC/Class_A/210172/Role/Meshes/SK_210172_Body01.SK_210172_Body01,SK_210172_Body01,SkeletalMesh,5,16619,SilverPalace/Content/ArtRes/CharRes/NPC/Class_A/210172/Role/Meshes/SK_210172_Body01_Skeleton.SK_210172_Body01_Skeleton,227
NPC/Class_A/210172/Default,NPC,NPC/Class_A/210172,Default,Default,Role,SilverPalace/Content/ArtRes/CharRes/NPC/Class_A/210172/Role/Meshes/SK_210172_Face01.SK_210172_Face01,SK_210172_Face01,SkeletalMesh,5,3480,SilverPalace/Content/ArtRes/CharRes/NPC/Class_A/210172/Role/Meshes/SK_210172_Body01_Skeleton.SK_210172_Body01_Skeleton,227
NPC/Class_A/210172/Default,NPC,NPC/Class_A/210172,Default,Default,Role,SilverPalace/Content/ArtRes/CharRes/NPC/Class_A/210172/Role/Meshes/SK_210172_Hair01.SK_210172_Hair01,SK_210172_Hair01,SkeletalMesh,5,6349,SilverPalace/Content/ArtRes/CharRes/NPC/Class_A/210172/Role/Meshes/SK_210172_Body01_Skeleton.SK_210172_Body01_Skeleton,227
NPC/Class_A/210173/Default,NPC,NPC/Class_A/210173,Default,Default,Role,SilverPalace/Content/ArtRes/CharRes/NPC/Class_A/210173/Role/Meshes/SK_210173_Body01.SK_210173_Body01,SK_210173_Body01,SkeletalMesh,5,17843,SilverPalace/Content/ArtRes/CharRes/NPC/Class_A/210173/Role/Meshes/SK_210173_Body01_Skeleton.SK_210173_Body01_Skeleton,224
NPC/Class_A/210173/Default,NPC,NPC/Class_A/210173,Default,Default,Role,SilverPalace/Content/ArtRes/CharRes/NPC/Class_A/210173/Role/Meshes/SK_210173_Face01.SK_210173_Face01,SK_210173_Face01,SkeletalMesh,5,3492,SilverPalace/Content/ArtRes/CharRes/NPC/Class_A/210173/Role/Meshes/SK_210173_Body01_Skeleton.SK_210173_Body01_Skeleton,224
NPC/Class_A/210173/Default,NPC,NPC/Class_A/210173,Default,Default,Role,SilverPalace/Content/ArtRes/CharRes/NPC/Class_A/210173/Role/Meshes/SK_210173_Hair01.SK_210173_Hair01,SK_210173_Hair01,SkeletalMesh,5,6371,SilverPalace/Content/ArtRes/CharRes/NPC/Class_A/210173/Role/Meshes/SK_210173_Body01_Skeleton.SK_210173_Body01_Skeleton,224
NPC/Class_A/210174/Default,NPC,NPC/Class_A/210174,Default,Default,Role,SilverPalace/Content/ArtRes/CharRes/NPC/Class_A/210174/Role/Meshes/SK_210174_Body01.SK_210174_Body01,SK_210174_Body01,SkeletalMesh,5,17751,SilverPalace/Content/ArtRes/CharRes/NPC/Class_A/210174/Role/Meshes/SK_210174_Body01_Skeleton.SK_210174_Body01_Skeleton,233
NPC/Class_A/210174/Default,NPC,NPC/Class_A/210174,Default,Default,Role,SilverPalace/Content/ArtRes/CharRes/NPC/Class_A/210174/Role/Meshes/SK_210174_Face01.SK_210174_Face01,SK_210174_Face01,SkeletalMesh,5,3492,SilverPalace/Content/ArtRes/CharRes/NPC/Class_A/210174/Role/Meshes/SK_210174_Body01_Skeleton.SK_210174_Body01_Skeleton,233
NPC/Class_A/210174/Default,NPC,NPC/Class_A/210174,Default,Default,Role,SilverPalace/Content/ArtRes/CharRes/NPC/Class_A/210174/Role/Meshes/SK_210174_Hair01.SK_210174_Hair01,SK_210174_Hair01,SkeletalMesh,5,11572,SilverPalace/Content/ArtRes/CharRes/NPC/Class_A/210174/Role/Meshes/SK_210174_Body01_Skeleton.SK_210174_Body01_Skeleton,233
NPC/Class_A/210175/Default,NPC,NPC/Class_A/210175,Default,Default,Role,SilverPalace/Content/ArtRes/CharRes/NPC/Class_A/210175/Role/Meshes/SK_210175_Body01.SK_210175_Body01,SK_210175_Body01,SkeletalMesh,5,16619,SilverPalace/Content/ArtRes/CharRes/NPC/Class_A/210175/Role/Meshes/SK_210175_Body01_Skeleton.SK_210175_Body01_Skeleton,204
NPC/Class_A/210175/Default,NPC,NPC/Class_A/210175,Default,Default,Role,SilverPalace/Content/ArtRes/CharRes/NPC/Class_A/210175/Role/Meshes/SK_210175_Face01.SK_210175_Face01,SK_210175_Face01,SkeletalMesh,5,3600,SilverPalace/Content/ArtRes/CharRes/NPC/Class_A/210175/Role/Meshes/SK_210175_Body01_Skeleton.SK_210175_Body01_Skeleton,204
NPC/Class_A/210175/Default,NPC,NPC/Class_A/210175,Default,Default,Role,SilverPalace/Content/ArtRes/CharRes/NPC/Class_A/210175/Role/Meshes/SK_210175_Hair01.SK_210175_Hair01,SK_210175_Hair01,SkeletalMesh,5,6373,SilverPalace/Content/ArtRes/CharRes/NPC/Class_A/210175/Role/Meshes/SK_210175_Body01_Skeleton.SK_210175_Body01_Skeleton,204
NPC/Class_A/210176/Default,NPC,NPC/Class_A/210176,Default,Default,Role,SilverPalace/Content/ArtRes/CharRes/NPC/Class_A/210176/Role/Meshes/SK_210176_Body01.SK_210176_Body01,SK_210176_Body01,SkeletalMesh,5,29900,SilverPalace/Content/ArtRes/CharRes/NPC/Class_A/210176/Role/Meshes/SK_210176_Body01_Skeleton.SK_210176_Body01_Skeleton,209
NPC/Class_A/210176/Default,NPC,NPC/Class_A/210176,Default,Default,Role,SilverPalace/Content/ArtRes/CharRes/NPC/Class_A/210176/Role/Meshes/SK_210176_Face01.SK_210176_Face01,SK_210176_Face01,SkeletalMesh,5,240,SilverPalace/Content/ArtRes/CharRes/NPC/Class_A/210176/Role/Meshes/SK_210176_Body01_Skeleton.SK_210176_Body01_Skeleton,209
NPC/Class_A/210176/Default,NPC,NPC/Class_A/210176,Default,Default,Role,SilverPalace/Content/ArtRes/CharRes/NPC/Class_A/210176/Role/Meshes/SK_210176_Hair01.SK_210176_Hair01,SK_210176_Hair01,SkeletalMesh,5,9074,SilverPalace/Content/ArtRes/CharRes/NPC/Class_A/210176/Role/Meshes/SK_210176_Body01_Skeleton.SK_210176_Body01_Skeleton,209
NPC/Class_A/210177/Default,NPC,NPC/Class_A/210177,Default,Default,Role,SilverPalace/Content/ArtRes/CharRes/NPC/Class_A/210177/Role/Meshes/SK_210177_Body01.SK_210177_Body01,SK_210177_Body01,SkeletalMesh,5,16938,SilverPalace/Content/ArtRes/CharRes/NPC/Class_A/210177/Role/Meshes/SK_210177_Body01_Skeleton.SK_210177_Body01_Skeleton,220
NPC/Class_A/210177/Default,NPC,NPC/Class_A/210177,Default,Default,Role,SilverPalace/Content/ArtRes/CharRes/NPC/Class_A/210177/Role/Meshes/SK_210177_Face01.SK_210177_Face01,SK_210177_Face01,SkeletalMesh,5,3496,SilverPalace/Content/ArtRes/CharRes/NPC/Class_A/210177/Role/Meshes/SK_210177_Body01_Skeleton.SK_210177_Body01_Skeleton,220
NPC/Class_A/210177/Default,NPC,NPC/Class_A/210177,Default,Default,Role,SilverPalace/Content/ArtRes/CharRes/NPC/Class_A/210177/Role/Meshes/SK_210177_Hair01.SK_210177_Hair01,SK_210177_Hair01,SkeletalMesh,5,5609,SilverPalace/Content/ArtRes/CharRes/NPC/Class_A/210177/Role/Meshes/SK_210177_Body01_Skeleton.SK_210177_Body01_Skeleton,220
NPC/Class_A/210178/Default,NPC,NPC/Class_A/210178,Default,Default,Role,SilverPalace/Content/ArtRes/CharRes/NPC/Class_A/210178/Role/Meshes/SK_210178_Body01.SK_210178_Body01,SK_210178_Body01,SkeletalMesh,5,16049,SilverPalace/Content/ArtRes/CharRes/NPC/Class_A/210178/Role/Meshes/SK_210178_Body01_Skeleton.SK_210178_Body01_Skeleton,277
NPC/Class_A/210178/Default,NPC,NPC/Class_A/210178,Default,Default,Role,SilverPalace/Content/ArtRes/CharRes/NPC/Class_A/210178/Role/Meshes/SK_210178_Face01.SK_210178_Face01,SK_210178_Face01,SkeletalMesh,5,3478,SilverPalace/Content/ArtRes/CharRes/NPC/Class_A/210178/Role/Meshes/SK_210178_Body01_Skeleton.SK_210178_Body01_Skeleton,277
NPC/Class_A/210178/Default,NPC,NPC/Class_A/210178,Default,Default,Role,SilverPalace/Content/ArtRes/CharRes/NPC/Class_A/210178/Role/Meshes/SK_210178_Hair01.SK_210178_Hair01,SK_210178_Hair01,SkeletalMesh,5,4727,SilverPalace/Content/ArtRes/CharRes/NPC/Class_A/210178/Role/Meshes/SK_210178_Body01_Skeleton.SK_210178_Body01_Skeleton,277
NPC/Class_A/210179/Default,NPC,NPC/Class_A/210179,Default,Default,Role,SilverPalace/Content/ArtRes/CharRes/NPC/Class_A/210179/Role/Meshes/SK_210179_Body01.SK_210179_Body01,SK_210179_Body01,SkeletalMesh,5,16049,SilverPalace/Content/ArtRes/CharRes/NPC/Class_A/210179/Role/Meshes/SK_210179_Body01_Skeleton.SK_210179_Body01_Skeleton,275
NPC/Class_A/210179/Default,NPC,NPC/Class_A/210179,Default,Default,Role,SilverPalace/Content/ArtRes/CharRes/NPC/Class_A/210179/Role/Meshes/SK_210179_Face01.SK_210179_Face01,SK_210179_Face01,SkeletalMesh,5,3452,SilverPalace/Content/ArtRes/CharRes/NPC/Class_A/210179/Role/Meshes/SK_210179_Body01_Skeleton.SK_210179_Body01_Skeleton,275
NPC/Class_A/210179/Default,NPC,NPC/Class_A/210179,Default,Default,Role,SilverPalace/Content/ArtRes/CharRes/NPC/Class_A/210179/Role/Meshes/SK_210179_Hair01.SK_210179_Hair01,SK_210179_Hair01,SkeletalMesh,5,7650,SilverPalace/Content/ArtRes/CharRes/NPC/Class_A/210179/Role/Meshes/SK_210179_Body01_Skeleton.SK_210179_Body01_Skeleton,275
NPC/Class_A/210180/Default,NPC,NPC/Class_A/210180,Default,Default,Role,SilverPalace/Content/ArtRes/CharRes/NPC/Class_A/210180/Role/Meshes/SK_210180_Body01.SK_210180_Body01,SK_210180_Body01,SkeletalMesh,5,18219,SilverPalace/Content/ArtRes/CharRes/NPC/Class_A/210180/Role/Meshes/SK_210180_Body01_Skeleton.SK_210180_Body01_Skeleton,243
NPC/Class_A/210180/Default,NPC,NPC/Class_A/210180,Default,Default,Role,SilverPalace/Content/ArtRes/CharRes/NPC/Class_A/210180/Role/Meshes/SK_210180_Face01.SK_210180_Face01,SK_210180_Face01,SkeletalMesh,5,3462,SilverPalace/Content/ArtRes/CharRes/NPC/Class_A/210180/Role/Meshes/SK_210180_Body01_Skeleton.SK_210180_Body01_Skeleton,243
NPC/Class_A/210180/Default,NPC,NPC/Class_A/210180,Default,Default,Role,SilverPalace/Content/ArtRes/CharRes/NPC/Class_A/210180/Role/Meshes/SK_210180_Hair01.SK_210180_Hair01,SK_210180_Hair01,SkeletalMesh,5,4934,SilverPalace/Content/ArtRes/CharRes/NPC/Class_A/210180/Role/Meshes/SK_210180_Body01_Skeleton.SK_210180_Body01_Skeleton,243
NPC/Class_A/210181/Default,NPC,NPC/Class_A/210181,Default,Default,Role,SilverPalace/Content/ArtRes/CharRes/NPC/Class_A/210181/Role/Meshes/SK_210181_Body01.SK_210181_Body01,SK_210181_Body01,SkeletalMesh,5,16181,SilverPalace/Content/ArtRes/CharRes/NPC/Class_A/210181/Role/Meshes/SK_210181_Body01_Skeleton.SK_210181_Body01_Skeleton,323
NPC/Class_A/210181/Default,NPC,NPC/Class_A/210181,Default,Default,Role,SilverPalace/Content/ArtRes/CharRes/NPC/Class_A/210181/Role/Meshes/SK_210181_Face01.SK_210181_Face01,SK_210181_Face01,SkeletalMesh,5,3478,SilverPalace/Content/ArtRes/CharRes/NPC/Class_A/210181/Role/Meshes/SK_210181_Body01_Skeleton.SK_210181_Body01_Skeleton,323
NPC/Class_A/210181/Default,NPC,NPC/Class_A/210181,Default,Default,Role,SilverPalace/Content/ArtRes/CharRes/NPC/Class_A/210181/Role/Meshes/SK_210181_Hair01.SK_210181_Hair01,SK_210181_Hair01,SkeletalMesh,5,11013,SilverPalace/Content/ArtRes/CharRes/NPC/Class_A/210181/Role/Meshes/SK_210181_Body01_Skeleton.SK_210181_Body01_Skeleton,323
NPC/Class_A/210181/Default,NPC,NPC/Class_A/210181,Default,Default,Role,SilverPalace/Content/ArtRes/CharRes/NPC/Class_A/210181/Role/Meshes/SK_210181_Hat01.SK_210181_Hat01,SK_210181_Hat01,SkeletalMesh,5,1467,SilverPalace/Content/ArtRes/CharRes/NPC/Class_A/210181/Role/Meshes/SK_210181_Body01_Skeleton.SK_210181_Body01_Skeleton,323
NPC/Class_A/210182/Default,NPC,NPC/Class_A/210182,Default,Default,Role,SilverPalace/Content/ArtRes/CharRes/NPC/Class_A/210182/Role/Meshes/SK_210182_Body01.SK_210182_Body01,SK_210182_Body01,SkeletalMesh,5,19991,SilverPalace/Content/ArtRes/CharRes/NPC/Class_A/210182/Role/Meshes/SK_210182_Body01_Skeleton.SK_210182_Body01_Skeleton,382
NPC/Class_A/210182/Default,NPC,NPC/Class_A/210182,Default,Default,Role,SilverPalace/Content/ArtRes/CharRes/NPC/Class_A/210182/Role/Meshes/SK_210182_Face01.SK_210182_Face01,SK_210182_Face01,SkeletalMesh,5,3478,SilverPalace/Content/ArtRes/CharRes/NPC/Class_A/210182/Role/Meshes/SK_210182_Body01_Skeleton.SK_210182_Body01_Skeleton,382
NPC/Class_A/210182/Default,NPC,NPC/Class_A/210182,Default,Default,Role,SilverPalace/Content/ArtRes/CharRes/NPC/Class_A/210182/Role/Meshes/SK_210182_Hair01.SK_210182_Hair01,SK_210182_Hair01,SkeletalMesh,5,5592,SilverPalace/Content/ArtRes/CharRes/NPC/Class_A/210182/Role/Meshes/SK_210182_Body01_Skeleton.SK_210182_Body01_Skeleton,382
NPC/Class_A/210182/Default,NPC,NPC/Class_A/210182,Default,Default,Role,SilverPalace/Content/ArtRes/CharRes/NPC/Class_A/210182/Role/Meshes/SK_210182_Hat01.SK_210182_Hat01,SK_210182_Hat01,SkeletalMesh,5,2500,SilverPalace/Content/ArtRes/CharRes/NPC/Class_A/210182/Role/Meshes/SK_210182_Body01_Skeleton.SK_210182_Body01_Skeleton,382
NPC/Class_A/210183/Default,NPC,NPC/Class_A/210183,Default,Default,Role,SilverPalace/Content/ArtRes/CharRes/NPC/Class_A/210183/Role/Meshes/SK_210183_Body01.SK_210183_Body01,SK_210183_Body01,SkeletalMesh,5,25025,SilverPalace/Content/ArtRes/CharRes/NPC/Class_A/210183/Role/Meshes/SK_210183_Body01_Skeleton.SK_210183_Body01_Skeleton,215
NPC/Class_A/210183/Default,NPC,NPC/Class_A/210183,Default,Default,Role,SilverPalace/Content/ArtRes/CharRes/NPC/Class_A/210183/Role/Meshes/SK_210183_Face01.SK_210183_Face01,SK_210183_Face01,SkeletalMesh,5,3422,SilverPalace/Content/ArtRes/CharRes/NPC/Class_A/210183/Role/Meshes/SK_210183_Body01_Skeleton.SK_210183_Body01_Skeleton,215
NPC/Class_A/210183/Default,NPC,NPC/Class_A/210183,Default,Default,Role,SilverPalace/Content/ArtRes/CharRes/NPC/Class_A/210183/Role/Meshes/SK_210183_Hair01.SK_210183_Hair01,SK_210183_Hair01,SkeletalMesh,5,8352,SilverPalace/Content/ArtRes/CharRes/NPC/Class_A/210183/Role/Meshes/SK_210183_Body01_Skeleton.SK_210183_Body01_Skeleton,215
NPC/Class_A/210185/Default,NPC,NPC/Class_A/210185,Default,Default,Role,SilverPalace/Content/ArtRes/CharRes/NPC/Class_A/210185/Role/Meshes/SK_210185_Body01.SK_210185_Body01,SK_210185_Body01,SkeletalMesh,5,17155,SilverPalace/Content/ArtRes/CharRes/NPC/Class_A/210185/Role/Meshes/SK_210185_Body01_Skeleton.SK_210185_Body01_Skeleton,214
NPC/Class_A/210185/Default,NPC,NPC/Class_A/210185,Default,Default,Role,SilverPalace/Content/ArtRes/CharRes/NPC/Class_A/210185/Role/Meshes/SK_210185_Face01.SK_210185_Face01,SK_210185_Face01,SkeletalMesh,5,3496,SilverPalace/Content/ArtRes/CharRes/NPC/Class_A/210185/Role/Meshes/SK_210185_Body01_Skeleton.SK_210185_Body01_Skeleton,214
NPC/Class_A/210185/Default,NPC,NPC/Class_A/210185,Default,Default,Role,SilverPalace/Content/ArtRes/CharRes/NPC/Class_A/210185/Role/Meshes/SK_210185_Hair01.SK_210185_Hair01,SK_210185_Hair01,SkeletalMesh,5,4878,SilverPalace/Content/ArtRes/CharRes/NPC/Class_A/210185/Role/Meshes/SK_210185_Body01_Skeleton.SK_210185_Body01_Skeleton,214
NPC/Class_A/210185/Default,NPC,NPC/Class_A/210185,Default,Default,Role,SilverPalace/Content/ArtRes/CharRes/NPC/Class_A/210185/Role/Meshes/SK_210185_Hat01.SK_210185_Hat01,SK_210185_Hat01,SkeletalMesh,5,1472,SilverPalace/Content/ArtRes/CharRes/NPC/Class_A/210185/Role/Meshes/SK_210185_Body01_Skeleton.SK_210185_Body01_Skeleton,214
NPC/Class_A/210186/Default,NPC,NPC/Class_A/210186,Default,Default,Role,SilverPalace/Content/ArtRes/CharRes/NPC/Class_A/210186/Role/Meshes/SK_210186_Body01.SK_210186_Body01,SK_210186_Body01,SkeletalMesh,5,17155,SilverPalace/Content/ArtRes/CharRes/NPC/Class_A/210186/Role/Meshes/SK_210186_Body01_Skeleton.SK_210186_Body01_Skeleton,217
NPC/Class_A/210186/Default,NPC,NPC/Class_A/210186,Default,Default,Role,SilverPalace/Content/ArtRes/CharRes/NPC/Class_A/210186/Role/Meshes/SK_210186_Face01.SK_210186_Face01,SK_210186_Face01,SkeletalMesh,5,3430,SilverPalace/Content/ArtRes/CharRes/NPC/Class_A/210186/Role/Meshes/SK_210186_Body01_Skeleton.SK_210186_Body01_Skeleton,217
NPC/Class_A/210186/Default,NPC,NPC/Class_A/210186,Default,Default,Role,SilverPalace/Content/ArtRes/CharRes/NPC/Class_A/210186/Role/Meshes/SK_210186_Hair01.SK_210186_Hair01,SK_210186_Hair01,SkeletalMesh,5,8126,SilverPalace/Content/ArtRes/CharRes/NPC/Class_A/210186/Role/Meshes/SK_210186_Body01_Skeleton.SK_210186_Body01_Skeleton,217
NPC/Class_A/210186/Default,NPC,NPC/Class_A/210186,Default,Default,Role,SilverPalace/Content/ArtRes/CharRes/NPC/Class_A/210186/Role/Meshes/SK_210186_Hat01.SK_210186_Hat01,SK_210186_Hat01,SkeletalMesh,5,1122,SilverPalace/Content/ArtRes/CharRes/NPC/Class_A/210186/Role/Meshes/SK_210186_Body01_Skeleton.SK_210186_Body01_Skeleton,217
NPC/Class_A/210187/Default,NPC,NPC/Class_A/210187,Default,Default,Role,SilverPalace/Content/ArtRes/CharRes/NPC/Class_A/210187/Role/Meshes/SK_210187_Body01.SK_210187_Body01,SK_210187_Body01,SkeletalMesh,5,17155,SilverPalace/Content/ArtRes/CharRes/NPC/Class_A/210187/Role/Meshes/SK_210187_Body01_Skeleton.SK_210187_Body01_Skeleton,248
NPC/Class_A/210187/Default,NPC,NPC/Class_A/210187,Default,Default,Role,SilverPalace/Content/ArtRes/CharRes/NPC/Class_A/210187/Role/Meshes/SK_210187_Face01.SK_210187_Face01,SK_210187_Face01,SkeletalMesh,5,3496,SilverPalace/Content/ArtRes/CharRes/NPC/Class_A/210187/Role/Meshes/SK_210187_Body01_Skeleton.SK_210187_Body01_Skeleton,248
NPC/Class_A/210187/Default,NPC,NPC/Class_A/210187,Default,Default,Role,SilverPalace/Content/ArtRes/CharRes/NPC/Class_A/210187/Role/Meshes/SK_210187_Hair01.SK_210187_Hair01,SK_210187_Hair01,SkeletalMesh,5,6283,SilverPalace/Content/ArtRes/CharRes/NPC/Class_A/210187/Role/Meshes/SK_210187_Body01_Skeleton.SK_210187_Body01_Skeleton,248
NPC/Class_A/210188/Default,NPC,NPC/Class_A/210188,Default,Default,Role,SilverPalace/Content/ArtRes/CharRes/NPC/Class_A/210188/Role/Meshes/SK_210188_Body01.SK_210188_Body01,SK_210188_Body01,SkeletalMesh,5,17993,SilverPalace/Content/ArtRes/CharRes/NPC/Class_A/210188/Role/Meshes/SK_210188_Body01_Skeleton.SK_210188_Body01_Skeleton,231
NPC/Class_A/210188/Default,NPC,NPC/Class_A/210188,Default,Default,Role,SilverPalace/Content/ArtRes/CharRes/NPC/Class_A/210188/Role/Meshes/SK_210188_Face01.SK_210188_Face01,SK_210188_Face01,SkeletalMesh,5,3492,SilverPalace/Content/ArtRes/CharRes/NPC/Class_A/210188/Role/Meshes/SK_210188_Body01_Skeleton.SK_210188_Body01_Skeleton,231
NPC/Class_A/210188/Default,NPC,NPC/Class_A/210188,Default,Default,Role,SilverPalace/Content/ArtRes/CharRes/NPC/Class_A/210188/Role/Meshes/SK_210188_Hair01.SK_210188_Hair01,SK_210188_Hair01,SkeletalMesh,5,5461,SilverPalace/Content/ArtRes/CharRes/NPC/Class_A/210188/Role/Meshes/SK_210188_Body01_Skeleton.SK_210188_Body01_Skeleton,231
NPC/Class_A/210189/Default,NPC,NPC/Class_A/210189,Default,Default,Role,SilverPalace/Content/ArtRes/CharRes/NPC/Class_A/210189/Role/Meshes/SK_210189_Body01.SK_210189_Body01,SK_210189_Body01,SkeletalMesh,5,17155,SilverPalace/Content/ArtRes/CharRes/NPC/Class_A/210189/Role/Meshes/SK_210189_Body01_Skeleton.SK_210189_Body01_Skeleton,227
NPC/Class_A/210189/Default,NPC,NPC/Class_A/210189,Default,Default,Role,SilverPalace/Content/ArtRes/CharRes/NPC/Class_A/210189/Role/Meshes/SK_210189_Face01.SK_210189_Face01,SK_210189_Face01,SkeletalMesh,5,3496,SilverPalace/Content/ArtRes/CharRes/NPC/Class_A/210189/Role/Meshes/SK_210189_Body01_Skeleton.SK_210189_Body01_Skeleton,227
NPC/Class_A/210189/Default,NPC,NPC/Class_A/210189,Default,Default,Role,SilverPalace/Content/ArtRes/CharRes/NPC/Class_A/210189/Role/Meshes/SK_210189_Hair01.SK_210189_Hair01,SK_210189_Hair01,SkeletalMesh,5,8886,SilverPalace/Content/ArtRes/CharRes/NPC/Class_A/210189/Role/Meshes/SK_210189_Body01_Skeleton.SK_210189_Body01_Skeleton,227
NPC/Class_A/210191/Default,NPC,NPC/Class_A/210191,Default,Default,Role,SilverPalace/Content/ArtRes/CharRes/NPC/Class_A/210191/Role/Meshes/SK_210191_Body01.SK_210191_Body01,SK_210191_Body01,SkeletalMesh,5,17993,SilverPalace/Content/ArtRes/CharRes/NPC/Class_A/210191/Role/Meshes/SK_210191_Body01_Skeleton.SK_210191_Body01_Skeleton,239
NPC/Class_A/210191/Default,NPC,NPC/Class_A/210191,Default,Default,Role,SilverPalace/Content/ArtRes/CharRes/NPC/Class_A/210191/Role/Meshes/SK_210191_Face01.SK_210191_Face01,SK_210191_Face01,SkeletalMesh,5,3492,SilverPalace/Content/ArtRes/CharRes/NPC/Class_A/210191/Role/Meshes/SK_210191_Body01_Skeleton.SK_210191_Body01_Skeleton,239
NPC/Class_A/210191/Default,NPC,NPC/Class_A/210191,Default,Default,Role,SilverPalace/Content/ArtRes/CharRes/NPC/Class_A/210191/Role/Meshes/SK_210191_Hair01.SK_210191_Hair01,SK_210191_Hair01,SkeletalMesh,5,5996,SilverPalace/Content/ArtRes/CharRes/NPC/Class_A/210191/Role/Meshes/SK_210191_Body01_Skeleton.SK_210191_Body01_Skeleton,239
NPC/Class_A/210192/Default,NPC,NPC/Class_A/210192,Default,Default,Role,SilverPalace/Content/ArtRes/CharRes/NPC/Class_A/210192/Role/Meshes/SK_210192_Body01.SK_210192_Body01,SK_210192_Body01,SkeletalMesh,5,17993,SilverPalace/Content/ArtRes/CharRes/NPC/Class_A/210192/Role/Meshes/SK_210192_Body01_Skeleton.SK_210192_Body01_Skeleton,219
NPC/Class_A/210192/Default,NPC,NPC/Class_A/210192,Default,Default,Role,SilverPalace/Content/ArtRes/CharRes/NPC/Class_A/210192/Role/Meshes/SK_210192_Face01.SK_210192_Face01,SK_210192_Face01,SkeletalMesh,5,3492,SilverPalace/Content/ArtRes/CharRes/NPC/Class_A/210192/Role/Meshes/SK_210192_Body01_Skeleton.SK_210192_Body01_Skeleton,219
NPC/Class_A/210192/Default,NPC,NPC/Class_A/210192,Default,Default,Role,SilverPalace/Content/ArtRes/CharRes/NPC/Class_A/210192/Role/Meshes/SK_210192_Hair01.SK_210192_Hair01,SK_210192_Hair01,SkeletalMesh,5,4747,SilverPalace/Content/ArtRes/CharRes/NPC/Class_A/210192/Role/Meshes/SK_210192_Body01_Skeleton.SK_210192_Body01_Skeleton,219
NPC/Class_A/210193/Default,NPC,NPC/Class_A/210193,Default,Default,Prop,SilverPalace/Content/ArtRes/CharRes/NPC/Class_A/210193/Prop/Meshes/SK_210193_Pendant01.SK_210193_Pendant01,SK_210193_Pendant01,SkeletalMesh,5,2164,SilverPalace/Content/ArtRes/CharRes/NPC/Class_A/210193/Prop/Meshes/SK_210193_Pendant01_Skeleton.SK_210193_Pendant01_Skeleton,28
NPC/Class_A/210193/Default,NPC,NPC/Class_A/210193,Default,Default,Role,SilverPalace/Content/ArtRes/CharRes/NPC/Class_A/210193/Role/Meshes/SK_210193_Body01.SK_210193_Body01,SK_210193_Body01,SkeletalMesh,5,12042,SilverPalace/Content/ArtRes/CharRes/NPC/Class_A/210193/Role/Meshes/SK_210193_Body01_Skeleton.SK_210193_Body01_Skeleton,251
NPC/Class_A/210193/Default,NPC,NPC/Class_A/210193,Default,Default,Role,SilverPalace/Content/ArtRes/CharRes/NPC/Class_A/210193/Role/Meshes/SK_210193_Face01.SK_210193_Face01,SK_210193_Face01,SkeletalMesh,5,3500,SilverPalace/Content/ArtRes/CharRes/NPC/Class_A/210193/Role/Meshes/SK_210193_Body01_Skeleton.SK_210193_Body01_Skeleton,251
NPC/Class_A/210193/Default,NPC,NPC/Class_A/210193,Default,Default,Role,SilverPalace/Content/ArtRes/CharRes/NPC/Class_A/210193/Role/Meshes/SK_210193_Hair01.SK_210193_Hair01,SK_210193_Hair01,SkeletalMesh,5,6236,SilverPalace/Content/ArtRes/CharRes/NPC/Class_A/210193/Role/Meshes/SK_210193_Body01_Skeleton.SK_210193_Body01_Skeleton,251
NPC/Class_A/210197/Default,NPC,NPC/Class_A/210197,Default,Default,Role,SilverPalace/Content/ArtRes/CharRes/NPC/Class_A/210197/Role/Meshes/SK_210197_Body01.SK_210197_Body01,SK_210197_Body01,SkeletalMesh,5,18679,SilverPalace/Content/ArtRes/CharRes/NPC/Class_A/210197/Role/Meshes/SK_210197_Body01_Skeleton.SK_210197_Body01_Skeleton,334
NPC/Class_A/210197/Default,NPC,NPC/Class_A/210197,Default,Default,Role,SilverPalace/Content/ArtRes/CharRes/NPC/Class_A/210197/Role/Meshes/SK_210197_Face01.SK_210197_Face01,SK_210197_Face01,SkeletalMesh,5,3452,SilverPalace/Content/ArtRes/CharRes/NPC/Class_A/210197/Role/Meshes/SK_210197_Body01_Skeleton.SK_210197_Body01_Skeleton,334
NPC/Class_A/210197/Default,NPC,NPC/Class_A/210197,Default,Default,Role,SilverPalace/Content/ArtRes/CharRes/NPC/Class_A/210197/Role/Meshes/SK_210197_Hair01.SK_210197_Hair01,SK_210197_Hair01,SkeletalMesh,5,5437,SilverPalace/Content/ArtRes/CharRes/NPC/Class_A/210197/Role/Meshes/SK_210197_Body01_Skeleton.SK_210197_Body01_Skeleton,334
NPC/Class_A/210198/Default,NPC,NPC/Class_A/210198,Default,Default,Role,SilverPalace/Content/ArtRes/CharRes/NPC/Class_A/210198/Role/Meshes/SK_210198_Body01.SK_210198_Body01,SK_210198_Body01,SkeletalMesh,5,17503,SilverPalace/Content/ArtRes/CharRes/NPC/Class_A/210198/Role/Meshes/SK_210198_Body01_Skeleton.SK_210198_Body01_Skeleton,308
NPC/Class_A/210198/Default,NPC,NPC/Class_A/210198,Default,Default,Role,SilverPalace/Content/ArtRes/CharRes/NPC/Class_A/210198/Role/Meshes/SK_210198_Face01.SK_210198_Face01,SK_210198_Face01,SkeletalMesh,5,3496,SilverPalace/Content/ArtRes/CharRes/NPC/Class_A/210198/Role/Meshes/SK_210198_Body01_Skeleton.SK_210198_Body01_Skeleton,308
NPC/Class_A/210198/Default,NPC,NPC/Class_A/210198,Default,Default,Role,SilverPalace/Content/ArtRes/CharRes/NPC/Class_A/210198/Role/Meshes/SK_210198_Hair01.SK_210198_Hair01,SK_210198_Hair01,SkeletalMesh,5,5702,SilverPalace/Content/ArtRes/CharRes/NPC/Class_A/210198/Role/Meshes/SK_210198_Body01_Skeleton.SK_210198_Body01_Skeleton,308
NPC/Class_A/210198/Default,NPC,NPC/Class_A/210198,Default,Default,Role,SilverPalace/Content/ArtRes/CharRes/NPC/Class_A/210198/Role/Meshes/SK_210198_Hat01.SK_210198_Hat01,SK_210198_Hat01,SkeletalMesh,5,1362,SilverPalace/Content/ArtRes/CharRes/NPC/Class_A/210198/Role/Meshes/SK_210198_Body01_Skeleton.SK_210198_Body01_Skeleton,308
NPC/Class_A/210199/Default,NPC,NPC/Class_A/210199,Default,Default,Role,SilverPalace/Content/ArtRes/CharRes/NPC/Class_A/210199/Role/Meshes/SK_210199_Body01.SK_210199_Body01,SK_210199_Body01,SkeletalMesh,5,18679,SilverPalace/Content/ArtRes/CharRes/NPC/Class_A/210199/Role/Meshes/SK_210199_Body01_Skeleton.SK_210199_Body01_Skeleton,358
NPC/Class_A/210199/Default,NPC,NPC/Class_A/210199,Default,Default,Role,SilverPalace/Content/ArtRes/CharRes/NPC/Class_A/210199/Role/Meshes/SK_210199_Face01.SK_210199_Face01,SK_210199_Face01,SkeletalMesh,5,3492,SilverPalace/Content/ArtRes/CharRes/NPC/Class_A/210199/Role/Meshes/SK_210199_Body01_Skeleton.SK_210199_Body01_Skeleton,358
NPC/Class_A/210199/Default,NPC,NPC/Class_A/210199,Default,Default,Role,SilverPalace/Content/ArtRes/CharRes/NPC/Class_A/210199/Role/Meshes/SK_210199_Hair01.SK_210199_Hair01,SK_210199_Hair01,SkeletalMesh,5,4747,SilverPalace/Content/ArtRes/CharRes/NPC/Class_A/210199/Role/Meshes/SK_210199_Body01_Skeleton.SK_210199_Body01_Skeleton,358
NPC/Class_A/210199/Default,NPC,NPC/Class_A/210199,Default,Default,Role,SilverPalace/Content/ArtRes/CharRes/NPC/Class_A/210199/Role/Meshes/SK_210199_Hat01.SK_210199_Hat01,SK_210199_Hat01,SkeletalMesh,5,1362,SilverPalace/Content/ArtRes/CharRes/NPC/Class_A/210199/Role/Meshes/SK_210199_Body01_Skeleton.SK_210199_Body01_Skeleton,358
NPC/Class_A/210200/Default,NPC,NPC/Class_A/210200,Default,Default,Role,SilverPalace/Content/ArtRes/CharRes/NPC/Class_A/210200/Role/Meshes/SK_210200_Body01.SK_210200_Body01,SK_210200_Body01,SkeletalMesh,5,20023,SilverPalace/Content/ArtRes/CharRes/NPC/Class_A/210200/Role/Meshes/SK_210200_Body01_Skeleton.SK_210200_Body01_Skeleton,291
NPC/Class_A/210200/Default,NPC,NPC/Class_A/210200,Default,Default,Role,SilverPalace/Content/ArtRes/CharRes/NPC/Class_A/210200/Role/Meshes/SK_210200_Face01.SK_210200_Face01,SK_210200_Face01,SkeletalMesh,5,3492,SilverPalace/Content/ArtRes/CharRes/NPC/Class_A/210200/Role/Meshes/SK_210200_Body01_Skeleton.SK_210200_Body01_Skeleton,291
NPC/Class_A/210200/Default,NPC,NPC/Class_A/210200,Default,Default,Role,SilverPalace/Content/ArtRes/CharRes/NPC/Class_A/210200/Role/Meshes/SK_210200_Hair01.SK_210200_Hair01,SK_210200_Hair01,SkeletalMesh,5,7567,SilverPalace/Content/ArtRes/CharRes/NPC/Class_A/210200/Role/Meshes/SK_210200_Body01_Skeleton.SK_210200_Body01_Skeleton,291
NPC/Class_A/210201/Default,NPC,NPC/Class_A/210201,Default,Default,Role,SilverPalace/Content/ArtRes/CharRes/NPC/Class_A/210201/Role/Meshes/SK_210201_Body01.SK_210201_Body01,SK_210201_Body01,SkeletalMesh,5,17503,SilverPalace/Content/ArtRes/CharRes/NPC/Class_A/210201/Role/Meshes/SK_210201_Body01_Skeleton.SK_210201_Body01_Skeleton,310
NPC/Class_A/210201/Default,NPC,NPC/Class_A/210201,Default,Default,Role,SilverPalace/Content/ArtRes/CharRes/NPC/Class_A/210201/Role/Meshes/SK_210201_Face01.SK_210201_Face01,SK_210201_Face01,SkeletalMesh,5,2984,SilverPalace/Content/ArtRes/CharRes/NPC/Class_A/210201/Role/Meshes/SK_210201_Body01_Skeleton.SK_210201_Body01_Skeleton,310
NPC/Class_A/210201/Default,NPC,NPC/Class_A/210201,Default,Default,Role,SilverPalace/Content/ArtRes/CharRes/NPC/Class_A/210201/Role/Meshes/SK_210201_Hair01.SK_210201_Hair01,SK_210201_Hair01,SkeletalMesh,5,7405,SilverPalace/Content/ArtRes/CharRes/NPC/Class_A/210201/Role/Meshes/SK_210201_Body01_Skeleton.SK_210201_Body01_Skeleton,310
NPC/Class_A/210201/Default,NPC,NPC/Class_A/210201,Default,Default,Role,SilverPalace/Content/ArtRes/CharRes/NPC/Class_A/210201/Role/Meshes/SK_210201_Hat01.SK_210201_Hat01,SK_210201_Hat01,SkeletalMesh,5,1511,SilverPalace/Content/ArtRes/CharRes/NPC/Class_A/210201/Role/Meshes/SK_210201_Body01_Skeleton.SK_210201_Body01_Skeleton,310
NPC/Class_A/210202/Default,NPC,NPC/Class_A/210202,Default,Default,Role,SilverPalace/Content/ArtRes/CharRes/NPC/Class_A/210202/Role/Meshes/SK_210202_Body01.SK_210202_Body01,SK_210202_Body01,SkeletalMesh,5,18680,SilverPalace/Content/ArtRes/CharRes/NPC/Class_A/210202/Role/Meshes/SK_210202_Body01_Skeleton.SK_210202_Body01_Skeleton,331
NPC/Class_A/210202/Default,NPC,NPC/Class_A/210202,Default,Default,Role,SilverPalace/Content/ArtRes/CharRes/NPC/Class_A/210202/Role/Meshes/SK_210202_Face01.SK_210202_Face01,SK_210202_Face01,SkeletalMesh,5,3478,SilverPalace/Content/ArtRes/CharRes/NPC/Class_A/210202/Role/Meshes/SK_210202_Body01_Skeleton.SK_210202_Body01_Skeleton,331
NPC/Class_A/210202/Default,NPC,NPC/Class_A/210202,Default,Default,Role,SilverPalace/Content/ArtRes/CharRes/NPC/Class_A/210202/Role/Meshes/SK_210202_Hair01.SK_210202_Hair01,SK_210202_Hair01,SkeletalMesh,5,5702,SilverPalace/Content/ArtRes/CharRes/NPC/Class_A/210202/Role/Meshes/SK_210202_Body01_Skeleton.SK_210202_Body01_Skeleton,331
NPC/Class_A/210202/Default,NPC,NPC/Class_A/210202,Default,Default,Role,SilverPalace/Content/ArtRes/CharRes/NPC/Class_A/210202/Role/Meshes/SK_210202_Hat01.SK_210202_Hat01,SK_210202_Hat01,SkeletalMesh,5,1362,SilverPalace/Content/ArtRes/CharRes/NPC/Class_A/210202/Role/Meshes/SK_210202_Body01_Skeleton.SK_210202_Body01_Skeleton,331
NPC/Class_A/210203/Default,NPC,NPC/Class_A/210203,Default,Default,Role,SilverPalace/Content/ArtRes/CharRes/NPC/Class_A/210203/Role/Meshes/SK_210203_Body01.SK_210203_Body01,SK_210203_Body01,SkeletalMesh,5,19087,SilverPalace/Content/ArtRes/CharRes/NPC/Class_A/210203/Role/Meshes/SK_210203_Body01_Skeleton.SK_210203_Body01_Skeleton,295
NPC/Class_A/210203/Default,NPC,NPC/Class_A/210203,Default,Default,Role,SilverPalace/Content/ArtRes/CharRes/NPC/Class_A/210203/Role/Meshes/SK_210203_Face01.SK_210203_Face01,SK_210203_Face01,SkeletalMesh,5,3478,SilverPalace/Content/ArtRes/CharRes/NPC/Class_A/210203/Role/Meshes/SK_210203_Body01_Skeleton.SK_210203_Body01_Skeleton,295
NPC/Class_A/210203/Default,NPC,NPC/Class_A/210203,Default,Default,Role,SilverPalace/Content/ArtRes/CharRes/NPC/Class_A/210203/Role/Meshes/SK_210203_Hair01.SK_210203_Hair01,SK_210203_Hair01,SkeletalMesh,5,5461,SilverPalace/Content/ArtRes/CharRes/NPC/Class_A/210203/Role/Meshes/SK_210203_Body01_Skeleton.SK_210203_Body01_Skeleton,295
NPC/Class_A/210204/Default,NPC,NPC/Class_A/210204,Default,Default,Role,SilverPalace/Content/ArtRes/CharRes/NPC/Class_A/210204/Role/Meshes/SK_210204_Body01.SK_210204_Body01,SK_210204_Body01,SkeletalMesh,5,17503,SilverPalace/Content/ArtRes/CharRes/NPC/Class_A/210204/Role/Meshes/SK_210204_Body01_Skeleton.SK_210204_Body01_Skeleton,301
NPC/Class_A/210204/Default,NPC,NPC/Class_A/210204,Default,Default,Role,SilverPalace/Content/ArtRes/CharRes/NPC/Class_A/210204/Role/Meshes/SK_210204_Face01.SK_210204_Face01,SK_210204_Face01,SkeletalMesh,5,3478,SilverPalace/Content/ArtRes/CharRes/NPC/Class_A/210204/Role/Meshes/SK_210204_Body01_Skeleton.SK_210204_Body01_Skeleton,301
NPC/Class_A/210204/Default,NPC,NPC/Class_A/210204,Default,Default,Role,SilverPalace/Content/ArtRes/CharRes/NPC/Class_A/210204/Role/Meshes/SK_210204_Hair01.SK_210204_Hair01,SK_210204_Hair01,SkeletalMesh,5,7078,SilverPalace/Content/ArtRes/CharRes/NPC/Class_A/210204/Role/Meshes/SK_210204_Body01_Skeleton.SK_210204_Body01_Skeleton,301
NPC/Class_A/210205/Default,NPC,NPC/Class_A/210205,Default,Default,Role,SilverPalace/Content/ArtRes/CharRes/NPC/Class_A/210205/Role/Meshes/SK_210205_Body01.SK_210205_Body01,SK_210205_Body01,SkeletalMesh,5,18678,SilverPalace/Content/ArtRes/CharRes/NPC/Class_A/210205/Role/Meshes/SK_210205_Body01_Skeleton.SK_210205_Body01_Skeleton,356
NPC/Class_A/210205/Default,NPC,NPC/Class_A/210205,Default,Default,Role,SilverPalace/Content/ArtRes/CharRes/NPC/Class_A/210205/Role/Meshes/SK_210205_Face01.SK_210205_Face01,SK_210205_Face01,SkeletalMesh,5,3496,SilverPalace/Content/ArtRes/CharRes/NPC/Class_A/210205/Role/Meshes/SK_210205_Body01_Skeleton.SK_210205_Body01_Skeleton,356
NPC/Class_A/210205/Default,NPC,NPC/Class_A/210205,Default,Default,Role,SilverPalace/Content/ArtRes/CharRes/NPC/Class_A/210205/Role/Meshes/SK_210205_Hair01.SK_210205_Hair01,SK_210205_Hair01,SkeletalMesh,5,6168,SilverPalace/Content/ArtRes/CharRes/NPC/Class_A/210205/Role/Meshes/SK_210205_Body01_Skeleton.SK_210205_Body01_Skeleton,356
NPC/Class_A/210205/Default,NPC,NPC/Class_A/210205,Default,Default,Role,SilverPalace/Content/ArtRes/CharRes/NPC/Class_A/210205/Role/Meshes/SK_210205_Hat01.SK_210205_Hat01,SK_210205_Hat01,SkeletalMesh,5,1563,SilverPalace/Content/ArtRes/CharRes/NPC/Class_A/210205/Role/Meshes/SK_210205_Body01_Skeleton.SK_210205_Body01_Skeleton,356
NPC/Class_A/210206/Default,NPC,NPC/Class_A/210206,Default,Default,Role,SilverPalace/Content/ArtRes/CharRes/NPC/Class_A/210206/Role/Meshes/SK_210206_Body01.SK_210206_Body01,SK_210206_Body01,SkeletalMesh,5,7600,SilverPalace/Content/ArtRes/CharRes/NPC/Class_A/210206/Role/Meshes/SK_210206_Body01_Skeleton.SK_210206_Body01_Skeleton,172
NPC/Class_A/210206/Default,NPC,NPC/Class_A/210206,Default,Default,Role,SilverPalace/Content/ArtRes/CharRes/NPC/Class_A/210206/Role/Meshes/SK_210206_Face01.SK_210206_Face01,SK_210206_Face01,SkeletalMesh,5,3776,SilverPalace/Content/ArtRes/CharRes/NPC/Class_A/210206/Role/Meshes/SK_210206_Body01_Skeleton.SK_210206_Body01_Skeleton,172
NPC/Class_A/210207/Default,NPC,NPC/Class_A/210207,Default,Default,Role,SilverPalace/Content/ArtRes/CharRes/NPC/Class_A/210207/Role/Meshes/SK_210207_Body01.SK_210207_Body01,SK_210207_Body01,SkeletalMesh,5,18789,SilverPalace/Content/ArtRes/CharRes/NPC/Class_A/210207/Role/Meshes/SK_210207_Body01_Skeleton.SK_210207_Body01_Skeleton,241
NPC/Class_A/210207/Default,NPC,NPC/Class_A/210207,Default,Default,Role,SilverPalace/Content/ArtRes/CharRes/NPC/Class_A/210207/Role/Meshes/SK_210207_Face01.SK_210207_Face01,SK_210207_Face01,SkeletalMesh,5,3496,SilverPalace/Content/ArtRes/CharRes/NPC/Class_A/210207/Role/Meshes/SK_210207_Body01_Skeleton.SK_210207_Body01_Skeleton,241
NPC/Class_A/210207/Default,NPC,NPC/Class_A/210207,Default,Default,Role,SilverPalace/Content/ArtRes/CharRes/NPC/Class_A/210207/Role/Meshes/SK_210207_Hair01.SK_210207_Hair01,SK_210207_Hair01,SkeletalMesh,5,4111,SilverPalace/Content/ArtRes/CharRes/NPC/Class_A/210207/Role/Meshes/SK_210207_Body01_Skeleton.SK_210207_Body01_Skeleton,241
NPC/Class_A/210207/Default,NPC,NPC/Class_A/210207,Default,Default,Role,SilverPalace/Content/ArtRes/CharRes/NPC/Class_A/210207/Role/Meshes/SK_210207_Hat01.SK_210207_Hat01,SK_210207_Hat01,SkeletalMesh,5,1494,SilverPalace/Content/ArtRes/CharRes/NPC/Class_A/210207/Role/Meshes/SK_210207_Body01_Skeleton.SK_210207_Body01_Skeleton,241
NPC/Class_A/210208/Default,NPC,NPC/Class_A/210208,Default,Default,Role,SilverPalace/Content/ArtRes/CharRes/NPC/Class_A/210208/Role/Meshes/SK_210208_Body01.SK_210208_Body01,SK_210208_Body01,SkeletalMesh,5,18716,SilverPalace/Content/ArtRes/CharRes/NPC/Class_A/210208/Role/Meshes/SK_210208_Body01_Skeleton.SK_210208_Body01_Skeleton,411
NPC/Class_A/210208/Default,NPC,NPC/Class_A/210208,Default,Default,Role,SilverPalace/Content/ArtRes/CharRes/NPC/Class_A/210208/Role/Meshes/SK_210208_Face01.SK_210208_Face01,SK_210208_Face01,SkeletalMesh,5,3492,SilverPalace/Content/ArtRes/CharRes/NPC/Class_A/210208/Role/Meshes/SK_210208_Body01_Skeleton.SK_210208_Body01_Skeleton,411
NPC/Class_A/210208/Default,NPC,NPC/Class_A/210208,Default,Default,Role,SilverPalace/Content/ArtRes/CharRes/NPC/Class_A/210208/Role/Meshes/SK_210208_Hair01.SK_210208_Hair01,SK_210208_Hair01,SkeletalMesh,5,4538,SilverPalace/Content/ArtRes/CharRes/NPC/Class_A/210208/Role/Meshes/SK_210208_Body01_Skeleton.SK_210208_Body01_Skeleton,411
NPC/Class_A/210208/Default,NPC,NPC/Class_A/210208,Default,Default,Role,SilverPalace/Content/ArtRes/CharRes/NPC/Class_A/210208/Role/Meshes/SK_210208_Hat01.SK_210208_Hat01,SK_210208_Hat01,SkeletalMesh,5,1467,SilverPalace/Content/ArtRes/CharRes/NPC/Class_A/210208/Role/Meshes/SK_210208_Body01_Skeleton.SK_210208_Body01_Skeleton,411
NPC/Class_A/210209/Default,NPC,NPC/Class_A/210209,Default,Default,Role,SilverPalace/Content/ArtRes/CharRes/NPC/Class_A/210209/Role/Meshes/SK_210209_Body01.SK_210209_Body01,SK_210209_Body01,SkeletalMesh,5,20058,SilverPalace/Content/ArtRes/CharRes/NPC/Class_A/210209/Role/Meshes/SK_210209_Body01_Skeleton.SK_210209_Body01_Skeleton,270
NPC/Class_A/210209/Default,NPC,NPC/Class_A/210209,Default,Default,Role,SilverPalace/Content/ArtRes/CharRes/NPC/Class_A/210209/Role/Meshes/SK_210209_Face01.SK_210209_Face01,SK_210209_Face01,SkeletalMesh,5,3462,SilverPalace/Content/ArtRes/CharRes/NPC/Class_A/210209/Role/Meshes/SK_210209_Body01_Skeleton.SK_210209_Body01_Skeleton,270
NPC/Class_A/210209/Default,NPC,NPC/Class_A/210209,Default,Default,Role,SilverPalace/Content/ArtRes/CharRes/NPC/Class_A/210209/Role/Meshes/SK_210209_Hair01.SK_210209_Hair01,SK_210209_Hair01,SkeletalMesh,5,4920,SilverPalace/Content/ArtRes/CharRes/NPC/Class_A/210209/Role/Meshes/SK_210209_Body01_Skeleton.SK_210209_Body01_Skeleton,270
NPC/Class_A/210210/Default,NPC,NPC/Class_A/210210,Default,Default,Role,SilverPalace/Content/ArtRes/CharRes/NPC/Class_A/210210/Role/Meshes/SK_210210_Body01.SK_210210_Body01,SK_210210_Body01,SkeletalMesh,5,19420,SilverPalace/Content/ArtRes/CharRes/NPC/Class_A/210210/Role/Meshes/SK_210210_Body01_Skeleton.SK_210210_Body01_Skeleton,271
NPC/Class_A/210210/Default,NPC,NPC/Class_A/210210,Default,Default,Role,SilverPalace/Content/ArtRes/CharRes/NPC/Class_A/210210/Role/Meshes/SK_210210_Face01.SK_210210_Face01,SK_210210_Face01,SkeletalMesh,5,3452,SilverPalace/Content/ArtRes/CharRes/NPC/Class_A/210210/Role/Meshes/SK_210210_Body01_Skeleton.SK_210210_Body01_Skeleton,271
NPC/Class_A/210210/Default,NPC,NPC/Class_A/210210,Default,Default,Role,SilverPalace/Content/ArtRes/CharRes/NPC/Class_A/210210/Role/Meshes/SK_210210_Hair01.SK_210210_Hair01,SK_210210_Hair01,SkeletalMesh,5,10828,SilverPalace/Content/ArtRes/CharRes/NPC/Class_A/210210/Role/Meshes/SK_210210_Body01_Skeleton.SK_210210_Body01_Skeleton,271
NPC/Class_A/210210/Default,NPC,NPC/Class_A/210210,Default,Default,Role,SilverPalace/Content/ArtRes/CharRes/NPC/Class_A/210210/Role/Meshes/SK_210210_Hat01.SK_210210_Hat01,SK_210210_Hat01,SkeletalMesh,5,2500,SilverPalace/Content/ArtRes/CharRes/NPC/Class_A/210210/Role/Meshes/SK_210210_Body01_Skeleton.SK_210210_Body01_Skeleton,271
NPC/Class_A/210211/Default,NPC,NPC/Class_A/210211,Default,Default,Role,SilverPalace/Content/ArtRes/CharRes/NPC/Class_A/210211/Role/Meshes/SK_210211_Body01.SK_210211_Body01,SK_210211_Body01,SkeletalMesh,5,13058,SilverPalace/Content/ArtRes/CharRes/NPC/Class_A/210211/Role/Meshes/SK_210211_Body01_Skeleton.SK_210211_Body01_Skeleton,221
NPC/Class_A/210211/Default,NPC,NPC/Class_A/210211,Default,Default,Role,SilverPalace/Content/ArtRes/CharRes/NPC/Class_A/210211/Role/Meshes/SK_210211_Face01.SK_210211_Face01,SK_210211_Face01,SkeletalMesh,5,3478,SilverPalace/Content/ArtRes/CharRes/NPC/Class_A/210211/Role/Meshes/SK_210211_Body01_Skeleton.SK_210211_Body01_Skeleton,221
NPC/Class_A/210211/Default,NPC,NPC/Class_A/210211,Default,Default,Role,SilverPalace/Content/ArtRes/CharRes/NPC/Class_A/210211/Role/Meshes/SK_210211_Hair01.SK_210211_Hair01,SK_210211_Hair01,SkeletalMesh,5,11426,SilverPalace/Content/ArtRes/CharRes/NPC/Class_A/210211/Role/Meshes/SK_210211_Body01_Skeleton.SK_210211_Body01_Skeleton,221
NPC/Class_A/210212/Default,NPC,NPC/Class_A/210212,Default,Default,Role,SilverPalace/Content/ArtRes/CharRes/NPC/Class_A/210212/Role/Meshes/SK_210212_Body01.SK_210212_Body01,SK_210212_Body01,SkeletalMesh,5,12970,SilverPalace/Content/ArtRes/CharRes/NPC/Class_A/210212/Role/Meshes/SK_210212_Body01_Skeleton.SK_210212_Body01_Skeleton,199
NPC/Class_A/210212/Default,NPC,NPC/Class_A/210212,Default,Default,Role,SilverPalace/Content/ArtRes/CharRes/NPC/Class_A/210212/Role/Meshes/SK_210212_Face01.SK_210212_Face01,SK_210212_Face01,SkeletalMesh,5,3452,SilverPalace/Content/ArtRes/CharRes/NPC/Class_A/210212/Role/Meshes/SK_210212_Body01_Skeleton.SK_210212_Body01_Skeleton,199
NPC/Class_A/210212/Default,NPC,NPC/Class_A/210212,Default,Default,Role,SilverPalace/Content/ArtRes/CharRes/NPC/Class_A/210212/Role/Meshes/SK_210212_Hair01.SK_210212_Hair01,SK_210212_Hair01,SkeletalMesh,5,5017,SilverPalace/Content/ArtRes/CharRes/NPC/Class_A/210212/Role/Meshes/SK_210212_Body01_Skeleton.SK_210212_Body01_Skeleton,199
NPC/Class_A/210213/Default,NPC,NPC/Class_A/210213,Default,Default,Role,SilverPalace/Content/ArtRes/CharRes/NPC/Class_A/210213/Role/Meshes/SK_210213_Body01.SK_210213_Body01,SK_210213_Body01,SkeletalMesh,5,23792,SilverPalace/Content/ArtRes/CharRes/NPC/Class_A/210213/Role/Meshes/SK_210213_Body01_Skeleton.SK_210213_Body01_Skeleton,176
NPC/Class_A/210213/Default,NPC,NPC/Class_A/210213,Default,Default,Role,SilverPalace/Content/ArtRes/CharRes/NPC/Class_A/210213/Role/Meshes/SK_210213_Hair01.SK_210213_Hair01,SK_210213_Hair01,SkeletalMesh,5,6340,SilverPalace/Content/ArtRes/CharRes/NPC/Class_A/210213/Role/Meshes/SK_210213_Body01_Skeleton.SK_210213_Body01_Skeleton,176
NPC/Class_A/210214/Default,NPC,NPC/Class_A/210214,Default,Default,Role,SilverPalace/Content/ArtRes/CharRes/NPC/Class_A/210214/Role/Meshes/SK_210214_Body01.SK_210214_Body01,SK_210214_Body01,SkeletalMesh,5,24964,SilverPalace/Content/ArtRes/CharRes/NPC/Class_A/210214/Role/Meshes/SK_210214_Body01_Skeleton.SK_210214_Body01_Skeleton,236
NPC/Class_A/210214/Default,NPC,NPC/Class_A/210214,Default,Default,Role,SilverPalace/Content/ArtRes/CharRes/NPC/Class_A/210214/Role/Meshes/SK_210214_Hair01.SK_210214_Hair01,SK_210214_Hair01,SkeletalMesh,5,7985,SilverPalace/Content/ArtRes/CharRes/NPC/Class_A/210214/Role/Meshes/SK_210214_Body01_Skeleton.SK_210214_Body01_Skeleton,236
NPC/Class_A/210215/Default,NPC,NPC/Class_A/210215,Default,Default,Role,SilverPalace/Content/ArtRes/CharRes/NPC/Class_A/210215/Role/Meshes/SK_210215_Body01.SK_210215_Body01,SK_210215_Body01,SkeletalMesh,5,45058,SilverPalace/Content/ArtRes/CharRes/NPC/Class_A/210215/Role/Meshes/SK_210215_Body01_Skeleton.SK_210215_Body01_Skeleton,225
NPC/Class_A/210215/Default,NPC,NPC/Class_A/210215,Default,Default,Role,SilverPalace/Content/ArtRes/CharRes/NPC/Class_A/210215/Role/Meshes/SK_210215_Face01.SK_210215_Face01,SK_210215_Face01,SkeletalMesh,5,2998,SilverPalace/Content/ArtRes/CharRes/NPC/Class_A/210215/Role/Meshes/SK_210215_Body01_Skeleton.SK_210215_Body01_Skeleton,225
NPC/Class_A/210216/Default,NPC,NPC/Class_A/210216,Default,Default,Role,SilverPalace/Content/ArtRes/CharRes/NPC/Class_A/210216/Role/Meshes/SK_210216_Body01.SK_210216_Body01,SK_210216_Body01,SkeletalMesh,5,45058,SilverPalace/Content/ArtRes/CharRes/NPC/Class_A/210216/Role/Meshes/SK_210216_Body01_Skeleton.SK_210216_Body01_Skeleton,225
NPC/Class_A/210216/Default,NPC,NPC/Class_A/210216,Default,Default,Role,SilverPalace/Content/ArtRes/CharRes/NPC/Class_A/210216/Role/Meshes/SK_210216_Face01.SK_210216_Face01,SK_210216_Face01,SkeletalMesh,5,2998,SilverPalace/Content/ArtRes/CharRes/NPC/Class_A/210216/Role/Meshes/SK_210216_Body01_Skeleton.SK_210216_Body01_Skeleton,225
NPC/Class_A/210217/Default,NPC,NPC/Class_A/210217,Default,Default,Role,SilverPalace/Content/ArtRes/CharRes/NPC/Class_A/210217/Role/Meshes/SK_210217_Body01.SK_210217_Body01,SK_210217_Body01,SkeletalMesh,5,60117,SilverPalace/Content/ArtRes/CharRes/NPC/Class_A/210217/Role/Meshes/SK_210217_Body01_Skeleton.SK_210217_Body01_Skeleton,299
NPC/Class_A/210217/Default,NPC,NPC/Class_A/210217,Default,Default,Role,SilverPalace/Content/ArtRes/CharRes/NPC/Class_A/210217/Role/Meshes/SK_210217_Face01.SK_210217_Face01,SK_210217_Face01,SkeletalMesh,5,5076,SilverPalace/Content/ArtRes/CharRes/NPC/Class_A/210217/Role/Meshes/SK_210217_Body01_Skeleton.SK_210217_Body01_Skeleton,299
NPC/Class_A/210217/Default,NPC,NPC/Class_A/210217,Default,Default,Role,SilverPalace/Content/ArtRes/CharRes/NPC/Class_A/210217/Role/Meshes/SK_210217_Hair01.SK_210217_Hair01,SK_210217_Hair01,SkeletalMesh,5,8747,SilverPalace/Content/ArtRes/CharRes/NPC/Class_A/210217/Role/Meshes/SK_210217_Body01_Skeleton.SK_210217_Body01_Skeleton,299
NPC/Class_A/210218/Default,NPC,NPC/Class_A/210218,Default,Default,Role,SilverPalace/Content/ArtRes/CharRes/NPC/Class_A/210218/Role/Meshes/SK_210218_Body01.SK_210218_Body01,SK_210218_Body01,SkeletalMesh,5,34947,SilverPalace/Content/ArtRes/CharRes/NPC/Class_A/210218/Role/Meshes/SK_210218_Body01_Skeleton.SK_210218_Body01_Skeleton,178
NPC/Class_A/210219/Default,NPC,NPC/Class_A/210219,Default,Default,Role,SilverPalace/Content/ArtRes/CharRes/NPC/Class_A/210219/Role/Meshes/SK_210219_Body01.SK_210219_Body01,SK_210219_Body01,SkeletalMesh,5,34947,SilverPalace/Content/ArtRes/CharRes/NPC/Class_A/210219/Role/Meshes/SK_210219_Body01_Skeleton.SK_210219_Body01_Skeleton,178
NPC/Class_A/210221/Default,NPC,NPC/Class_A/210221,Default,Default,Role,SilverPalace/Content/ArtRes/CharRes/NPC/Class_A/210221/Role/Meshes/SK_210221_Body01.SK_210221_Body01,SK_210221_Body01,SkeletalMesh,5,29399,SilverPalace/Content/ArtRes/CharRes/NPC/Class_A/210221/Role/Meshes/SK_210221_Body01_Skeleton.SK_210221_Body01_Skeleton,206
NPC/Class_A/210221/Default,NPC,NPC/Class_A/210221,Default,Default,Role,SilverPalace/Content/ArtRes/CharRes/NPC/Class_A/210221/Role/Meshes/SK_210221_Face01.SK_210221_Face01,SK_210221_Face01,SkeletalMesh,5,2966,SilverPalace/Content/ArtRes/CharRes/NPC/Class_A/210221/Role/Meshes/SK_210221_Body01_Skeleton.SK_210221_Body01_Skeleton,206
NPC/Class_A/210221/Default,NPC,NPC/Class_A/210221,Default,Default,Role,SilverPalace/Content/ArtRes/CharRes/NPC/Class_A/210221/Role/Meshes/SK_210221_Hair01.SK_210221_Hair01,SK_210221_Hair01,SkeletalMesh,5,6054,SilverPalace/Content/ArtRes/CharRes/NPC/Class_A/210221/Role/Meshes/SK_210221_Body01_Skeleton.SK_210221_Body01_Skeleton,206
NPC/Class_A/210222/Default,NPC,NPC/Class_A/210222,Default,Default,Role,SilverPalace/Content/ArtRes/CharRes/NPC/Class_A/210222/Role/Meshes/SK_210222_Body01.SK_210222_Body01,SK_210222_Body01,SkeletalMesh,5,25438,SilverPalace/Content/ArtRes/CharRes/NPC/Class_A/210222/Role/Meshes/SK_210222_Body01_Skeleton.SK_210222_Body01_Skeleton,101
NPC/Class_A/210223/Default,NPC,NPC/Class_A/210223,Default,Default,Role,SilverPalace/Content/ArtRes/CharRes/NPC/Class_A/210223/Role/Meshes/SK_210223_Body01.SK_210223_Body01,SK_210223_Body01,SkeletalMesh,5,44256,SilverPalace/Content/ArtRes/CharRes/NPC/Class_A/210223/Role/Meshes/SK_210223_Body01_Skeleton.SK_210223_Body01_Skeleton,187
NPC/Class_A/210224/Default,NPC,NPC/Class_A/210224,Default,Default,Role,SilverPalace/Content/ArtRes/CharRes/NPC/Class_A/210224/Role/Meshes/SK_210224_Body01.SK_210224_Body01,SK_210224_Body01,SkeletalMesh,5,24443,SilverPalace/Content/ArtRes/CharRes/NPC/Class_A/210224/Role/Meshes/SK_210224_Body01_Skeleton.SK_210224_Body01_Skeleton,342
NPC/Class_A/210224/Default,NPC,NPC/Class_A/210224,Default,Default,Role,SilverPalace/Content/ArtRes/CharRes/NPC/Class_A/210224/Role/Meshes/SK_210224_Face01.SK_210224_Face01,SK_210224_Face01,SkeletalMesh,5,3422,SilverPalace/Content/ArtRes/CharRes/NPC/Class_A/210224/Role/Meshes/SK_210224_Body01_Skeleton.SK_210224_Body01_Skeleton,342
NPC/Class_A/210224/Default,NPC,NPC/Class_A/210224,Default,Default,Role,SilverPalace/Content/ArtRes/CharRes/NPC/Class_A/210224/Role/Meshes/SK_210224_Hair01.SK_210224_Hair01,SK_210224_Hair01,SkeletalMesh,5,6209,SilverPalace/Content/ArtRes/CharRes/NPC/Class_A/210224/Role/Meshes/SK_210224_Body01_Skeleton.SK_210224_Body01_Skeleton,342
NPC/Class_A/210224/Default,NPC,NPC/Class_A/210224,Default,Default,Role,SilverPalace/Content/ArtRes/CharRes/NPC/Class_A/210224/Role/Meshes/SK_210224_Hat01.SK_210224_Hat01,SK_210224_Hat01,SkeletalMesh,5,1144,SilverPalace/Content/ArtRes/CharRes/NPC/Class_A/210224/Role/Meshes/SK_210224_Body01_Skeleton.SK_210224_Body01_Skeleton,342
NPC/Class_A/210225/Default,NPC,NPC/Class_A/210225,Default,Default,Role,SilverPalace/Content/ArtRes/CharRes/NPC/Class_A/210225/Role/Meshes/SK_210225_Body01.SK_210225_Body01,SK_210225_Body01,SkeletalMesh,5,24443,SilverPalace/Content/ArtRes/CharRes/NPC/Class_A/210225/Role/Meshes/SK_210225_Body01_Skeleton.SK_210225_Body01_Skeleton,349
NPC/Class_A/210225/Default,NPC,NPC/Class_A/210225,Default,Default,Role,SilverPalace/Content/ArtRes/CharRes/NPC/Class_A/210225/Role/Meshes/SK_210225_Face01.SK_210225_Face01,SK_210225_Face01,SkeletalMesh,5,3422,SilverPalace/Content/ArtRes/CharRes/NPC/Class_A/210225/Role/Meshes/SK_210225_Body01_Skeleton.SK_210225_Body01_Skeleton,349
NPC/Class_A/210225/Default,NPC,NPC/Class_A/210225,Default,Default,Role,SilverPalace/Content/ArtRes/CharRes/NPC/Class_A/210225/Role/Meshes/SK_210225_Hair01.SK_210225_Hair01,SK_210225_Hair01,SkeletalMesh,5,5464,SilverPalace/Content/ArtRes/CharRes/NPC/Class_A/210225/Role/Meshes/SK_210225_Body01_Skeleton.SK_210225_Body01_Skeleton,349
NPC/Class_A/210225/Default,NPC,NPC/Class_A/210225,Default,Default,Role,SilverPalace/Content/ArtRes/CharRes/NPC/Class_A/210225/Role/Meshes/SK_210225_Hat01.SK_210225_Hat01,SK_210225_Hat01,SkeletalMesh,5,1144,SilverPalace/Content/ArtRes/CharRes/NPC/Class_A/210225/Role/Meshes/SK_210225_Body01_Skeleton.SK_210225_Body01_Skeleton,349
NPC/Class_A/210226/Default,NPC,NPC/Class_A/210226,Default,Default,Role,SilverPalace/Content/ArtRes/CharRes/NPC/Class_A/210226/Role/Meshes/SK_210226_Body01.SK_210226_Body01,SK_210226_Body01,SkeletalMesh,5,24443,SilverPalace/Content/ArtRes/CharRes/NPC/Class_A/210226/Role/Meshes/SK_210226_Body01_Skeleton.SK_210226_Body01_Skeleton,379
NPC/Class_A/210226/Default,NPC,NPC/Class_A/210226,Default,Default,Role,SilverPalace/Content/ArtRes/CharRes/NPC/Class_A/210226/Role/Meshes/SK_210226_Face01.SK_210226_Face01,SK_210226_Face01,SkeletalMesh,5,3422,SilverPalace/Content/ArtRes/CharRes/NPC/Class_A/210226/Role/Meshes/SK_210226_Body01_Skeleton.SK_210226_Body01_Skeleton,379
NPC/Class_A/210226/Default,NPC,NPC/Class_A/210226,Default,Default,Role,SilverPalace/Content/ArtRes/CharRes/NPC/Class_A/210226/Role/Meshes/SK_210226_Hair01.SK_210226_Hair01,SK_210226_Hair01,SkeletalMesh,5,5336,SilverPalace/Content/ArtRes/CharRes/NPC/Class_A/210226/Role/Meshes/SK_210226_Body01_Skeleton.SK_210226_Body01_Skeleton,379
NPC/Class_A/210226/Default,NPC,NPC/Class_A/210226,Default,Default,Role,SilverPalace/Content/ArtRes/CharRes/NPC/Class_A/210226/Role/Meshes/SK_210226_Hat01.SK_210226_Hat01,SK_210226_Hat01,SkeletalMesh,5,1144,SilverPalace/Content/ArtRes/CharRes/NPC/Class_A/210226/Role/Meshes/SK_210226_Body01_Skeleton.SK_210226_Body01_Skeleton,379
NPC/Class_A/210227/Default,NPC,NPC/Class_A/210227,Default,Default,Role,SilverPalace/Content/ArtRes/CharRes/NPC/Class_A/210227/Role/Meshes/SK_210227_Body01.SK_210227_Body01,SK_210227_Body01,SkeletalMesh,5,24443,SilverPalace/Content/ArtRes/CharRes/NPC/Class_A/210227/Role/Meshes/SK_210227_Body01_Skeleton.SK_210227_Body01_Skeleton,334
NPC/Class_A/210227/Default,NPC,NPC/Class_A/210227,Default,Default,Role,SilverPalace/Content/ArtRes/CharRes/NPC/Class_A/210227/Role/Meshes/SK_210227_Face01.SK_210227_Face01,SK_210227_Face01,SkeletalMesh,5,3422,SilverPalace/Content/ArtRes/CharRes/NPC/Class_A/210227/Role/Meshes/SK_210227_Body01_Skeleton.SK_210227_Body01_Skeleton,334
NPC/Class_A/210227/Default,NPC,NPC/Class_A/210227,Default,Default,Role,SilverPalace/Content/ArtRes/CharRes/NPC/Class_A/210227/Role/Meshes/SK_210227_Hair01.SK_210227_Hair01,SK_210227_Hair01,SkeletalMesh,5,4590,SilverPalace/Content/ArtRes/CharRes/NPC/Class_A/210227/Role/Meshes/SK_210227_Body01_Skeleton.SK_210227_Body01_Skeleton,334
NPC/Class_A/210227/Default,NPC,NPC/Class_A/210227,Default,Default,Role,SilverPalace/Content/ArtRes/CharRes/NPC/Class_A/210227/Role/Meshes/SK_210227_Hat01.SK_210227_Hat01,SK_210227_Hat01,SkeletalMesh,5,1144,SilverPalace/Content/ArtRes/CharRes/NPC/Class_A/210227/Role/Meshes/SK_210227_Body01_Skeleton.SK_210227_Body01_Skeleton,334
NPC/Class_A/210228/Default,NPC,NPC/Class_A/210228,Default,Default,Role,SilverPalace/Content/ArtRes/CharRes/NPC/Class_A/210228/Role/Meshes/SK_210228_Body01.SK_210228_Body01,SK_210228_Body01,SkeletalMesh,5,18272,SilverPalace/Content/ArtRes/CharRes/NPC/Class_A/210228/Role/Meshes/SK_210228_Body01_Skeleton.SK_210228_Body01_Skeleton,361
NPC/Class_A/210228/Default,NPC,NPC/Class_A/210228,Default,Default,Role,SilverPalace/Content/ArtRes/CharRes/NPC/Class_A/210228/Role/Meshes/SK_210228_Face01.SK_210228_Face01,SK_210228_Face01,SkeletalMesh,5,5116,SilverPalace/Content/ArtRes/CharRes/NPC/Class_A/210228/Role/Meshes/SK_210228_Body01_Skeleton.SK_210228_Body01_Skeleton,361
NPC/Class_A/210228/Default,NPC,NPC/Class_A/210228,Default,Default,Role,SilverPalace/Content/ArtRes/CharRes/NPC/Class_A/210228/Role/Meshes/SK_210228_Hair01.SK_210228_Hair01,SK_210228_Hair01,SkeletalMesh,5,32304,SilverPalace/Content/ArtRes/CharRes/NPC/Class_A/210228/Role/Meshes/SK_210228_Body01_Skeleton.SK_210228_Body01_Skeleton,361
NPC/Class_A/210228/Default,NPC,NPC/Class_A/210228,Default,Default,Role,SilverPalace/Content/ArtRes/CharRes/NPC/Class_A/210228/Role/Meshes/SK_210228_Hat01.SK_210228_Hat01,SK_210228_Hat01,SkeletalMesh,5,3406,SilverPalace/Content/ArtRes/CharRes/NPC/Class_A/210228/Role/Meshes/SK_210228_Body01_Skeleton.SK_210228_Body01_Skeleton,361
NPC/Class_A/210229/Default,NPC,NPC/Class_A/210229,Default,Default,Role,SilverPalace/Content/ArtRes/CharRes/NPC/Class_A/210229/Role/Meshes/SK_210229_Body01.SK_210229_Body01,SK_210229_Body01,SkeletalMesh,5,29582,SilverPalace/Content/ArtRes/CharRes/NPC/Class_A/210229/Role/Meshes/SK_210229_Body01_Skeleton.SK_210229_Body01_Skeleton,197
NPC/Class_A/210229/Default,NPC,NPC/Class_A/210229,Default,Default,Role,SilverPalace/Content/ArtRes/CharRes/NPC/Class_A/210229/Role/Meshes/SK_210229_Face01.SK_210229_Face01,SK_210229_Face01,SkeletalMesh,5,2998,SilverPalace/Content/ArtRes/CharRes/NPC/Class_A/210229/Role/Meshes/SK_210229_Body01_Skeleton.SK_210229_Body01_Skeleton,197
NPC/Class_A/210229/Default,NPC,NPC/Class_A/210229,Default,Default,Role,SilverPalace/Content/ArtRes/CharRes/NPC/Class_A/210229/Role/Meshes/SK_210229_Hair01.SK_210229_Hair01,SK_210229_Hair01,SkeletalMesh,5,4920,SilverPalace/Content/ArtRes/CharRes/NPC/Class_A/210229/Role/Meshes/SK_210229_Body01_Skeleton.SK_210229_Body01_Skeleton,197
NPC/Class_A/210230/Default,NPC,NPC/Class_A/210230,Default,Default,Role,SilverPalace/Content/ArtRes/CharRes/NPC/Class_A/210230/Role/Meshes/SK_210230_Body01.SK_210230_Body01,SK_210230_Body01,SkeletalMesh,5,30701,SilverPalace/Content/ArtRes/CharRes/NPC/Class_A/210230/Role/Meshes/SK_210230_Body01_Skeleton.SK_210230_Body01_Skeleton,348
NPC/Class_A/210230/Default,NPC,NPC/Class_A/210230,Default,Default,Role,SilverPalace/Content/ArtRes/CharRes/NPC/Class_A/210230/Role/Meshes/SK_210230_Face01.SK_210230_Face01,SK_210230_Face01,SkeletalMesh,5,2992,SilverPalace/Content/ArtRes/CharRes/NPC/Class_A/210230/Role/Meshes/SK_210230_Body01_Skeleton.SK_210230_Body01_Skeleton,348
NPC/Class_A/210230/Default,NPC,NPC/Class_A/210230,Default,Default,Role,SilverPalace/Content/ArtRes/CharRes/NPC/Class_A/210230/Role/Meshes/SK_210230_Hair01.SK_210230_Hair01,SK_210230_Hair01,SkeletalMesh,5,6911,SilverPalace/Content/ArtRes/CharRes/NPC/Class_A/210230/Role/Meshes/SK_210230_Body01_Skeleton.SK_210230_Body01_Skeleton,348
NPC/Class_A/210230/Default,NPC,NPC/Class_A/210230,Default,Default,Role,SilverPalace/Content/ArtRes/CharRes/NPC/Class_A/210230/Role/Meshes/SK_210230_Hat01.SK_210230_Hat01,SK_210230_Hat01,SkeletalMesh,5,8241,SilverPalace/Content/ArtRes/CharRes/NPC/Class_A/210230/Role/Meshes/SK_210230_Body01_Skeleton.SK_210230_Body01_Skeleton,348
NPC/Class_A/210231/Default,NPC,NPC/Class_A/210231,Default,Default,Role,SilverPalace/Content/ArtRes/CharRes/NPC/Class_A/210231/Role/Meshes/SK_210231_Body01.SK_210231_Body01,SK_210231_Body01,SkeletalMesh,5,26844,SilverPalace/Content/ArtRes/CharRes/NPC/Class_A/210231/Role/Meshes/SK_210231_Body01_Skeleton.SK_210231_Body01_Skeleton,342
NPC/Class_A/210231/Default,NPC,NPC/Class_A/210231,Default,Default,Role,SilverPalace/Content/ArtRes/CharRes/NPC/Class_A/210231/Role/Meshes/SK_210231_Face01.SK_210231_Face01,SK_210231_Face01,SkeletalMesh,5,1811,SilverPalace/Content/ArtRes/CharRes/NPC/Class_A/210231/Role/Meshes/SK_210231_Body01_Skeleton.SK_210231_Body01_Skeleton,342
NPC/Class_A/210231/Default,NPC,NPC/Class_A/210231,Default,Default,Role,SilverPalace/Content/ArtRes/CharRes/NPC/Class_A/210231/Role/Meshes/SK_210231_Fur01.SK_210231_Fur01,SK_210231_Fur01,SkeletalMesh,5,882,SilverPalace/Content/ArtRes/CharRes/NPC/Class_A/210231/Role/Meshes/SK_210231_Body01_Skeleton.SK_210231_Body01_Skeleton,342
NPC/Class_A/210231/Default,NPC,NPC/Class_A/210231,Default,Default,Role,SilverPalace/Content/ArtRes/CharRes/NPC/Class_A/210231/Role/Meshes/SK_210231_Hair01.SK_210231_Hair01,SK_210231_Hair01,SkeletalMesh,5,9993,SilverPalace/Content/ArtRes/CharRes/NPC/Class_A/210231/Role/Meshes/SK_210231_Body01_Skeleton.SK_210231_Body01_Skeleton,342
NPC/Class_A/210231/Default,NPC,NPC/Class_A/210231,Default,Default,Role,SilverPalace/Content/ArtRes/CharRes/NPC/Class_A/210231/Role/Meshes/SK_210231_Hat01.SK_210231_Hat01,SK_210231_Hat01,SkeletalMesh,5,3917,SilverPalace/Content/ArtRes/CharRes/NPC/Class_A/210231/Role/Meshes/SK_210231_Body01_Skeleton.SK_210231_Body01_Skeleton,342
NPC/Class_A/210232/Default,NPC,NPC/Class_A/210232,Default,Default,Role,SilverPalace/Content/ArtRes/CharRes/NPC/Class_A/210232/Role/Meshes/SK_210232_Body01.SK_210232_Body01,SK_210232_Body01,SkeletalMesh,5,26844,SilverPalace/Content/ArtRes/CharRes/NPC/Class_A/210232/Role/Meshes/SK_210232_Body01_Skeleton.SK_210232_Body01_Skeleton,342
NPC/Class_A/210232/Default,NPC,NPC/Class_A/210232,Default,Default,Role,SilverPalace/Content/ArtRes/CharRes/NPC/Class_A/210232/Role/Meshes/SK_210232_Face01.SK_210232_Face01,SK_210232_Face01,SkeletalMesh,5,1811,SilverPalace/Content/ArtRes/CharRes/NPC/Class_A/210232/Role/Meshes/SK_210232_Body01_Skeleton.SK_210232_Body01_Skeleton,342
NPC/Class_A/210232/Default,NPC,NPC/Class_A/210232,Default,Default,Role,SilverPalace/Content/ArtRes/CharRes/NPC/Class_A/210232/Role/Meshes/SK_210232_Fur01.SK_210232_Fur01,SK_210232_Fur01,SkeletalMesh,5,882,SilverPalace/Content/ArtRes/CharRes/NPC/Class_A/210232/Role/Meshes/SK_210232_Body01_Skeleton.SK_210232_Body01_Skeleton,342
NPC/Class_A/210232/Default,NPC,NPC/Class_A/210232,Default,Default,Role,SilverPalace/Content/ArtRes/CharRes/NPC/Class_A/210232/Role/Meshes/SK_210232_Hair01.SK_210232_Hair01,SK_210232_Hair01,SkeletalMesh,5,9993,SilverPalace/Content/ArtRes/CharRes/NPC/Class_A/210232/Role/Meshes/SK_210232_Body01_Skeleton.SK_210232_Body01_Skeleton,342
NPC/Class_A/210232/Default,NPC,NPC/Class_A/210232,Default,Default,Role,SilverPalace/Content/ArtRes/CharRes/NPC/Class_A/210232/Role/Meshes/SK_210232_Hat01.SK_210232_Hat01,SK_210232_Hat01,SkeletalMesh,5,3917,SilverPalace/Content/ArtRes/CharRes/NPC/Class_A/210232/Role/Meshes/SK_210232_Body01_Skeleton.SK_210232_Body01_Skeleton,342
NPC/Class_A/210233/Default,NPC,NPC/Class_A/210233,Default,Default,Role,SilverPalace/Content/ArtRes/CharRes/NPC/Class_A/210233/Role/Meshes/SK_210233_Body01.SK_210233_Body01,SK_210233_Body01,SkeletalMesh,5,35518,SilverPalace/Content/ArtRes/CharRes/NPC/Class_A/210233/Role/Meshes/SK_210233_Body01_Skeleton.SK_210233_Body01_Skeleton,363
NPC/Class_A/210233/Default,NPC,NPC/Class_A/210233,Default,Default,Role,SilverPalace/Content/ArtRes/CharRes/NPC/Class_A/210233/Role/Meshes/SK_210233_Face01.SK_210233_Face01,SK_210233_Face01,SkeletalMesh,5,2838,SilverPalace/Content/ArtRes/CharRes/NPC/Class_A/210233/Role/Meshes/SK_210233_Body01_Skeleton.SK_210233_Body01_Skeleton,363
NPC/Class_A/210233/Default,NPC,NPC/Class_A/210233,Default,Default,Role,SilverPalace/Content/ArtRes/CharRes/NPC/Class_A/210233/Role/Meshes/SK_210233_Hair01.SK_210233_Hair01,SK_210233_Hair01,SkeletalMesh,5,10876,SilverPalace/Content/ArtRes/CharRes/NPC/Class_A/210233/Role/Meshes/SK_210233_Body01_Skeleton.SK_210233_Body01_Skeleton,363
NPC/Class_A/210233/Default,NPC,NPC/Class_A/210233,Default,Default,Role,SilverPalace/Content/ArtRes/CharRes/NPC/Class_A/210233/Role/Meshes/SK_210233_Hat01.SK_210233_Hat01,SK_210233_Hat01,SkeletalMesh,5,3394,SilverPalace/Content/ArtRes/CharRes/NPC/Class_A/210233/Role/Meshes/SK_210233_Body01_Skeleton.SK_210233_Body01_Skeleton,363
NPC/Class_A/210234/Default,NPC,NPC/Class_A/210234,Default,Default,Role,SilverPalace/Content/ArtRes/CharRes/NPC/Class_A/210234/Role/Meshes/SK_210234_Body01.SK_210234_Body01,SK_210234_Body01,SkeletalMesh,5,34858,SilverPalace/Content/ArtRes/CharRes/NPC/Class_A/210234/Role/Meshes/SK_210234_Body01_Skeleton.SK_210234_Body01_Skeleton,300
NPC/Class_A/210234/Default,NPC,NPC/Class_A/210234,Default,Default,Role,SilverPalace/Content/ArtRes/CharRes/NPC/Class_A/210234/Role/Meshes/SK_210234_Face01.SK_210234_Face01,SK_210234_Face01,SkeletalMesh,5,3000,SilverPalace/Content/ArtRes/CharRes/NPC/Class_A/210234/Role/Meshes/SK_210234_Body01_Skeleton.SK_210234_Body01_Skeleton,300
NPC/Class_A/210234/Default,NPC,NPC/Class_A/210234,Default,Default,Role,SilverPalace/Content/ArtRes/CharRes/NPC/Class_A/210234/Role/Meshes/SK_210234_Hair01.SK_210234_Hair01,SK_210234_Hair01,SkeletalMesh,5,10262,SilverPalace/Content/ArtRes/CharRes/NPC/Class_A/210234/Role/Meshes/SK_210234_Body01_Skeleton.SK_210234_Body01_Skeleton,300
NPC/Class_A/210234/Default,NPC,NPC/Class_A/210234,Default,Default,Role,SilverPalace/Content/ArtRes/CharRes/NPC/Class_A/210234/Role/Meshes/SK_210234_Hat01.SK_210234_Hat01,SK_210234_Hat01,SkeletalMesh,5,4638,SilverPalace/Content/ArtRes/CharRes/NPC/Class_A/210234/Role/Meshes/SK_210234_Body01_Skeleton.SK_210234_Body01_Skeleton,300
NPC/Class_A/210235/Default,NPC,NPC/Class_A/210235,Default,Default,Role,SilverPalace/Content/ArtRes/CharRes/NPC/Class_A/210235/Role/Meshes/SK_210235_Body01.SK_210235_Body01,SK_210235_Body01,SkeletalMesh,5,62983,SilverPalace/Content/ArtRes/CharRes/NPC/Class_A/210235/Role/Meshes/SK_210235_Body01_Skeleton.SK_210235_Body01_Skeleton,404
NPC/Class_A/210235/Default,NPC,NPC/Class_A/210235,Default,Default,Role,SilverPalace/Content/ArtRes/CharRes/NPC/Class_A/210235/Role/Meshes/SK_210235_Face01.SK_210235_Face01,SK_210235_Face01,SkeletalMesh,5,5116,SilverPalace/Content/ArtRes/CharRes/NPC/Class_A/210235/Role/Meshes/SK_210235_Body01_Skeleton.SK_210235_Body01_Skeleton,404
NPC/Class_A/210235/Default,NPC,NPC/Class_A/210235,Default,Default,Role,SilverPalace/Content/ArtRes/CharRes/NPC/Class_A/210235/Role/Meshes/SK_210235_Hair01.SK_210235_Hair01,SK_210235_Hair01,SkeletalMesh,5,32304,SilverPalace/Content/ArtRes/CharRes/NPC/Class_A/210235/Role/Meshes/SK_210235_Body01_Skeleton.SK_210235_Body01_Skeleton,404
NPC/Class_A/210235/Default,NPC,NPC/Class_A/210235,Default,Default,Role,SilverPalace/Content/ArtRes/CharRes/NPC/Class_A/210235/Role/Meshes/SK_210235_Hat01.SK_210235_Hat01,SK_210235_Hat01,SkeletalMesh,5,3406,SilverPalace/Content/ArtRes/CharRes/NPC/Class_A/210235/Role/Meshes/SK_210235_Body01_Skeleton.SK_210235_Body01_Skeleton,404
NPC/Class_A/210243/Default,NPC,NPC/Class_A/210243,Default,Default,Role,SilverPalace/Content/ArtRes/CharRes/NPC/Class_A/210243/Role/Meshes/SK_210243_Body01.SK_210243_Body01,SK_210243_Body01,SkeletalMesh,5,32482,SilverPalace/Content/ArtRes/CharRes/NPC/Class_A/210243/Role/Meshes/SK_210243_Body01_Skeleton.SK_210243_Body01_Skeleton,236
NPC/Class_A/210243/Default,NPC,NPC/Class_A/210243,Default,Default,Role,SilverPalace/Content/ArtRes/CharRes/NPC/Class_A/210243/Role/Meshes/SK_210243_Face01.SK_210243_Face01,SK_210243_Face01,SkeletalMesh,5,3462,SilverPalace/Content/ArtRes/CharRes/NPC/Class_A/210243/Role/Meshes/SK_210243_Body01_Skeleton.SK_210243_Body01_Skeleton,236
NPC/Class_A/210243/Default,NPC,NPC/Class_A/210243,Default,Default,Role,SilverPalace/Content/ArtRes/CharRes/NPC/Class_A/210243/Role/Meshes/SK_210243_Hair01.SK_210243_Hair01,SK_210243_Hair01,SkeletalMesh,5,8216,SilverPalace/Content/ArtRes/CharRes/NPC/Class_A/210243/Role/Meshes/SK_210243_Body01_Skeleton.SK_210243_Body01_Skeleton,236
NPC/Class_A/210244/Default,NPC,NPC/Class_A/210244,Default,Default,Role,SilverPalace/Content/ArtRes/CharRes/NPC/Class_A/210244/Role/Meshes/SK_210244_Body01.SK_210244_Body01,SK_210244_Body01,SkeletalMesh,5,32482,SilverPalace/Content/ArtRes/CharRes/NPC/Class_A/210244/Role/Meshes/SK_210244_Body01_Skeleton.SK_210244_Body01_Skeleton,217
NPC/Class_A/210244/Default,NPC,NPC/Class_A/210244,Default,Default,Role,SilverPalace/Content/ArtRes/CharRes/NPC/Class_A/210244/Role/Meshes/SK_210244_Face01.SK_210244_Face01,SK_210244_Face01,SkeletalMesh,5,3462,SilverPalace/Content/ArtRes/CharRes/NPC/Class_A/210244/Role/Meshes/SK_210244_Body01_Skeleton.SK_210244_Body01_Skeleton,217
NPC/Class_A/210244/Default,NPC,NPC/Class_A/210244,Default,Default,Role,SilverPalace/Content/ArtRes/CharRes/NPC/Class_A/210244/Role/Meshes/SK_210244_Hair01.SK_210244_Hair01,SK_210244_Hair01,SkeletalMesh,5,5122,SilverPalace/Content/ArtRes/CharRes/NPC/Class_A/210244/Role/Meshes/SK_210244_Body01_Skeleton.SK_210244_Body01_Skeleton,217
NPC/Class_A/210245/Default,NPC,NPC/Class_A/210245,Default,Default,Role,SilverPalace/Content/ArtRes/CharRes/NPC/Class_A/210245/Role/Meshes/SK_210245_Body01.SK_210245_Body01,SK_210245_Body01,SkeletalMesh,5,32482,SilverPalace/Content/ArtRes/CharRes/NPC/Class_A/210245/Role/Meshes/SK_210245_Body01_Skeleton.SK_210245_Body01_Skeleton,254
NPC/Class_A/210245/Default,NPC,NPC/Class_A/210245,Default,Default,Role,SilverPalace/Content/ArtRes/CharRes/NPC/Class_A/210245/Role/Meshes/SK_210245_Face01.SK_210245_Face01,SK_210245_Face01,SkeletalMesh,5,3462,SilverPalace/Content/ArtRes/CharRes/NPC/Class_A/210245/Role/Meshes/SK_210245_Body01_Skeleton.SK_210245_Body01_Skeleton,254
NPC/Class_A/210245/Default,NPC,NPC/Class_A/210245,Default,Default,Role,SilverPalace/Content/ArtRes/CharRes/NPC/Class_A/210245/Role/Meshes/SK_210245_Hair01.SK_210245_Hair01,SK_210245_Hair01,SkeletalMesh,5,6283,SilverPalace/Content/ArtRes/CharRes/NPC/Class_A/210245/Role/Meshes/SK_210245_Body01_Skeleton.SK_210245_Body01_Skeleton,254
NPC/Class_A/210246/Default,NPC,NPC/Class_A/210246,Default,Default,Role,SilverPalace/Content/ArtRes/CharRes/NPC/Class_A/210246/Role/Meshes/SK_210246_Body01.SK_210246_Body01,SK_210246_Body01,SkeletalMesh,5,32482,SilverPalace/Content/ArtRes/CharRes/NPC/Class_A/210246/Role/Meshes/SK_210246_Body01_Skeleton.SK_210246_Body01_Skeleton,237
NPC/Class_A/210246/Default,NPC,NPC/Class_A/210246,Default,Default,Role,SilverPalace/Content/ArtRes/CharRes/NPC/Class_A/210246/Role/Meshes/SK_210246_Face01.SK_210246_Face01,SK_210246_Face01,SkeletalMesh,5,3462,SilverPalace/Content/ArtRes/CharRes/NPC/Class_A/210246/Role/Meshes/SK_210246_Body01_Skeleton.SK_210246_Body01_Skeleton,237
NPC/Class_A/210246/Default,NPC,NPC/Class_A/210246,Default,Default,Role,SilverPalace/Content/ArtRes/CharRes/NPC/Class_A/210246/Role/Meshes/SK_210246_Hair01.SK_210246_Hair01,SK_210246_Hair01,SkeletalMesh,5,6883,SilverPalace/Content/ArtRes/CharRes/NPC/Class_A/210246/Role/Meshes/SK_210246_Body01_Skeleton.SK_210246_Body01_Skeleton,237
NPC/Class_A/210258/Default,NPC,NPC/Class_A/210258,Default,Default,Role,SilverPalace/Content/ArtRes/CharRes/NPC/Class_A/210258/Role/Meshes/SK_210258_Body01.SK_210258_Body01,SK_210258_Body01,SkeletalMesh,5,52624,SilverPalace/Content/ArtRes/CharRes/NPC/Class_A/210258/Role/Meshes/SK_210258_Body01_Skeleton.SK_210258_Body01_Skeleton,268
NPC/Class_A/210259/Default,NPC,NPC/Class_A/210259,Default,Default,Role,SilverPalace/Content/ArtRes/CharRes/NPC/Class_A/210259/Role/Meshes/SK_210259_Body01.SK_210259_Body01,SK_210259_Body01,SkeletalMesh,5,62545,SilverPalace/Content/ArtRes/CharRes/NPC/Class_A/210259/Role/Meshes/SK_210259_Body01_Skeleton.SK_210259_Body01_Skeleton,266
NPC/Class_A/210259/Default,NPC,NPC/Class_A/210259,Default,Default,Role,SilverPalace/Content/ArtRes/CharRes/NPC/Class_A/210259/Role/Meshes/SK_210259_Hair01.SK_210259_Hair01,SK_210259_Hair01,SkeletalMesh,5,13758,SilverPalace/Content/ArtRes/CharRes/NPC/Class_A/210259/Role/Meshes/SK_210259_Body01_Skeleton.SK_210259_Body01_Skeleton,279
NPC/Class_A/210260/Default,NPC,NPC/Class_A/210260,Default,Default,Role,SilverPalace/Content/ArtRes/CharRes/NPC/Class_A/210260/Role/Meshes/SK_210260_Body01.SK_210260_Body01,SK_210260_Body01,SkeletalMesh,5,60841,SilverPalace/Content/ArtRes/CharRes/NPC/Class_A/210260/Role/Meshes/SK_210260_Body01_Skeleton.SK_210260_Body01_Skeleton,365
NPC/Class_A/210260/Default,NPC,NPC/Class_A/210260,Default,Default,Role,SilverPalace/Content/ArtRes/CharRes/NPC/Class_A/210260/Role/Meshes/SK_210260_Face01.SK_210260_Face01,SK_210260_Face01,SkeletalMesh,5,3478,SilverPalace/Content/ArtRes/CharRes/NPC/Class_A/210260/Role/Meshes/SK_210260_Body01_Skeleton.SK_210260_Body01_Skeleton,365
NPC/Class_A/210260/Default,NPC,NPC/Class_A/210260,Default,Default,Role,SilverPalace/Content/ArtRes/CharRes/NPC/Class_A/210260/Role/Meshes/SK_210260_Hair01.SK_210260_Hair01,SK_210260_Hair01,SkeletalMesh,5,12144,SilverPalace/Content/ArtRes/CharRes/NPC/Class_A/210260/Role/Meshes/SK_210260_Body01_Skeleton.SK_210260_Body01_Skeleton,365
NPC/Class_A/Boris/Default,NPC,NPC/Class_A/Boris,Default,Default,Role,SilverPalace/Content/ArtRes/CharRes/NPC/Class_A/Boris/Role/Meshes/SK_Boris_Body01.SK_Boris_Body01,SK_Boris_Body01,SkeletalMesh,5,22589,SilverPalace/Content/ArtRes/CharRes/NPC/Class_A/Boris/Role/Meshes/SK_Boris_Body01_Skeleton.SK_Boris_Body01_Skeleton,201
NPC/Class_A/Boris/Default,NPC,NPC/Class_A/Boris,Default,Default,Role,SilverPalace/Content/ArtRes/CharRes/NPC/Class_A/Boris/Role/Meshes/SK_Boris_Face01.SK_Boris_Face01,SK_Boris_Face01,SkeletalMesh,5,3440,SilverPalace/Content/ArtRes/CharRes/NPC/Class_A/Boris/Role/Meshes/SK_Boris_Body01_Skeleton.SK_Boris_Body01_Skeleton,201
NPC/Class_A/Boris/Default,NPC,NPC/Class_A/Boris,Default,Default,Role,SilverPalace/Content/ArtRes/CharRes/NPC/Class_A/Boris/Role/Meshes/SK_Boris_Hair01.SK_Boris_Hair01,SK_Boris_Hair01,SkeletalMesh,5,8939,SilverPalace/Content/ArtRes/CharRes/NPC/Class_A/Boris/Role/Meshes/SK_Boris_Body01_Skeleton.SK_Boris_Body01_Skeleton,201
NPC/Class_A/BurgerstackMasters/Default,NPC,NPC/Class_A/BurgerstackMasters,Default,Default,Role,SilverPalace/Content/ArtRes/CharRes/NPC/Class_A/BurgerstackMasters/Role/Meshes/SK_BurgerstackMasters_Body01.SK_BurgerstackMasters_Body01,SK_BurgerstackMasters_Body01,SkeletalMesh,5,25585,SilverPalace/Content/ArtRes/CharRes/NPC/Class_A/BurgerstackMasters/Role/Meshes/SK_BurgerstackMasters_Body01_Skeleton.SK_BurgerstackMasters_Body01_Skeleton,199
NPC/Class_A/BurgerstackMasters/Default,NPC,NPC/Class_A/BurgerstackMasters,Default,Default,Role,SilverPalace/Content/ArtRes/CharRes/NPC/Class_A/BurgerstackMasters/Role/Meshes/SK_BurgerstackMasters_Face01.SK_BurgerstackMasters_Face01,SK_BurgerstackMasters_Face01,SkeletalMesh,5,3376,SilverPalace/Content/ArtRes/CharRes/NPC/Class_A/BurgerstackMasters/Role/Meshes/SK_BurgerstackMasters_Body01_Skeleton.SK_BurgerstackMasters_Body01_Skeleton,199
NPC/Class_A/BurgerstackMasters/Default,NPC,NPC/Class_A/BurgerstackMasters,Default,Default,Role,SilverPalace/Content/ArtRes/CharRes/NPC/Class_A/BurgerstackMasters/Role/Meshes/SK_BurgerstackMasters_Hair01.SK_BurgerstackMasters_Hair01,SK_BurgerstackMasters_Hair01,SkeletalMesh,5,6287,SilverPalace/Content/ArtRes/CharRes/NPC/Class_A/BurgerstackMasters/Role/Meshes/SK_BurgerstackMasters_Body01_Skeleton.SK_BurgerstackMasters_Body01_Skeleton,199
NPC/Class_A/BurgerstackMasters/Default,NPC,NPC/Class_A/BurgerstackMasters,Default,Default,Role,SilverPalace/Content/ArtRes/CharRes/NPC/Class_A/BurgerstackMasters/Role/Meshes/SK_BurgerstackMasters_Hat01.SK_BurgerstackMasters_Hat01,SK_BurgerstackMasters_Hat01,SkeletalMesh,5,1401,SilverPalace/Content/ArtRes/CharRes/NPC/Class_A/BurgerstackMasters/Role/Meshes/SK_BurgerstackMasters_Body01_Skeleton.SK_BurgerstackMasters_Body01_Skeleton,199
NPC/Class_A/CharcoalGrill/Default,NPC,NPC/Class_A/CharcoalGrill,Default,Default,Role,SilverPalace/Content/ArtRes/CharRes/NPC/Class_A/CharcoalGrill/Role/Meshes/SK_CharcoalGrill_Body01.SK_CharcoalGrill_Body01,SK_CharcoalGrill_Body01,SkeletalMesh,5,32491,SilverPalace/Content/ArtRes/CharRes/NPC/Class_A/CharcoalGrill/Role/Meshes/SK_CharcoalGrill_Body01_Skeleton.SK_CharcoalGrill_Body01_Skeleton,329
NPC/Class_A/CharcoalGrill/Default,NPC,NPC/Class_A/CharcoalGrill,Default,Default,Role,SilverPalace/Content/ArtRes/CharRes/NPC/Class_A/CharcoalGrill/Role/Meshes/SK_CharcoalGrill_Face01.SK_CharcoalGrill_Face01,SK_CharcoalGrill_Face01,SkeletalMesh,5,3496,SilverPalace/Content/ArtRes/CharRes/NPC/Class_A/CharcoalGrill/Role/Meshes/SK_CharcoalGrill_Body01_Skeleton.SK_CharcoalGrill_Body01_Skeleton,329
NPC/Class_A/CharcoalGrill/Default,NPC,NPC/Class_A/CharcoalGrill,Default,Default,Role,SilverPalace/Content/ArtRes/CharRes/NPC/Class_A/CharcoalGrill/Role/Meshes/SK_CharcoalGrill_Hair01.SK_CharcoalGrill_Hair01,SK_CharcoalGrill_Hair01,SkeletalMesh,5,11923,SilverPalace/Content/ArtRes/CharRes/NPC/Class_A/CharcoalGrill/Role/Meshes/SK_CharcoalGrill_Body01_Skeleton.SK_CharcoalGrill_Body01_Skeleton,329
NPC/Class_A/CharcoalGrill/Default,NPC,NPC/Class_A/CharcoalGrill,Default,Default,Role,SilverPalace/Content/ArtRes/CharRes/NPC/Class_A/CharcoalGrill/Role/Meshes/SK_CharcoalGrill_Hat01.SK_CharcoalGrill_Hat01,SK_CharcoalGrill_Hat01,SkeletalMesh,5,2368,SilverPalace/Content/ArtRes/CharRes/NPC/Class_A/CharcoalGrill/Role/Meshes/SK_CharcoalGrill_Body01_Skeleton.SK_CharcoalGrill_Body01_Skeleton,329
NPC/Class_A/ChipmunkGrocery/Default,NPC,NPC/Class_A/ChipmunkGrocery,Default,Default,Role,SilverPalace/Content/ArtRes/CharRes/NPC/Class_A/ChipmunkGrocery/Role/Meshes/SK_ChipmunkGrocery_Body01.SK_ChipmunkGrocery_Body01,SK_ChipmunkGrocery_Body01,SkeletalMesh,5,27352,SilverPalace/Content/ArtRes/CharRes/NPC/Class_A/ChipmunkGrocery/Role/Meshes/SK_ChipmunkGrocery_Body01_Skeleton.SK_ChipmunkGrocery_Body01_Skeleton,213
NPC/Class_A/ChipmunkGrocery/Default,NPC,NPC/Class_A/ChipmunkGrocery,Default,Default,Role,SilverPalace/Content/ArtRes/CharRes/NPC/Class_A/ChipmunkGrocery/Role/Meshes/SK_ChipmunkGrocery_Face01.SK_ChipmunkGrocery_Face01,SK_ChipmunkGrocery_Face01,SkeletalMesh,5,3478,SilverPalace/Content/ArtRes/CharRes/NPC/Class_A/ChipmunkGrocery/Role/Meshes/SK_ChipmunkGrocery_Body01_Skeleton.SK_ChipmunkGrocery_Body01_Skeleton,213
NPC/Class_A/ChipmunkGrocery/Default,NPC,NPC/Class_A/ChipmunkGrocery,Default,Default,Role,SilverPalace/Content/ArtRes/CharRes/NPC/Class_A/ChipmunkGrocery/Role/Meshes/SK_ChipmunkGrocery_Hair01.SK_ChipmunkGrocery_Hair01,SK_ChipmunkGrocery_Hair01,SkeletalMesh,5,6875,SilverPalace/Content/ArtRes/CharRes/NPC/Class_A/ChipmunkGrocery/Role/Meshes/SK_ChipmunkGrocery_Body01_Skeleton.SK_ChipmunkGrocery_Body01_Skeleton,213
NPC/Class_A/ChipmunkGrocery/Default,NPC,NPC/Class_A/ChipmunkGrocery,Default,Default,Role,SilverPalace/Content/ArtRes/CharRes/NPC/Class_A/ChipmunkGrocery/Role/Meshes/SK_ChipmunkGrocery_Hat01.SK_ChipmunkGrocery_Hat01,SK_ChipmunkGrocery_Hat01,SkeletalMesh,5,1474,SilverPalace/Content/ArtRes/CharRes/NPC/Class_A/ChipmunkGrocery/Role/Meshes/SK_ChipmunkGrocery_Body01_Skeleton.SK_ChipmunkGrocery_Body01_Skeleton,213
NPC/Class_A/CoffeeShopStaff/Default,NPC,NPC/Class_A/CoffeeShopStaff,Default,Default,Role,SilverPalace/Content/ArtRes/CharRes/NPC/Class_A/CoffeeShopStaff/Role/Meshes/SK_CoffeeShopStaff_Body01.SK_CoffeeShopStaff_Body01,SK_CoffeeShopStaff_Body01,SkeletalMesh,5,36786,SilverPalace/Content/ArtRes/CharRes/NPC/Class_A/CoffeeShopStaff/Role/Meshes/SK_CoffeeShopStaff_Body01_Skeleton.SK_CoffeeShopStaff_Body01_Skeleton,160
NPC/Class_A/CoffeeShopStaff/Default,NPC,NPC/Class_A/CoffeeShopStaff,Default,Default,Role,SilverPalace/Content/ArtRes/CharRes/NPC/Class_A/CoffeeShopStaff/Role/Meshes/SK_CoffeeShopStaff_Face01.SK_CoffeeShopStaff_Face01,SK_CoffeeShopStaff_Face01,SkeletalMesh,5,2998,SilverPalace/Content/ArtRes/CharRes/NPC/Class_A/CoffeeShopStaff/Role/Meshes/SK_CoffeeShopStaff_Body01_Skeleton.SK_CoffeeShopStaff_Body01_Skeleton,160
NPC/Class_A/CoffeeShopStaff/Default,NPC,NPC/Class_A/CoffeeShopStaff,Default,Default,Role,SilverPalace/Content/ArtRes/CharRes/NPC/Class_A/CoffeeShopStaff/Role/Meshes/SK_CoffeeShopStaff_Hair01.SK_CoffeeShopStaff_Hair01,SK_CoffeeShopStaff_Hair01,SkeletalMesh,5,4925,SilverPalace/Content/ArtRes/CharRes/NPC/Class_A/CoffeeShopStaff/Role/Meshes/SK_CoffeeShopStaff_Body01_Skeleton.SK_CoffeeShopStaff_Body01_Skeleton,160
NPC/Class_A/CoffeeShopStaff/Default,NPC,NPC/Class_A/CoffeeShopStaff,Default,Default,Role,SilverPalace/Content/ArtRes/CharRes/NPC/Class_A/CoffeeShopStaff/Role/Meshes/SK_CoffeeShopStaff_Hat01.SK_CoffeeShopStaff_Hat01,SK_CoffeeShopStaff_Hat01,SkeletalMesh,5,2146,SilverPalace/Content/ArtRes/CharRes/NPC/Class_A/CoffeeShopStaff/Role/Meshes/SK_CoffeeShopStaff_Body01_Skeleton.SK_CoffeeShopStaff_Body01_Skeleton,160
NPC/Class_A/Daniel/Default,NPC,NPC/Class_A/Daniel,Default,Default,Role,SilverPalace/Content/ArtRes/CharRes/NPC/Class_A/Daniel/Role/Meshes/SK_Daniel_Body01.SK_Daniel_Body01,SK_Daniel_Body01,SkeletalMesh,5,20495,SilverPalace/Content/ArtRes/CharRes/NPC/Class_A/Daniel/Role/Meshes/SK_Daniel_Body01_Skeleton.SK_Daniel_Body01_Skeleton,240
NPC/Class_A/Daniel/Default,NPC,NPC/Class_A/Daniel,Default,Default,Role,SilverPalace/Content/ArtRes/CharRes/NPC/Class_A/Daniel/Role/Meshes/SK_Daniel_Face01.SK_Daniel_Face01,SK_Daniel_Face01,SkeletalMesh,5,4177,SilverPalace/Content/ArtRes/CharRes/NPC/Class_A/Daniel/Role/Meshes/SK_Daniel_Body01_Skeleton.SK_Daniel_Body01_Skeleton,240
NPC/Class_A/Daniel/Default,NPC,NPC/Class_A/Daniel,Default,Default,Role,SilverPalace/Content/ArtRes/CharRes/NPC/Class_A/Daniel/Role/Meshes/SK_Daniel_Hair01.SK_Daniel_Hair01,SK_Daniel_Hair01,SkeletalMesh,5,8453,SilverPalace/Content/ArtRes/CharRes/NPC/Class_A/Daniel/Role/Meshes/SK_Daniel_Body01_Skeleton.SK_Daniel_Body01_Skeleton,240
NPC/Class_A/Deliverer/Default,NPC,NPC/Class_A/Deliverer,Default,Default,Role,SilverPalace/Content/ArtRes/CharRes/NPC/Class_A/Deliverer/Role/Meshes/SK_Deliverer_Body01.SK_Deliverer_Body01,SK_Deliverer_Body01,SkeletalMesh,5,24709,SilverPalace/Content/ArtRes/CharRes/NPC/Class_A/Deliverer/Role/Meshes/SK_Deliverer_Body01_Skeleton.SK_Deliverer_Body01_Skeleton,261
NPC/Class_A/Deliverer/Default,NPC,NPC/Class_A/Deliverer,Default,Default,Role,SilverPalace/Content/ArtRes/CharRes/NPC/Class_A/Deliverer/Role/Meshes/SK_Deliverer_Face01.SK_Deliverer_Face01,SK_Deliverer_Face01,SkeletalMesh,5,3000,SilverPalace/Content/ArtRes/CharRes/NPC/Class_A/Deliverer/Role/Meshes/SK_Deliverer_Body01_Skeleton.SK_Deliverer_Body01_Skeleton,261
NPC/Class_A/Deliverer/Default,NPC,NPC/Class_A/Deliverer,Default,Default,Role,SilverPalace/Content/ArtRes/CharRes/NPC/Class_A/Deliverer/Role/Meshes/SK_Deliverer_Hair01.SK_Deliverer_Hair01,SK_Deliverer_Hair01,SkeletalMesh,5,5885,SilverPalace/Content/ArtRes/CharRes/NPC/Class_A/Deliverer/Role/Meshes/SK_Deliverer_Body01_Skeleton.SK_Deliverer_Body01_Skeleton,261
NPC/Class_A/Deliverer/Default,NPC,NPC/Class_A/Deliverer,Default,Default,Role,SilverPalace/Content/ArtRes/CharRes/NPC/Class_A/Deliverer/Role/Meshes/SK_Deliverer_Hat01.SK_Deliverer_Hat01,SK_Deliverer_Hat01,SkeletalMesh,5,1250,SilverPalace/Content/ArtRes/CharRes/NPC/Class_A/Deliverer/Role/Meshes/SK_Deliverer_Body01_Skeleton.SK_Deliverer_Body01_Skeleton,261
NPC/Class_A/Edgar/Default,NPC,NPC/Class_A/Edgar,Default,Default,Prop,SilverPalace/Content/ArtRes/CharRes/NPC/Class_A/Edgar/Prop/Meshes/SK_Edgar_Crutch01.SK_Edgar_Crutch01,SK_Edgar_Crutch01,SkeletalMesh,5,3356,SilverPalace/Content/ArtRes/CharRes/NPC/Class_A/Edgar/Prop/Meshes/SK_Edgar_Crutch01_Skeleton.SK_Edgar_Crutch01_Skeleton,2
NPC/Class_A/Edgar/Default,NPC,NPC/Class_A/Edgar,Default,Default,Role,SilverPalace/Content/ArtRes/CharRes/NPC/Class_A/Edgar/Role/Meshes/SK_Edgar_Body01.SK_Edgar_Body01,SK_Edgar_Body01,SkeletalMesh,5,31912,SilverPalace/Content/ArtRes/CharRes/NPC/Class_A/Edgar/Role/Meshes/SK_Edgar_Body01_Skeleton.SK_Edgar_Body01_Skeleton,288
NPC/Class_A/Edgar/Default,NPC,NPC/Class_A/Edgar,Default,Default,Role,SilverPalace/Content/ArtRes/CharRes/NPC/Class_A/Edgar/Role/Meshes/SK_Edgar_Face01.SK_Edgar_Face01,SK_Edgar_Face01,SkeletalMesh,5,3428,SilverPalace/Content/ArtRes/CharRes/NPC/Class_A/Edgar/Role/Meshes/SK_Edgar_Body01_Skeleton.SK_Edgar_Body01_Skeleton,288
NPC/Class_A/Edgar/Default,NPC,NPC/Class_A/Edgar,Default,Default,Role,SilverPalace/Content/ArtRes/CharRes/NPC/Class_A/Edgar/Role/Meshes/SK_Edgar_Hair01.SK_Edgar_Hair01,SK_Edgar_Hair01,SkeletalMesh,5,8116,SilverPalace/Content/ArtRes/CharRes/NPC/Class_A/Edgar/Role/Meshes/SK_Edgar_Body01_Skeleton.SK_Edgar_Body01_Skeleton,288
NPC/Class_A/EvanKing/Default,NPC,NPC/Class_A/EvanKing,Default,Default,Role,SilverPalace/Content/ArtRes/CharRes/NPC/Class_A/EvanKing/Role/Meshes/SK_EvanKing_Body01.SK_EvanKing_Body01,SK_EvanKing_Body01,SkeletalMesh,5,16556,SilverPalace/Content/ArtRes/CharRes/NPC/Class_A/EvanKing/Role/Meshes/SK_EvanKing_Body01_Skeleton.SK_EvanKing_Body01_Skeleton,226
NPC/Class_A/EvanKing/Default,NPC,NPC/Class_A/EvanKing,Default,Default,Role,SilverPalace/Content/ArtRes/CharRes/NPC/Class_A/EvanKing/Role/Meshes/SK_EvanKing_Face01.SK_EvanKing_Face01,SK_EvanKing_Face01,SkeletalMesh,5,4150,SilverPalace/Content/ArtRes/CharRes/NPC/Class_A/EvanKing/Role/Meshes/SK_EvanKing_Body01_Skeleton.SK_EvanKing_Body01_Skeleton,226
NPC/Class_A/EvanKing/Default,NPC,NPC/Class_A/EvanKing,Default,Default,Role,SilverPalace/Content/ArtRes/CharRes/NPC/Class_A/EvanKing/Role/Meshes/SK_EvanKing_Hair01.SK_EvanKing_Hair01,SK_EvanKing_Hair01,SkeletalMesh,5,6032,SilverPalace/Content/ArtRes/CharRes/NPC/Class_A/EvanKing/Role/Meshes/SK_EvanKing_Body01_Skeleton.SK_EvanKing_Body01_Skeleton,226
NPC/Class_A/EvanKing/Default,NPC,NPC/Class_A/EvanKing,Default,Default,Role,SilverPalace/Content/ArtRes/CharRes/NPC/Class_A/EvanKing/Role/Meshes/SK_EvanKing_Hat01.SK_EvanKing_Hat01,SK_EvanKing_Hat01,SkeletalMesh,5,932,SilverPalace/Content/ArtRes/CharRes/NPC/Class_A/EvanKing/Role/Meshes/SK_EvanKing_Body01_Skeleton.SK_EvanKing_Body01_Skeleton,226
NPC/Class_A/Florina/Default,NPC,NPC/Class_A/Florina,Default,Default,Role,SilverPalace/Content/ArtRes/CharRes/NPC/Class_A/Florina/Role/Meshes/SK_Florina_Body01.SK_Florina_Body01,SK_Florina_Body01,SkeletalMesh,5,18687,SilverPalace/Content/ArtRes/CharRes/NPC/Class_A/Florina/Role/Meshes/SK_Florina_Body01_Skeleton.SK_Florina_Body01_Skeleton,351
NPC/Class_A/Florina/Default,NPC,NPC/Class_A/Florina,Default,Default,Role,SilverPalace/Content/ArtRes/CharRes/NPC/Class_A/Florina/Role/Meshes/SK_Florina_Face01.SK_Florina_Face01,SK_Florina_Face01,SkeletalMesh,5,3070,SilverPalace/Content/ArtRes/CharRes/NPC/Class_A/Florina/Role/Meshes/SK_Florina_Body01_Skeleton.SK_Florina_Body01_Skeleton,351
NPC/Class_A/Florina/Default,NPC,NPC/Class_A/Florina,Default,Default,Role,SilverPalace/Content/ArtRes/CharRes/NPC/Class_A/Florina/Role/Meshes/SK_Florina_Hair01.SK_Florina_Hair01,SK_Florina_Hair01,SkeletalMesh,5,7405,SilverPalace/Content/ArtRes/CharRes/NPC/Class_A/Florina/Role/Meshes/SK_Florina_Body01_Skeleton.SK_Florina_Body01_Skeleton,351
NPC/Class_A/Florina/Default,NPC,NPC/Class_A/Florina,Default,Default,Role,SilverPalace/Content/ArtRes/CharRes/NPC/Class_A/Florina/Role/Meshes/SK_Florina_Hat01.SK_Florina_Hat01,SK_Florina_Hat01,SkeletalMesh,5,2147,SilverPalace/Content/ArtRes/CharRes/NPC/Class_A/Florina/Role/Meshes/SK_Florina_Body01_Skeleton.SK_Florina_Body01_Skeleton,351
NPC/Class_A/Gelato/Default,NPC,NPC/Class_A/Gelato,Default,Default,Role,SilverPalace/Content/ArtRes/CharRes/NPC/Class_A/Gelato/Role/Meshes/SK_Gelato_Body01.SK_Gelato_Body01,SK_Gelato_Body01,SkeletalMesh,5,29437,SilverPalace/Content/ArtRes/CharRes/NPC/Class_A/Gelato/Role/Meshes/SK_Gelato_Body01_Skeleton.SK_Gelato_Body01_Skeleton,157
NPC/Class_A/Gelato/Default,NPC,NPC/Class_A/Gelato,Default,Default,Role,SilverPalace/Content/ArtRes/CharRes/NPC/Class_A/Gelato/Role/Meshes/SK_Gelato_Face01.SK_Gelato_Face01,SK_Gelato_Face01,SkeletalMesh,5,3126,SilverPalace/Content/ArtRes/CharRes/NPC/Class_A/Gelato/Role/Meshes/SK_Gelato_Body01_Skeleton.SK_Gelato_Body01_Skeleton,157
NPC/Class_A/Gelato/Default,NPC,NPC/Class_A/Gelato,Default,Default,Role,SilverPalace/Content/ArtRes/CharRes/NPC/Class_A/Gelato/Role/Meshes/SK_Gelato_Hair01.SK_Gelato_Hair01,SK_Gelato_Hair01,SkeletalMesh,5,5854,SilverPalace/Content/ArtRes/CharRes/NPC/Class_A/Gelato/Role/Meshes/SK_Gelato_Body01_Skeleton.SK_Gelato_Body01_Skeleton,157
NPC/Class_A/Gelato/Default,NPC,NPC/Class_A/Gelato,Default,Default,Role,SilverPalace/Content/ArtRes/CharRes/NPC/Class_A/Gelato/Role/Meshes/SK_Gelato_Hat01.SK_Gelato_Hat01,SK_Gelato_Hat01,SkeletalMesh,5,1332,SilverPalace/Content/ArtRes/CharRes/NPC/Class_A/Gelato/Role/Meshes/SK_Gelato_Body01_Skeleton.SK_Gelato_Body01_Skeleton,157
NPC/Class_A/HeartsAndArrows/Default,NPC,NPC/Class_A/HeartsAndArrows,Default,Default,Role,SilverPalace/Content/ArtRes/CharRes/NPC/Class_A/HeartsAndArrows/Role/Meshes/SK_HeartsAndArrows_Body01.SK_HeartsAndArrows_Body01,SK_HeartsAndArrows_Body01,SkeletalMesh,5,20468,SilverPalace/Content/ArtRes/CharRes/NPC/Class_A/HeartsAndArrows/Role/Meshes/SK_HeartsAndArrows_Body01_Skeleton.SK_HeartsAndArrows_Body01_Skeleton,238
NPC/Class_A/HeartsAndArrows/Default,NPC,NPC/Class_A/HeartsAndArrows,Default,Default,Role,SilverPalace/Content/ArtRes/CharRes/NPC/Class_A/HeartsAndArrows/Role/Meshes/SK_HeartsAndArrows_Face01.SK_HeartsAndArrows_Face01,SK_HeartsAndArrows_Face01,SkeletalMesh,5,3444,SilverPalace/Content/ArtRes/CharRes/NPC/Class_A/HeartsAndArrows/Role/Meshes/SK_HeartsAndArrows_Body01_Skeleton.SK_HeartsAndArrows_Body01_Skeleton,238
NPC/Class_A/HeartsAndArrows/Default,NPC,NPC/Class_A/HeartsAndArrows,Default,Default,Role,SilverPalace/Content/ArtRes/CharRes/NPC/Class_A/HeartsAndArrows/Role/Meshes/SK_HeartsAndArrows_Hair01.SK_HeartsAndArrows_Hair01,SK_HeartsAndArrows_Hair01,SkeletalMesh,5,5459,SilverPalace/Content/ArtRes/CharRes/NPC/Class_A/HeartsAndArrows/Role/Meshes/SK_HeartsAndArrows_Body01_Skeleton.SK_HeartsAndArrows_Body01_Skeleton,238
NPC/Class_A/HeartsAndArrows/Default,NPC,NPC/Class_A/HeartsAndArrows,Default,Default,Role,SilverPalace/Content/ArtRes/CharRes/NPC/Class_A/HeartsAndArrows/Role/Meshes/SK_HeartsAndArrows_Hat01.SK_HeartsAndArrows_Hat01,SK_HeartsAndArrows_Hat01,SkeletalMesh,5,3960,SilverPalace/Content/ArtRes/CharRes/NPC/Class_A/HeartsAndArrows/Role/Meshes/SK_HeartsAndArrows_Body01_Skeleton.SK_HeartsAndArrows_Body01_Skeleton,238
NPC/Class_A/HoneyAndMilk/Default,NPC,NPC/Class_A/HoneyAndMilk,Default,Default,Role,SilverPalace/Content/ArtRes/CharRes/NPC/Class_A/HoneyAndMilk/Role/Meshes/SK_HoneyAndMilk_Body01.SK_HoneyAndMilk_Body01,SK_HoneyAndMilk_Body01,SkeletalMesh,5,29993,SilverPalace/Content/ArtRes/CharRes/NPC/Class_A/HoneyAndMilk/Role/Meshes/SK_HoneyAndMilk_Body01_Skeleton.SK_HoneyAndMilk_Body01_Skeleton,223
NPC/Class_A/HoneyAndMilk/Default,NPC,NPC/Class_A/HoneyAndMilk,Default,Default,Role,SilverPalace/Content/ArtRes/CharRes/NPC/Class_A/HoneyAndMilk/Role/Meshes/SK_HoneyAndMilk_Face01.SK_HoneyAndMilk_Face01,SK_HoneyAndMilk_Face01,SkeletalMesh,5,3476,SilverPalace/Content/ArtRes/CharRes/NPC/Class_A/HoneyAndMilk/Role/Meshes/SK_HoneyAndMilk_Body01_Skeleton.SK_HoneyAndMilk_Body01_Skeleton,223
NPC/Class_A/HoneyAndMilk/Default,NPC,NPC/Class_A/HoneyAndMilk,Default,Default,Role,SilverPalace/Content/ArtRes/CharRes/NPC/Class_A/HoneyAndMilk/Role/Meshes/SK_HoneyAndMilk_Hair01.SK_HoneyAndMilk_Hair01,SK_HoneyAndMilk_Hair01,SkeletalMesh,5,4930,SilverPalace/Content/ArtRes/CharRes/NPC/Class_A/HoneyAndMilk/Role/Meshes/SK_HoneyAndMilk_Body01_Skeleton.SK_HoneyAndMilk_Body01_Skeleton,223
NPC/Class_A/HoneyAndMilk/Default,NPC,NPC/Class_A/HoneyAndMilk,Default,Default,Role,SilverPalace/Content/ArtRes/CharRes/NPC/Class_A/HoneyAndMilk/Role/Meshes/SK_HoneyAndMilk_Hat01.SK_HoneyAndMilk_Hat01,SK_HoneyAndMilk_Hat01,SkeletalMesh,5,1346,SilverPalace/Content/ArtRes/CharRes/NPC/Class_A/HoneyAndMilk/Role/Meshes/SK_HoneyAndMilk_Body01_Skeleton.SK_HoneyAndMilk_Body01_Skeleton,223
NPC/Class_A/Jekyll/Default,NPC,NPC/Class_A/Jekyll,Default,Default,Role,SilverPalace/Content/ArtRes/CharRes/NPC/Class_A/Jekyll/Role/Meshes/SK_Jekyll_Body01.SK_Jekyll_Body01,SK_Jekyll_Body01,SkeletalMesh,5,23708,SilverPalace/Content/ArtRes/CharRes/NPC/Class_A/Jekyll/Role/Meshes/SK_Jekyll_Body01_Skeleton.SK_Jekyll_Body01_Skeleton,214
NPC/Class_A/Jekyll/Default,NPC,NPC/Class_A/Jekyll,Default,Default,Role,SilverPalace/Content/ArtRes/CharRes/NPC/Class_A/Jekyll/Role/Meshes/SK_Jekyll_Face01.SK_Jekyll_Face01,SK_Jekyll_Face01,SkeletalMesh,5,3492,SilverPalace/Content/ArtRes/CharRes/NPC/Class_A/Jekyll/Role/Meshes/SK_Jekyll_Body01_Skeleton.SK_Jekyll_Body01_Skeleton,214
NPC/Class_A/Jekyll/Default,NPC,NPC/Class_A/Jekyll,Default,Default,Role,SilverPalace/Content/ArtRes/CharRes/NPC/Class_A/Jekyll/Role/Meshes/SK_Jekyll_Hair01.SK_Jekyll_Hair01,SK_Jekyll_Hair01,SkeletalMesh,5,8604,SilverPalace/Content/ArtRes/CharRes/NPC/Class_A/Jekyll/Role/Meshes/SK_Jekyll_Body01_Skeleton.SK_Jekyll_Body01_Skeleton,214
NPC/Class_A/Jon/Default,NPC,NPC/Class_A/Jon,Default,Default,Role,SilverPalace/Content/ArtRes/CharRes/NPC/Class_A/Jon/Role/Meshes/SK_Jon_Body01.SK_Jon_Body01,SK_Jon_Body01,SkeletalMesh,5,24202,SilverPalace/Content/ArtRes/CharRes/NPC/Class_A/Jon/Role/Meshes/SK_Jon_Body01_Skeleton.SK_Jon_Body01_Skeleton,148
NPC/Class_A/Jon/Default,NPC,NPC/Class_A/Jon,Default,Default,Role,SilverPalace/Content/ArtRes/CharRes/NPC/Class_A/Jon/Role/Meshes/SK_Jon_Face01.SK_Jon_Face01,SK_Jon_Face01,SkeletalMesh,5,2764,SilverPalace/Content/ArtRes/CharRes/NPC/Class_A/Jon/Role/Meshes/SK_Jon_Body01_Skeleton.SK_Jon_Body01_Skeleton,148
NPC/Class_A/Jon/Default,NPC,NPC/Class_A/Jon,Default,Default,Role,SilverPalace/Content/ArtRes/CharRes/NPC/Class_A/Jon/Role/Meshes/SK_Jon_Hair01.SK_Jon_Hair01,SK_Jon_Hair01,SkeletalMesh,5,5974,SilverPalace/Content/ArtRes/CharRes/NPC/Class_A/Jon/Role/Meshes/SK_Jon_Body01_Skeleton.SK_Jon_Body01_Skeleton,148
NPC/Class_A/Jon/Default,NPC,NPC/Class_A/Jon,Default,Default,Role,SilverPalace/Content/ArtRes/CharRes/NPC/Class_A/Jon/Role/Meshes/SK_Jon_Hat01.SK_Jon_Hat01,SK_Jon_Hat01,SkeletalMesh,5,2646,SilverPalace/Content/ArtRes/CharRes/NPC/Class_A/Jon/Role/Meshes/SK_Jon_Body01_Skeleton.SK_Jon_Body01_Skeleton,148
NPC/Class_A/LittleCinderella/Default,NPC,NPC/Class_A/LittleCinderella,Default,Default,Role,SilverPalace/Content/ArtRes/CharRes/NPC/Class_A/LittleCinderella/Role/Meshes/SK_LittleCinderella_Body.SK_LittleCinderella_Body,SK_LittleCinderella_Body,SkeletalMesh,5,17508,SilverPalace/Content/ArtRes/CharRes/NPC/Class_A/LittleCinderella/Role/Meshes/SK_LittleCinderella_Body_Skeleton.SK_LittleCinderella_Body_Skeleton,328
NPC/Class_A/LittleCinderella/Default,NPC,NPC/Class_A/LittleCinderella,Default,Default,Role,SilverPalace/Content/ArtRes/CharRes/NPC/Class_A/LittleCinderella/Role/Meshes/SK_LittleCinderella_Face01.SK_LittleCinderella_Face01,SK_LittleCinderella_Face01,SkeletalMesh,5,3638,SilverPalace/Content/ArtRes/CharRes/NPC/Class_A/LittleCinderella/Role/Meshes/SK_LittleCinderella_Body_Skeleton.SK_LittleCinderella_Body_Skeleton,328
NPC/Class_A/LittleCinderella/Default,NPC,NPC/Class_A/LittleCinderella,Default,Default,Role,SilverPalace/Content/ArtRes/CharRes/NPC/Class_A/LittleCinderella/Role/Meshes/SK_LittleCinderella_Hair01.SK_LittleCinderella_Hair01,SK_LittleCinderella_Hair01,SkeletalMesh,5,4940,SilverPalace/Content/ArtRes/CharRes/NPC/Class_A/LittleCinderella/Role/Meshes/SK_LittleCinderella_Body_Skeleton.SK_LittleCinderella_Body_Skeleton,328
NPC/Class_A/LittleCinderella/Default,NPC,NPC/Class_A/LittleCinderella,Default,Default,Role,SilverPalace/Content/ArtRes/CharRes/NPC/Class_A/LittleCinderella/Role/Meshes/SK_LittleCinderella_Hat01.SK_LittleCinderella_Hat01,SK_LittleCinderella_Hat01,SkeletalMesh,5,1496,SilverPalace/Content/ArtRes/CharRes/NPC/Class_A/LittleCinderella/Role/Meshes/SK_LittleCinderella_Body_Skeleton.SK_LittleCinderella_Body_Skeleton,328
NPC/Class_A/MarkedWorker/Default,NPC,NPC/Class_A/MarkedWorker,Default,Default,Role,SilverPalace/Content/ArtRes/CharRes/NPC/Class_A/MarkedWorker/Role/Meshes/SK_MarkedWorker02_Body01.SK_MarkedWorker02_Body01,SK_MarkedWorker02_Body01,SkeletalMesh,5,16643,SilverPalace/Content/ArtRes/CharRes/NPC/Class_A/MarkedWorker/Role/Meshes/SK_MarkedWorker02_Body01_Skeleton.SK_MarkedWorker02_Body01_Skeleton,214
NPC/Class_A/MarkedWorker/Default,NPC,NPC/Class_A/MarkedWorker,Default,Default,Role,SilverPalace/Content/ArtRes/CharRes/NPC/Class_A/MarkedWorker/Role/Meshes/SK_MarkedWorker02_Face01.SK_MarkedWorker02_Face01,SK_MarkedWorker02_Face01,SkeletalMesh,5,2992,SilverPalace/Content/ArtRes/CharRes/NPC/Class_A/MarkedWorker/Role/Meshes/SK_MarkedWorker02_Body01_Skeleton.SK_MarkedWorker02_Body01_Skeleton,214
NPC/Class_A/MarkedWorker/Default,NPC,NPC/Class_A/MarkedWorker,Default,Default,Role,SilverPalace/Content/ArtRes/CharRes/NPC/Class_A/MarkedWorker/Role/Meshes/SK_MarkedWorker02_Hair01.SK_MarkedWorker02_Hair01,SK_MarkedWorker02_Hair01,SkeletalMesh,5,7405,SilverPalace/Content/ArtRes/CharRes/NPC/Class_A/MarkedWorker/Role/Meshes/SK_MarkedWorker02_Body01_Skeleton.SK_MarkedWorker02_Body01_Skeleton,214
NPC/Class_A/MarkedWorker/Default,NPC,NPC/Class_A/MarkedWorker,Default,Default,Role,SilverPalace/Content/ArtRes/CharRes/NPC/Class_A/MarkedWorker/Role/Meshes/SK_MarkedWorker_Body01.SK_MarkedWorker_Body01,SK_MarkedWorker_Body01,SkeletalMesh,5,16643,SilverPalace/Content/ArtRes/CharRes/NPC/Class_A/MarkedWorker/Role/Meshes/SK_MarkedWorker_Body01_Skeleton.SK_MarkedWorker_Body01_Skeleton,196
NPC/Class_A/MarkedWorker/Default,NPC,NPC/Class_A/MarkedWorker,Default,Default,Role,SilverPalace/Content/ArtRes/CharRes/NPC/Class_A/MarkedWorker/Role/Meshes/SK_MarkedWorker_Face01.SK_MarkedWorker_Face01,SK_MarkedWorker_Face01,SkeletalMesh,5,2992,SilverPalace/Content/ArtRes/CharRes/NPC/Class_A/MarkedWorker/Role/Meshes/SK_MarkedWorker_Body01_Skeleton.SK_MarkedWorker_Body01_Skeleton,196
NPC/Class_A/MarkedWorker/Default,NPC,NPC/Class_A/MarkedWorker,Default,Default,Role,SilverPalace/Content/ArtRes/CharRes/NPC/Class_A/MarkedWorker/Role/Meshes/SK_MarkedWorker_Hair01.SK_MarkedWorker_Hair01,SK_MarkedWorker_Hair01,SkeletalMesh,5,7405,SilverPalace/Content/ArtRes/CharRes/NPC/Class_A/MarkedWorker/Role/Meshes/SK_MarkedWorker_Body01_Skeleton.SK_MarkedWorker_Body01_Skeleton,196
NPC/Class_A/Miya/Default,NPC,NPC/Class_A/Miya,Default,Default,Role,SilverPalace/Content/ArtRes/CharRes/NPC/Class_A/Miya/Role/Meshes/SK_Miya_Body01.SK_Miya_Body01,SK_Miya_Body01,SkeletalMesh,5,17503,SilverPalace/Content/ArtRes/CharRes/NPC/Class_A/Miya/Role/Meshes/SK_Miya_Body01_Skeleton.SK_Miya_Body01_Skeleton,328
NPC/Class_A/Miya/Default,NPC,NPC/Class_A/Miya,Default,Default,Role,SilverPalace/Content/ArtRes/CharRes/NPC/Class_A/Miya/Role/Meshes/SK_Miya_Face01.SK_Miya_Face01,SK_Miya_Face01,SkeletalMesh,5,4244,SilverPalace/Content/ArtRes/CharRes/NPC/Class_A/Miya/Role/Meshes/SK_Miya_Body01_Skeleton.SK_Miya_Body01_Skeleton,328
NPC/Class_A/Miya/Default,NPC,NPC/Class_A/Miya,Default,Default,Role,SilverPalace/Content/ArtRes/CharRes/NPC/Class_A/Miya/Role/Meshes/SK_Miya_Hair01.SK_Miya_Hair01,SK_Miya_Hair01,SkeletalMesh,5,4925,SilverPalace/Content/ArtRes/CharRes/NPC/Class_A/Miya/Role/Meshes/SK_Miya_Body01_Skeleton.SK_Miya_Body01_Skeleton,328
NPC/Class_A/Miya/Default,NPC,NPC/Class_A/Miya,Default,Default,Role,SilverPalace/Content/ArtRes/CharRes/NPC/Class_A/Miya/Role/Meshes/SK_Miya_Hat01.SK_Miya_Hat01,SK_Miya_Hat01,SkeletalMesh,5,1847,SilverPalace/Content/ArtRes/CharRes/NPC/Class_A/Miya/Role/Meshes/SK_Miya_Body01_Skeleton.SK_Miya_Body01_Skeleton,328
NPC/Class_A/NightfallBoozers/Default,NPC,NPC/Class_A/NightfallBoozers,Default,Default,Role,SilverPalace/Content/ArtRes/CharRes/NPC/Class_A/NightfallBoozers/Role/Meshes/SK_NightfallBoozers_Body01.SK_NightfallBoozers_Body01,SK_NightfallBoozers_Body01,SkeletalMesh,5,33371,SilverPalace/Content/ArtRes/CharRes/NPC/Class_A/NightfallBoozers/Role/Meshes/SK_NightfallBoozers_Body01_Skeleton.SK_NightfallBoozers_Body01_Skeleton,298
NPC/Class_A/NightfallBoozers/Default,NPC,NPC/Class_A/NightfallBoozers,Default,Default,Role,SilverPalace/Content/ArtRes/CharRes/NPC/Class_A/NightfallBoozers/Role/Meshes/SK_NightfallBoozers_Face01.SK_NightfallBoozers_Face01,SK_NightfallBoozers_Face01,SkeletalMesh,5,6524,SilverPalace/Content/ArtRes/CharRes/NPC/Class_A/NightfallBoozers/Role/Meshes/SK_NightfallBoozers_Body01_Skeleton.SK_NightfallBoozers_Body01_Skeleton,298
NPC/Class_A/NightfallBoozers/Default,NPC,NPC/Class_A/NightfallBoozers,Default,Default,Role,SilverPalace/Content/ArtRes/CharRes/NPC/Class_A/NightfallBoozers/Role/Meshes/SK_NightfallBoozers_Hair01.SK_NightfallBoozers_Hair01,SK_NightfallBoozers_Hair01,SkeletalMesh,5,10153,SilverPalace/Content/ArtRes/CharRes/NPC/Class_A/NightfallBoozers/Role/Meshes/SK_NightfallBoozers_Body01_Skeleton.SK_NightfallBoozers_Body01_Skeleton,298
NPC/Class_A/Pierre/Default,NPC,NPC/Class_A/Pierre,Default,Default,Role,SilverPalace/Content/ArtRes/CharRes/NPC/Class_A/Pierre/Role/Meshes/SK_Pierre_Body01.SK_Pierre_Body01,SK_Pierre_Body01,SkeletalMesh,5,34292,SilverPalace/Content/ArtRes/CharRes/NPC/Class_A/Pierre/Role/Meshes/SK_Pierre_Body01_Skeleton.SK_Pierre_Body01_Skeleton,358
NPC/Class_A/Pierre/Default,NPC,NPC/Class_A/Pierre,Default,Default,Role,SilverPalace/Content/ArtRes/CharRes/NPC/Class_A/Pierre/Role/Meshes/SK_Pierre_Face01.SK_Pierre_Face01,SK_Pierre_Face01,SkeletalMesh,5,3470,SilverPalace/Content/ArtRes/CharRes/NPC/Class_A/Pierre/Role/Meshes/SK_Pierre_Body01_Skeleton.SK_Pierre_Body01_Skeleton,358
NPC/Class_A/Pierre/Default,NPC,NPC/Class_A/Pierre,Default,Default,Role,SilverPalace/Content/ArtRes/CharRes/NPC/Class_A/Pierre/Role/Meshes/SK_Pierre_Hair01.SK_Pierre_Hair01,SK_Pierre_Hair01,SkeletalMesh,5,14202,SilverPalace/Content/ArtRes/CharRes/NPC/Class_A/Pierre/Role/Meshes/SK_Pierre_Body01_Skeleton.SK_Pierre_Body01_Skeleton,358
NPC/Class_A/Pierre/Default,NPC,NPC/Class_A/Pierre,Default,Default,Role,SilverPalace/Content/ArtRes/CharRes/NPC/Class_A/Pierre/Role/Meshes/SK_Pierre_Hat01.SK_Pierre_Hat01,SK_Pierre_Hat01,SkeletalMesh,5,2252,SilverPalace/Content/ArtRes/CharRes/NPC/Class_A/Pierre/Role/Meshes/SK_Pierre_Body01_Skeleton.SK_Pierre_Body01_Skeleton,358
NPC/Class_A/Pixy/Default,NPC,NPC/Class_A/Pixy,Default,Default,Prop,SilverPalace/Content/ArtRes/CharRes/NPC/Class_A/Pixy/Prop/Meshes/SK_Pixy_Props01.SK_Pixy_Props01,SK_Pixy_Props01,SkeletalMesh,5,6190,SilverPalace/Content/ArtRes/CharRes/NPC/Class_A/Pixy/Role/Meshes/SK_Pixy_Body01_Skeleton.SK_Pixy_Body01_Skeleton,189
NPC/Class_A/Pixy/Default,NPC,NPC/Class_A/Pixy,Default,Default,Role,SilverPalace/Content/ArtRes/CharRes/NPC/Class_A/Pixy/Role/Meshes/SK_Pixy_Body01.SK_Pixy_Body01,SK_Pixy_Body01,SkeletalMesh,5,29684,SilverPalace/Content/ArtRes/CharRes/NPC/Class_A/Pixy/Role/Meshes/SK_Pixy_Body01_Skeleton.SK_Pixy_Body01_Skeleton,189
NPC/Class_A/Pixy/Default,NPC,NPC/Class_A/Pixy,Default,Default,Role,SilverPalace/Content/ArtRes/CharRes/NPC/Class_A/Pixy/Role/Meshes/SK_Pixy_Face01.SK_Pixy_Face01,SK_Pixy_Face01,SkeletalMesh,5,3278,SilverPalace/Content/ArtRes/CharRes/NPC/Class_A/Pixy/Role/Meshes/SK_Pixy_Body01_Skeleton.SK_Pixy_Body01_Skeleton,189
NPC/Class_A/Pixy/Default,NPC,NPC/Class_A/Pixy,Default,Default,Role,SilverPalace/Content/ArtRes/CharRes/NPC/Class_A/Pixy/Role/Meshes/SK_Pixy_Hair01.SK_Pixy_Hair01,SK_Pixy_Hair01,SkeletalMesh,5,4107,SilverPalace/Content/ArtRes/CharRes/NPC/Class_A/Pixy/Role/Meshes/SK_Pixy_Body01_Skeleton.SK_Pixy_Body01_Skeleton,189
NPC/Class_A/Pixy/Default,NPC,NPC/Class_A/Pixy,Default,Default,Role,SilverPalace/Content/ArtRes/CharRes/NPC/Class_A/Pixy/Role/Meshes/SK_Pixy_Hat01.SK_Pixy_Hat01,SK_Pixy_Hat01,SkeletalMesh,5,1802,SilverPalace/Content/ArtRes/CharRes/NPC/Class_A/Pixy/Role/Meshes/SK_Pixy_Body01_Skeleton.SK_Pixy_Body01_Skeleton,189
NPC/Class_A/QuarterPastEight/Default,NPC,NPC/Class_A/QuarterPastEight,Default,Default,Role,SilverPalace/Content/ArtRes/CharRes/NPC/Class_A/QuarterPastEight/Role/Meshes/SK_QuarterPastEight_Body01.SK_QuarterPastEight_Body01,SK_QuarterPastEight_Body01,SkeletalMesh,5,31508,SilverPalace/Content/ArtRes/CharRes/NPC/Class_A/QuarterPastEight/Role/Meshes/SK_QuarterPastEight_Body01_Skeleton.SK_QuarterPastEight_Body01_Skeleton,233
NPC/Class_A/QuarterPastEight/Default,NPC,NPC/Class_A/QuarterPastEight,Default,Default,Role,SilverPalace/Content/ArtRes/CharRes/NPC/Class_A/QuarterPastEight/Role/Meshes/SK_QuarterPastEight_Face01.SK_QuarterPastEight_Face01,SK_QuarterPastEight_Face01,SkeletalMesh,5,3494,SilverPalace/Content/ArtRes/CharRes/NPC/Class_A/QuarterPastEight/Role/Meshes/SK_QuarterPastEight_Body01_Skeleton.SK_QuarterPastEight_Body01_Skeleton,233
NPC/Class_A/QuarterPastEight/Default,NPC,NPC/Class_A/QuarterPastEight,Default,Default,Role,SilverPalace/Content/ArtRes/CharRes/NPC/Class_A/QuarterPastEight/Role/Meshes/SK_QuarterPastEight_Hair01.SK_QuarterPastEight_Hair01,SK_QuarterPastEight_Hair01,SkeletalMesh,5,5556,SilverPalace/Content/ArtRes/CharRes/NPC/Class_A/QuarterPastEight/Role/Meshes/SK_QuarterPastEight_Body01_Skeleton.SK_QuarterPastEight_Body01_Skeleton,233
NPC/Class_A/Rachel/Default,NPC,NPC/Class_A/Rachel,Default,Default,Role,SilverPalace/Content/ArtRes/CharRes/NPC/Class_A/Rachel/Role/Meshes/SK_Rachel_Body01.SK_Rachel_Body01,SK_Rachel_Body01,SkeletalMesh,5,17503,SilverPalace/Content/ArtRes/CharRes/NPC/Class_A/Rachel/Role/Meshes/SK_Rachel_Body01_Skeleton.SK_Rachel_Body01_Skeleton,324
NPC/Class_A/Rachel/Default,NPC,NPC/Class_A/Rachel,Default,Default,Role,SilverPalace/Content/ArtRes/CharRes/NPC/Class_A/Rachel/Role/Meshes/SK_Rachel_Face01.SK_Rachel_Face01,SK_Rachel_Face01,SkeletalMesh,5,3368,SilverPalace/Content/ArtRes/CharRes/NPC/Class_A/Rachel/Role/Meshes/SK_Rachel_Body01_Skeleton.SK_Rachel_Body01_Skeleton,324
NPC/Class_A/Rachel/Default,NPC,NPC/Class_A/Rachel,Default,Default,Role,SilverPalace/Content/ArtRes/CharRes/NPC/Class_A/Rachel/Role/Meshes/SK_Rachel_Hair01.SK_Rachel_Hair01,SK_Rachel_Hair01,SkeletalMesh,5,5759,SilverPalace/Content/ArtRes/CharRes/NPC/Class_A/Rachel/Role/Meshes/SK_Rachel_Body01_Skeleton.SK_Rachel_Body01_Skeleton,324
NPC/Class_A/Rachel/Default,NPC,NPC/Class_A/Rachel,Default,Default,Role,SilverPalace/Content/ArtRes/CharRes/NPC/Class_A/Rachel/Role/Meshes/SK_Rachel_Hat01.SK_Rachel_Hat01,SK_Rachel_Hat01,SkeletalMesh,5,2295,SilverPalace/Content/ArtRes/CharRes/NPC/Class_A/Rachel/Role/Meshes/SK_Rachel_Body01_Skeleton.SK_Rachel_Body01_Skeleton,324
NPC/Class_A/RacingKnight/Default,NPC,NPC/Class_A/RacingKnight,Default,Default,Role,SilverPalace/Content/ArtRes/CharRes/NPC/Class_A/RacingKnight/Role/Meshes/SK_RacingKnight.SK_RacingKnight,SK_RacingKnight,SkeletalMesh,5,80493,SilverPalace/Content/ArtRes/CharRes/NPC/Class_A/RacingKnight/Role/Meshes/SK_RacingKnight_Skeleton.SK_RacingKnight_Skeleton,252
NPC/Class_A/Rohm/Default,NPC,NPC/Class_A/Rohm,Default,Default,Prop,SilverPalace/Content/ArtRes/CharRes/NPC/Class_A/Rohm/Prop/Meshes/SK_Rohm_Stethoscope01.SK_Rohm_Stethoscope01,SK_Rohm_Stethoscope01,SkeletalMesh,5,1326,SilverPalace/Content/ArtRes/CharRes/NPC/Class_A/Rohm/Prop/Meshes/SK_Rohm_Stethoscope01_Skeleton.SK_Rohm_Stethoscope01_Skeleton,10
NPC/Class_A/Rohm/Default,NPC,NPC/Class_A/Rohm,Default,Default,Prop,SilverPalace/Content/ArtRes/CharRes/NPC/Class_A/Rohm/Prop/Meshes/SK_Rohm_Suitcase01.SK_Rohm_Suitcase01,SK_Rohm_Suitcase01,SkeletalMesh,5,5090,SilverPalace/Content/ArtRes/CharRes/NPC/Class_A/Rohm/Prop/Meshes/SK_Rohm_Suitcase01_Skeleton.SK_Rohm_Suitcase01_Skeleton,17
NPC/Class_A/Rohm/Default,NPC,NPC/Class_A/Rohm,Default,Default,Role,SilverPalace/Content/ArtRes/CharRes/NPC/Class_A/Rohm/Role/Meshes/SK_Rohm_Body01.SK_Rohm_Body01,SK_Rohm_Body01,SkeletalMesh,5,21427,SilverPalace/Content/ArtRes/CharRes/NPC/Class_A/Rohm/Role/Meshes/SK_Rohm_Body01_Skeleton.SK_Rohm_Body01_Skeleton,248
NPC/Class_A/Rohm/Default,NPC,NPC/Class_A/Rohm,Default,Default,Role,SilverPalace/Content/ArtRes/CharRes/NPC/Class_A/Rohm/Role/Meshes/SK_Rohm_Face01.SK_Rohm_Face01,SK_Rohm_Face01,SkeletalMesh,5,3760,SilverPalace/Content/ArtRes/CharRes/NPC/Class_A/Rohm/Role/Meshes/SK_Rohm_Body01_Skeleton.SK_Rohm_Body01_Skeleton,248
NPC/Class_A/Rohm/Default,NPC,NPC/Class_A/Rohm,Default,Default,Role,SilverPalace/Content/ArtRes/CharRes/NPC/Class_A/Rohm/Role/Meshes/SK_Rohm_Hair01.SK_Rohm_Hair01,SK_Rohm_Hair01,SkeletalMesh,5,10203,SilverPalace/Content/ArtRes/CharRes/NPC/Class_A/Rohm/Role/Meshes/SK_Rohm_Body01_Skeleton.SK_Rohm_Body01_Skeleton,248
NPC/Class_A/Solferino/Default,NPC,NPC/Class_A/Solferino,Default,Default,Role,SilverPalace/Content/ArtRes/CharRes/NPC/Class_A/Solferino/Role/Meshes/SK_Solferino_Body01.SK_Solferino_Body01,SK_Solferino_Body01,SkeletalMesh,5,21232,SilverPalace/Content/ArtRes/CharRes/NPC/Class_A/Solferino/Role/Meshes/SK_Solferino_Body01_Skeleton.SK_Solferino_Body01_Skeleton,264
NPC/Class_A/Solferino/Default,NPC,NPC/Class_A/Solferino,Default,Default,Role,SilverPalace/Content/ArtRes/CharRes/NPC/Class_A/Solferino/Role/Meshes/SK_Solferino_Face01.SK_Solferino_Face01,SK_Solferino_Face01,SkeletalMesh,5,3500,SilverPalace/Content/ArtRes/CharRes/NPC/Class_A/Solferino/Role/Meshes/SK_Solferino_Body01_Skeleton.SK_Solferino_Body01_Skeleton,264
NPC/Class_A/Solferino/Default,NPC,NPC/Class_A/Solferino,Default,Default,Role,SilverPalace/Content/ArtRes/CharRes/NPC/Class_A/Solferino/Role/Meshes/SK_Solferino_Hair01.SK_Solferino_Hair01,SK_Solferino_Hair01,SkeletalMesh,5,16383,SilverPalace/Content/ArtRes/CharRes/NPC/Class_A/Solferino/Role/Meshes/SK_Solferino_Body01_Skeleton.SK_Solferino_Body01_Skeleton,264
NPC/Class_A/Solferino/Default,NPC,NPC/Class_A/Solferino,Default,Default,Role,SilverPalace/Content/ArtRes/CharRes/NPC/Class_A/Solferino/Role/Meshes/SK_Solferino_Hat01.SK_Solferino_Hat01,SK_Solferino_Hat01,SkeletalMesh,5,1584,SilverPalace/Content/ArtRes/CharRes/NPC/Class_A/Solferino/Role/Meshes/SK_Solferino_Body01_Skeleton.SK_Solferino_Body01_Skeleton,264
NPC/Class_A/SundayLounge/Default,NPC,NPC/Class_A/SundayLounge,Default,Default,Role,SilverPalace/Content/ArtRes/CharRes/NPC/Class_A/SundayLounge/Role/Meshes/SK_SundayLounge_Body01.SK_SundayLounge_Body01,SK_SundayLounge_Body01,SkeletalMesh,5,25953,SilverPalace/Content/ArtRes/CharRes/NPC/Class_A/SundayLounge/Role/Meshes/SK_SundayLounge_Body01_Skeleton.SK_SundayLounge_Body01_Skeleton,324
NPC/Class_A/SundayLounge/Default,NPC,NPC/Class_A/SundayLounge,Default,Default,Role,SilverPalace/Content/ArtRes/CharRes/NPC/Class_A/SundayLounge/Role/Meshes/SK_SundayLounge_Face01.SK_SundayLounge_Face01,SK_SundayLounge_Face01,SkeletalMesh,5,3498,SilverPalace/Content/ArtRes/CharRes/NPC/Class_A/SundayLounge/Role/Meshes/SK_SundayLounge_Body01_Skeleton.SK_SundayLounge_Body01_Skeleton,324
NPC/Class_A/SundayLounge/Default,NPC,NPC/Class_A/SundayLounge,Default,Default,Role,SilverPalace/Content/ArtRes/CharRes/NPC/Class_A/SundayLounge/Role/Meshes/SK_SundayLounge_Hair01.SK_SundayLounge_Hair01,SK_SundayLounge_Hair01,SkeletalMesh,5,7671,SilverPalace/Content/ArtRes/CharRes/NPC/Class_A/SundayLounge/Role/Meshes/SK_SundayLounge_Body01_Skeleton.SK_SundayLounge_Body01_Skeleton,324
NPC/Class_A/TheVentus/Default,NPC,NPC/Class_A/TheVentus,Default,Default,Role,SilverPalace/Content/ArtRes/CharRes/NPC/Class_A/TheVentus/Role/Meshes/SK_TheVentus_Body01.SK_TheVentus_Body01,SK_TheVentus_Body01,SkeletalMesh,5,30703,SilverPalace/Content/ArtRes/CharRes/NPC/Class_A/TheVentus/Role/Meshes/SK_TheVentus_Body01_Skeleton.SK_TheVentus_Body01_Skeleton,348
NPC/Class_A/TheVentus/Default,NPC,NPC/Class_A/TheVentus,Default,Default,Role,SilverPalace/Content/ArtRes/CharRes/NPC/Class_A/TheVentus/Role/Meshes/SK_TheVentus_Face01.SK_TheVentus_Face01,SK_TheVentus_Face01,SkeletalMesh,5,2992,SilverPalace/Content/ArtRes/CharRes/NPC/Class_A/TheVentus/Role/Meshes/SK_TheVentus_Body01_Skeleton.SK_TheVentus_Body01_Skeleton,348
NPC/Class_A/TheVentus/Default,NPC,NPC/Class_A/TheVentus,Default,Default,Role,SilverPalace/Content/ArtRes/CharRes/NPC/Class_A/TheVentus/Role/Meshes/SK_TheVentus_Hair01.SK_TheVentus_Hair01,SK_TheVentus_Hair01,SkeletalMesh,5,6911,SilverPalace/Content/ArtRes/CharRes/NPC/Class_A/TheVentus/Role/Meshes/SK_TheVentus_Body01_Skeleton.SK_TheVentus_Body01_Skeleton,348
NPC/Class_A/TheVentus/Default,NPC,NPC/Class_A/TheVentus,Default,Default,Role,SilverPalace/Content/ArtRes/CharRes/NPC/Class_A/TheVentus/Role/Meshes/SK_TheVentus_Hat01.SK_TheVentus_Hat01,SK_TheVentus_Hat01,SkeletalMesh,5,8241,SilverPalace/Content/ArtRes/CharRes/NPC/Class_A/TheVentus/Role/Meshes/SK_TheVentus_Body01_Skeleton.SK_TheVentus_Body01_Skeleton,348
NPC/Class_A/VoicepipeCafe/Default,NPC,NPC/Class_A/VoicepipeCafe,Default,Default,Role,SilverPalace/Content/ArtRes/CharRes/NPC/Class_A/VoicepipeCafe/Role/Meshes/SK_VoicepipeCafe_Body01.SK_VoicepipeCafe_Body01,SK_VoicepipeCafe_Body01,SkeletalMesh,5,24766,SilverPalace/Content/ArtRes/CharRes/NPC/Class_A/VoicepipeCafe/Role/Meshes/SK_VoicepipeCafe_Body01_Skeleton.SK_VoicepipeCafe_Body01_Skeleton,242
NPC/Class_A/VoicepipeCafe/Default,NPC,NPC/Class_A/VoicepipeCafe,Default,Default,Role,SilverPalace/Content/ArtRes/CharRes/NPC/Class_A/VoicepipeCafe/Role/Meshes/SK_VoicepipeCafe_Face01.SK_VoicepipeCafe_Face01,SK_VoicepipeCafe_Face01,SkeletalMesh,5,3496,SilverPalace/Content/ArtRes/CharRes/NPC/Class_A/VoicepipeCafe/Role/Meshes/SK_VoicepipeCafe_Body01_Skeleton.SK_VoicepipeCafe_Body01_Skeleton,242
NPC/Class_A/VoicepipeCafe/Default,NPC,NPC/Class_A/VoicepipeCafe,Default,Default,Role,SilverPalace/Content/ArtRes/CharRes/NPC/Class_A/VoicepipeCafe/Role/Meshes/SK_VoicepipeCafe_Hair01.SK_VoicepipeCafe_Hair01,SK_VoicepipeCafe_Hair01,SkeletalMesh,5,7360,SilverPalace/Content/ArtRes/CharRes/NPC/Class_A/VoicepipeCafe/Role/Meshes/SK_VoicepipeCafe_Body01_Skeleton.SK_VoicepipeCafe_Body01_Skeleton,242
NPC/Class_A/VoicepipeCafe/Default,NPC,NPC/Class_A/VoicepipeCafe,Default,Default,Role,SilverPalace/Content/ArtRes/CharRes/NPC/Class_A/VoicepipeCafe/Role/Meshes/SK_VoicepipeCafe_Hat01.SK_VoicepipeCafe_Hat01,SK_VoicepipeCafe_Hat01,SkeletalMesh,5,2774,SilverPalace/Content/ArtRes/CharRes/NPC/Class_A/VoicepipeCafe/Role/Meshes/SK_VoicepipeCafe_Body01_Skeleton.SK_VoicepipeCafe_Body01_Skeleton,242
NPC/Class_A/WisdomBooks/Default,NPC,NPC/Class_A/WisdomBooks,Default,Default,Role,SilverPalace/Content/ArtRes/CharRes/NPC/Class_A/WisdomBooks/Role/Meshes/SK_WisdomBooks_Body01.SK_WisdomBooks_Body01,SK_WisdomBooks_Body01,SkeletalMesh,5,28453,SilverPalace/Content/ArtRes/CharRes/NPC/Class_A/WisdomBooks/Role/Meshes/SK_WisdomBooks_Body01_Skeleton.SK_WisdomBooks_Body01_Skeleton,309
NPC/Class_A/WisdomBooks/Default,NPC,NPC/Class_A/WisdomBooks,Default,Default,Role,SilverPalace/Content/ArtRes/CharRes/NPC/Class_A/WisdomBooks/Role/Meshes/SK_WisdomBooks_Face01.SK_WisdomBooks_Face01,SK_WisdomBooks_Face01,SkeletalMesh,5,3496,SilverPalace/Content/ArtRes/CharRes/NPC/Class_A/WisdomBooks/Role/Meshes/SK_WisdomBooks_Body01_Skeleton.SK_WisdomBooks_Body01_Skeleton,309
NPC/Class_A/WisdomBooks/Default,NPC,NPC/Class_A/WisdomBooks,Default,Default,Role,SilverPalace/Content/ArtRes/CharRes/NPC/Class_A/WisdomBooks/Role/Meshes/SK_WisdomBooks_Hair01.SK_WisdomBooks_Hair01,SK_WisdomBooks_Hair01,SkeletalMesh,5,5481,SilverPalace/Content/ArtRes/CharRes/NPC/Class_A/WisdomBooks/Role/Meshes/SK_WisdomBooks_Body01_Skeleton.SK_WisdomBooks_Body01_Skeleton,309
NPC/Class_S/AlexNPC/Default,NPC,NPC/Class_S/AlexNPC,Default,Default,Role,SilverPalace/Content/ArtRes/CharRes/NPC/Class_S/AlexNPC/Role/Meshes/SK_AlexNPC_Body01.SK_AlexNPC_Body01,SK_AlexNPC_Body01,SkeletalMesh,5,51407,SilverPalace/Content/ArtRes/CharRes/NPC/Class_S/AlexNPC/Role/Meshes/SK_AlexNPC_Body01_Skeleton.SK_AlexNPC_Body01_Skeleton,275
NPC/Class_S/AlexNPC/Default,NPC,NPC/Class_S/AlexNPC,Default,Default,Role,SilverPalace/Content/ArtRes/CharRes/NPC/Class_S/AlexNPC/Role/Meshes/SK_AlexNPC_Face01.SK_AlexNPC_Face01,SK_AlexNPC_Face01,SkeletalMesh,5,4346,SilverPalace/Content/ArtRes/CharRes/NPC/Class_S/AlexNPC/Role/Meshes/SK_AlexNPC_Body01_Skeleton.SK_AlexNPC_Body01_Skeleton,275
NPC/Class_S/AlexNPC/Default,NPC,NPC/Class_S/AlexNPC,Default,Default,Role,SilverPalace/Content/ArtRes/CharRes/NPC/Class_S/AlexNPC/Role/Meshes/SK_AlexNPC_Hair01.SK_AlexNPC_Hair01,SK_AlexNPC_Hair01,SkeletalMesh,5,11191,SilverPalace/Content/ArtRes/CharRes/NPC/Class_S/AlexNPC/Role/Meshes/SK_AlexNPC_Body01_Skeleton.SK_AlexNPC_Body01_Skeleton,275
NPC/Class_S/AndersenFemale/Default,NPC,NPC/Class_S/AndersenFemale,Default,Default,Prop,SilverPalace/Content/ArtRes/CharRes/NPC/Class_S/AndersenFemale/Prop/Meshes/SK_AndersenFemale_Fairytalebook01.SK_AndersenFemale_Fairytalebook01,SK_AndersenFemale_Fairytalebook01,SkeletalMesh,5,5144,SilverPalace/Content/ArtRes/CharRes/NPC/Class_S/AndersenFemale/Prop/Meshes/SK_AndersenFemale_Fairytalebook01_Skeleton.SK_AndersenFemale_Fairytalebook01_Skeleton,35
NPC/Class_S/AndersenFemale/Default,NPC,NPC/Class_S/AndersenFemale,Default,Default,Prop,SilverPalace/Content/ArtRes/CharRes/NPC/Class_S/AndersenFemale/Prop/Meshes/SK_AndersenFemale_Inkbottle01.SK_AndersenFemale_Inkbottle01,SK_AndersenFemale_Inkbottle01,SkeletalMesh,5,4154,SilverPalace/Content/ArtRes/CharRes/NPC/Class_S/AndersenFemale/Prop/Meshes/SK_AndersenFemale_Inkbottle01_Skeleton.SK_AndersenFemale_Inkbottle01_Skeleton,9
NPC/Class_S/AndersenFemale/Default,NPC,NPC/Class_S/AndersenFemale,Default,Default,Prop,SilverPalace/Content/ArtRes/CharRes/NPC/Class_S/AndersenFemale/Prop/Meshes/SK_AndersenFemale_Quillpen01.SK_AndersenFemale_Quillpen01,SK_AndersenFemale_Quillpen01,SkeletalMesh,5,2591,SilverPalace/Content/ArtRes/CharRes/NPC/Class_S/AndersenFemale/Prop/Meshes/SK_AndersenFemale_Quillpen01_Skeleton.SK_AndersenFemale_Quillpen01_Skeleton,9
NPC/Class_S/AndersenFemale/Default,NPC,NPC/Class_S/AndersenFemale,Default,Default,Role,SilverPalace/Content/ArtRes/CharRes/NPC/Class_S/AndersenFemale/Role/Meshes/SK_AndersenFemale_Body01.SK_AndersenFemale_Body01,SK_AndersenFemale_Body01,SkeletalMesh,5,44455,SilverPalace/Content/ArtRes/CharRes/NPC/Class_S/AndersenFemale/Role/Meshes/SK_AndersenFemale_Body01_Skeleton.SK_AndersenFemale_Body01_Skeleton,351
NPC/Class_S/AndersenFemale/Default,NPC,NPC/Class_S/AndersenFemale,Default,Default,Role,SilverPalace/Content/ArtRes/CharRes/NPC/Class_S/AndersenFemale/Role/Meshes/SK_AndersenFemale_Face01.SK_AndersenFemale_Face01,SK_AndersenFemale_Face01,SkeletalMesh,5,4886,SilverPalace/Content/ArtRes/CharRes/NPC/Class_S/AndersenFemale/Role/Meshes/SK_AndersenFemale_Body01_Skeleton.SK_AndersenFemale_Body01_Skeleton,351
NPC/Class_S/AndersenFemale/Default,NPC,NPC/Class_S/AndersenFemale,Default,Default,Role,SilverPalace/Content/ArtRes/CharRes/NPC/Class_S/AndersenFemale/Role/Meshes/SK_AndersenFemale_Hair01.SK_AndersenFemale_Hair01,SK_AndersenFemale_Hair01,SkeletalMesh,5,12918,SilverPalace/Content/ArtRes/CharRes/NPC/Class_S/AndersenFemale/Role/Meshes/SK_AndersenFemale_Body01_Skeleton.SK_AndersenFemale_Body01_Skeleton,351
NPC/Class_S/AndersenFemale/Default,NPC,NPC/Class_S/AndersenFemale,Default,Default,Role,SilverPalace/Content/ArtRes/CharRes/NPC/Class_S/AndersenFemale/Role/Meshes/SK_AndersenFemale_Hat01.SK_AndersenFemale_Hat01,SK_AndersenFemale_Hat01,SkeletalMesh,5,2162,SilverPalace/Content/ArtRes/CharRes/NPC/Class_S/AndersenFemale/Role/Meshes/SK_AndersenFemale_Body01_Skeleton.SK_AndersenFemale_Body01_Skeleton,351
NPC/Class_S/AshleyFoot/Default,NPC,NPC/Class_S/AshleyFoot,Default,Default,Prop,SilverPalace/Content/ArtRes/CharRes/NPC/Class_S/AshleyFoot/Prop/Meshes/SK_AshleyFoot_Heels01.SK_AshleyFoot_Heels01,SK_AshleyFoot_Heels01,SkeletalMesh,5,17012,SilverPalace/Content/ArtRes/CharRes/NPC/Class_S/AshleyFoot/Prop/Meshes/SK_AshleyFoot_Heels01_Skeleton.SK_AshleyFoot_Heels01_Skeleton,3
NPC/Class_S/AshleyFoot/Default,NPC,NPC/Class_S/AshleyFoot,Default,Default,Prop,SilverPalace/Content/ArtRes/CharRes/NPC/Class_S/AshleyFoot/Prop/Meshes/SK_AshleyFoot_Shoe01.SK_AshleyFoot_Shoe01,SK_AshleyFoot_Shoe01,SkeletalMesh,5,1594,SilverPalace/Content/ArtRes/CharRes/NPC/Class_S/AshleyFoot/Prop/Meshes/SK_AshleyFoot_Shoe01_Skeleton.SK_AshleyFoot_Shoe01_Skeleton,3
NPC/Class_S/AshleyFoot/Default,NPC,NPC/Class_S/AshleyFoot,Default,Default,Role,SilverPalace/Content/ArtRes/CharRes/NPC/Class_S/AshleyFoot/Role/Meshes/SK_AshleyFoot_Body01.SK_AshleyFoot_Body01,SK_AshleyFoot_Body01,SkeletalMesh,5,78896,SilverPalace/Content/ArtRes/CharRes/NPC/Class_S/AshleyFoot/Role/Meshes/SK_AshleyFoot_Body01_Skeleton.SK_AshleyFoot_Body01_Skeleton,431
NPC/Class_S/AshleyFoot/Default,NPC,NPC/Class_S/AshleyFoot,Default,Default,Role,SilverPalace/Content/ArtRes/CharRes/NPC/Class_S/AshleyFoot/Role/Meshes/SK_AshleyFoot_Face01.SK_AshleyFoot_Face01,SK_AshleyFoot_Face01,SkeletalMesh,5,5116,SilverPalace/Content/ArtRes/CharRes/NPC/Class_S/AshleyFoot/Role/Meshes/SK_AshleyFoot_Body01_Skeleton.SK_AshleyFoot_Body01_Skeleton,431
NPC/Class_S/AshleyFoot/Default,NPC,NPC/Class_S/AshleyFoot,Default,Default,Role,SilverPalace/Content/ArtRes/CharRes/NPC/Class_S/AshleyFoot/Role/Meshes/SK_AshleyFoot_Hair01.SK_AshleyFoot_Hair01,SK_AshleyFoot_Hair01,SkeletalMesh,5,32304,SilverPalace/Content/ArtRes/CharRes/NPC/Class_S/AshleyFoot/Role/Meshes/SK_AshleyFoot_Body01_Skeleton.SK_AshleyFoot_Body01_Skeleton,431
NPC/Class_S/AshleyFoot/Default,NPC,NPC/Class_S/AshleyFoot,Default,Default,Role,SilverPalace/Content/ArtRes/CharRes/NPC/Class_S/AshleyFoot/Role/Meshes/SK_AshleyFoot_Hat01.SK_AshleyFoot_Hat01,SK_AshleyFoot_Hat01,SkeletalMesh,5,3406,SilverPalace/Content/ArtRes/CharRes/NPC/Class_S/AshleyFoot/Role/Meshes/SK_AshleyFoot_Body01_Skeleton.SK_AshleyFoot_Body01_Skeleton,431
NPC/Class_S/AshleyNPC/Default,NPC,NPC/Class_S/AshleyNPC,Default,Default,Role,SilverPalace/Content/ArtRes/CharRes/NPC/Class_S/AshleyNPC/Role/Meshes/SK_AshleyNPC_Body01.SK_AshleyNPC_Body01,SK_AshleyNPC_Body01,SkeletalMesh,5,63160,SilverPalace/Content/ArtRes/CharRes/NPC/Class_S/AshleyNPC/Role/Meshes/SK_AshleyNPC_Body01_Skeleton.SK_AshleyNPC_Body01_Skeleton,404
NPC/Class_S/AshleyNPC/Default,NPC,NPC/Class_S/AshleyNPC,Default,Default,Role,SilverPalace/Content/ArtRes/CharRes/NPC/Class_S/AshleyNPC/Role/Meshes/SK_AshleyNPC_Face01.SK_AshleyNPC_Face01,SK_AshleyNPC_Face01,SkeletalMesh,5,5116,SilverPalace/Content/ArtRes/CharRes/NPC/Class_S/AshleyNPC/Role/Meshes/SK_AshleyNPC_Body01_Skeleton.SK_AshleyNPC_Body01_Skeleton,404
NPC/Class_S/AshleyNPC/Default,NPC,NPC/Class_S/AshleyNPC,Default,Default,Role,SilverPalace/Content/ArtRes/CharRes/NPC/Class_S/AshleyNPC/Role/Meshes/SK_AshleyNPC_Hair01.SK_AshleyNPC_Hair01,SK_AshleyNPC_Hair01,SkeletalMesh,5,32304,SilverPalace/Content/ArtRes/CharRes/NPC/Class_S/AshleyNPC/Role/Meshes/SK_AshleyNPC_Body01_Skeleton.SK_AshleyNPC_Body01_Skeleton,404
NPC/Class_S/AshleyNPC/Default,NPC,NPC/Class_S/AshleyNPC,Default,Default,Role,SilverPalace/Content/ArtRes/CharRes/NPC/Class_S/AshleyNPC/Role/Meshes/SK_AshleyNPC_Hat01.SK_AshleyNPC_Hat01,SK_AshleyNPC_Hat01,SkeletalMesh,5,3406,SilverPalace/Content/ArtRes/CharRes/NPC/Class_S/AshleyNPC/Role/Meshes/SK_AshleyNPC_Body01_Skeleton.SK_AshleyNPC_Body01_Skeleton,404
NPC/Class_S/AshleyWorker/Default,NPC,NPC/Class_S/AshleyWorker,Default,Default,Role,SilverPalace/Content/ArtRes/CharRes/NPC/Class_S/AshleyWorker/Role/Meshes/SK_AshleyWorker_Body01.SK_AshleyWorker_Body01,SK_AshleyWorker_Body01,SkeletalMesh,5,18689,SilverPalace/Content/ArtRes/CharRes/NPC/Class_S/AshleyWorker/Role/Meshes/SK_AshleyWorker_Body01_Skeleton.SK_AshleyWorker_Body01_Skeleton,361
NPC/Class_S/AshleyWorker/Default,NPC,NPC/Class_S/AshleyWorker,Default,Default,Role,SilverPalace/Content/ArtRes/CharRes/NPC/Class_S/AshleyWorker/Role/Meshes/SK_AshleyWorker_Face01.SK_AshleyWorker_Face01,SK_AshleyWorker_Face01,SkeletalMesh,5,5116,SilverPalace/Content/ArtRes/CharRes/NPC/Class_S/AshleyWorker/Role/Meshes/SK_AshleyWorker_Body01_Skeleton.SK_AshleyWorker_Body01_Skeleton,361
NPC/Class_S/AshleyWorker/Default,NPC,NPC/Class_S/AshleyWorker,Default,Default,Role,SilverPalace/Content/ArtRes/CharRes/NPC/Class_S/AshleyWorker/Role/Meshes/SK_AshleyWorker_Hair01.SK_AshleyWorker_Hair01,SK_AshleyWorker_Hair01,SkeletalMesh,5,32304,SilverPalace/Content/ArtRes/CharRes/NPC/Class_S/AshleyWorker/Role/Meshes/SK_AshleyWorker_Body01_Skeleton.SK_AshleyWorker_Body01_Skeleton,361
NPC/Class_S/AshleyWorker/Default,NPC,NPC/Class_S/AshleyWorker,Default,Default,Role,SilverPalace/Content/ArtRes/CharRes/NPC/Class_S/AshleyWorker/Role/Meshes/SK_AshleyWorker_Hat01.SK_AshleyWorker_Hat01,SK_AshleyWorker_Hat01,SkeletalMesh,5,3406,SilverPalace/Content/ArtRes/CharRes/NPC/Class_S/AshleyWorker/Role/Meshes/SK_AshleyWorker_Body01_Skeleton.SK_AshleyWorker_Body01_Skeleton,361
NPC/Class_S/Augulia/Default,NPC,NPC/Class_S/Augulia,Default,Default,Role,SilverPalace/Content/ArtRes/CharRes/NPC/Class_S/Augulia/Role/Meshes/SK_Augulia_Body01.SK_Augulia_Body01,SK_Augulia_Body01,SkeletalMesh,5,51724,SilverPalace/Content/ArtRes/CharRes/NPC/Class_S/Augulia/Role/Meshes/SK_Augulia_Body01_Skeleton.SK_Augulia_Body01_Skeleton,324
NPC/Class_S/Augulia/Default,NPC,NPC/Class_S/Augulia,Default,Default,Role,SilverPalace/Content/ArtRes/CharRes/NPC/Class_S/Augulia/Role/Meshes/SK_Augulia_Face01.SK_Augulia_Face01,SK_Augulia_Face01,SkeletalMesh,5,4880,SilverPalace/Content/ArtRes/CharRes/NPC/Class_S/Augulia/Role/Meshes/SK_Augulia_Body01_Skeleton.SK_Augulia_Body01_Skeleton,324
NPC/Class_S/Augulia/Default,NPC,NPC/Class_S/Augulia,Default,Default,Role,SilverPalace/Content/ArtRes/CharRes/NPC/Class_S/Augulia/Role/Meshes/SK_Augulia_Hair01.SK_Augulia_Hair01,SK_Augulia_Hair01,SkeletalMesh,5,17522,SilverPalace/Content/ArtRes/CharRes/NPC/Class_S/Augulia/Role/Meshes/SK_Augulia_Body01_Skeleton.SK_Augulia_Body01_Skeleton,324
NPC/Class_S/Augulia/Default,NPC,NPC/Class_S/Augulia,Default,Default,Role,SilverPalace/Content/ArtRes/CharRes/NPC/Class_S/Augulia/Role/Meshes/SK_Augulia_Hat01.SK_Augulia_Hat01,SK_Augulia_Hat01,SkeletalMesh,5,5954,SilverPalace/Content/ArtRes/CharRes/NPC/Class_S/Augulia/Role/Meshes/SK_Augulia_Body01_Skeleton.SK_Augulia_Body01_Skeleton,324
NPC/Class_S/Bellboy/Default,NPC,NPC/Class_S/Bellboy,Default,Default,Role,SilverPalace/Content/ArtRes/CharRes/NPC/Class_S/Bellboy/Role/Meshes/SK_Bellboy_01.SK_Bellboy_01,SK_Bellboy_01,SkeletalMesh,5,39076,SilverPalace/Content/ArtRes/CharRes/NPC/Class_S/Bellboy/Role/Meshes/SK_Bellboy_01_Skeleton.SK_Bellboy_01_Skeleton,83
NPC/Class_S/Bellboy/Default,NPC,NPC/Class_S/Bellboy,Default,Default,Role,SilverPalace/Content/ArtRes/CharRes/NPC/Class_S/Bellboy/Role/Meshes/SK_Bellboy_Key_01.SK_Bellboy_Key_01,SK_Bellboy_Key_01,SkeletalMesh,5,1788,SilverPalace/Content/ArtRes/CharRes/NPC/Class_S/Bellboy/Role/Meshes/SK_Bellboy_Key_01_Skeleton.SK_Bellboy_Key_01_Skeleton,1
NPC/Class_S/Bellboy/Default,NPC,NPC/Class_S/Bellboy,Default,Default,Role,SilverPalace/Content/ArtRes/CharRes/NPC/Class_S/Bellboy/Role/Meshes/SK_Bellboy_Key_02.SK_Bellboy_Key_02,SK_Bellboy_Key_02,SkeletalMesh,5,2004,SilverPalace/Content/ArtRes/CharRes/NPC/Class_S/Bellboy/Role/Meshes/SK_Bellboy_Key_01_Skeleton.SK_Bellboy_Key_01_Skeleton,1
NPC/Class_S/Bellboy/Default,NPC,NPC/Class_S/Bellboy,Default,Default,Role,SilverPalace/Content/ArtRes/CharRes/NPC/Class_S/Bellboy/Role/Meshes/SK_Bellboy_Key_03.SK_Bellboy_Key_03,SK_Bellboy_Key_03,SkeletalMesh,5,1512,SilverPalace/Content/ArtRes/CharRes/NPC/Class_S/Bellboy/Role/Meshes/SK_Bellboy_Key_01_Skeleton.SK_Bellboy_Key_01_Skeleton,1
NPC/Class_S/BoboNPC/Default,NPC,NPC/Class_S/BoboNPC,Default,Default,Role,SilverPalace/Content/ArtRes/CharRes/NPC/Class_S/BoboNPC/Role/Meshes/SK_BoboNPC_Body01.SK_BoboNPC_Body01,SK_BoboNPC_Body01,SkeletalMesh,5,36542,SilverPalace/Content/ArtRes/CharRes/NPC/Class_S/BoboNPC/Role/Meshes/SK_BoboNPC_Body01_Skeleton.SK_BoboNPC_Body01_Skeleton,230
NPC/Class_S/BoboNPC/Default,NPC,NPC/Class_S/BoboNPC,Default,Default,Role,SilverPalace/Content/ArtRes/CharRes/NPC/Class_S/BoboNPC/Role/Meshes/SK_BoboNPC_Face01.SK_BoboNPC_Face01,SK_BoboNPC_Face01,SkeletalMesh,5,4870,SilverPalace/Content/ArtRes/CharRes/NPC/Class_S/BoboNPC/Role/Meshes/SK_BoboNPC_Body01_Skeleton.SK_BoboNPC_Body01_Skeleton,230
NPC/Class_S/BoboNPC/Default,NPC,NPC/Class_S/BoboNPC,Default,Default,Role,SilverPalace/Content/ArtRes/CharRes/NPC/Class_S/BoboNPC/Role/Meshes/SK_BoboNPC_Hair01.SK_BoboNPC_Hair01,SK_BoboNPC_Hair01,SkeletalMesh,5,5923,SilverPalace/Content/ArtRes/CharRes/NPC/Class_S/BoboNPC/Role/Meshes/SK_BoboNPC_Body01_Skeleton.SK_BoboNPC_Body01_Skeleton,230
NPC/Class_S/CaesarNPC/Default,NPC,NPC/Class_S/CaesarNPC,Default,Default,Role,SilverPalace/Content/ArtRes/CharRes/NPC/Class_S/CaesarNPC/Role/Meshes/SK_CaesarNPC_Body01.SK_CaesarNPC_Body01,SK_CaesarNPC_Body01,SkeletalMesh,5,29940,SilverPalace/Content/ArtRes/CharRes/NPC/Class_S/CaesarNPC/Role/Meshes/SK_CaesarNPC_Body01_Skeleton.SK_CaesarNPC_Body01_Skeleton,297
NPC/Class_S/CaesarNPC/Default,NPC,NPC/Class_S/CaesarNPC,Default,Default,Role,SilverPalace/Content/ArtRes/CharRes/NPC/Class_S/CaesarNPC/Role/Meshes/SK_CaesarNPC_Face01.SK_CaesarNPC_Face01,SK_CaesarNPC_Face01,SkeletalMesh,5,4098,SilverPalace/Content/ArtRes/CharRes/NPC/Class_S/CaesarNPC/Role/Meshes/SK_CaesarNPC_Body01_Skeleton.SK_CaesarNPC_Body01_Skeleton,297
NPC/Class_S/CaesarNPC/Default,NPC,NPC/Class_S/CaesarNPC,Default,Default,Role,SilverPalace/Content/ArtRes/CharRes/NPC/Class_S/CaesarNPC/Role/Meshes/SK_CaesarNPC_Hair01.SK_CaesarNPC_Hair01,SK_CaesarNPC_Hair01,SkeletalMesh,5,5473,SilverPalace/Content/ArtRes/CharRes/NPC/Class_S/CaesarNPC/Role/Meshes/SK_CaesarNPC_Body01_Skeleton.SK_CaesarNPC_Body01_Skeleton,297
NPC/Class_S/CeremoniaryMaster/Default,NPC,NPC/Class_S/CeremoniaryMaster,Default,Default,Prop,SilverPalace/Content/ArtRes/CharRes/NPC/Class_S/CeremoniaryMaster/Prop/Meshes/SK_CeremoniaryMaster_Purifyingknife01.SK_CeremoniaryMaster_Purifyingknife01,SK_CeremoniaryMaster_Purifyingknife01,SkeletalMesh,5,2420,SilverPalace/Content/ArtRes/CharRes/NPC/Class_S/CeremoniaryMaster/Prop/Meshes/SK_CeremoniaryMaster_Purifyingknife01_Skeleton.SK_CeremoniaryMaster_Purifyingknife01_Skeleton,2
NPC/Class_S/CeremoniaryMaster/Default,NPC,NPC/Class_S/CeremoniaryMaster,Default,Default,Role,SilverPalace/Content/ArtRes/CharRes/NPC/Class_S/CeremoniaryMaster/Role/Meshes/SK_CeremoniaryMaster_Body01.SK_CeremoniaryMaster_Body01,SK_CeremoniaryMaster_Body01,SkeletalMesh,5,68868,SilverPalace/Content/ArtRes/CharRes/NPC/Class_S/CeremoniaryMaster/Role/Meshes/SK_CeremoniaryMaster_Body01_Skeleton.SK_CeremoniaryMaster_Body01_Skeleton,452
NPC/Class_S/CeremoniaryMaster/Default,NPC,NPC/Class_S/CeremoniaryMaster,Default,Default,Role,SilverPalace/Content/ArtRes/CharRes/NPC/Class_S/CeremoniaryMaster/Role/Meshes/SK_CeremoniaryMaster_Face01.SK_CeremoniaryMaster_Face01,SK_CeremoniaryMaster_Face01,SkeletalMesh,5,5608,SilverPalace/Content/ArtRes/CharRes/NPC/Class_S/CeremoniaryMaster/Role/Meshes/SK_CeremoniaryMaster_Body01_Skeleton.SK_CeremoniaryMaster_Body01_Skeleton,452
NPC/Class_S/CeremoniaryMaster/Default,NPC,NPC/Class_S/CeremoniaryMaster,Default,Default,Role,SilverPalace/Content/ArtRes/CharRes/NPC/Class_S/CeremoniaryMaster/Role/Meshes/SK_CeremoniaryMaster_Hair01.SK_CeremoniaryMaster_Hair01,SK_CeremoniaryMaster_Hair01,SkeletalMesh,5,14707,SilverPalace/Content/ArtRes/CharRes/NPC/Class_S/CeremoniaryMaster/Role/Meshes/SK_CeremoniaryMaster_Body01_Skeleton.SK_CeremoniaryMaster_Body01_Skeleton,452
NPC/Class_S/Ginkgo/Default,NPC,NPC/Class_S/Ginkgo,Default,Default,Role,SilverPalace/Content/ArtRes/CharRes/NPC/Class_S/Ginkgo/Role/Meshes/SK_Ginkgo_Body01.SK_Ginkgo_Body01,SK_Ginkgo_Body01,SkeletalMesh,5,38088,SilverPalace/Content/ArtRes/CharRes/NPC/Class_S/Ginkgo/Role/Meshes/SK_Ginkgo_Body01_Skeleton.SK_Ginkgo_Body01_Skeleton,238
NPC/Class_S/Ginkgo/Default,NPC,NPC/Class_S/Ginkgo,Default,Default,Role,SilverPalace/Content/ArtRes/CharRes/NPC/Class_S/Ginkgo/Role/Meshes/SK_Ginkgo_Face01.SK_Ginkgo_Face01,SK_Ginkgo_Face01,SkeletalMesh,5,4196,SilverPalace/Content/ArtRes/CharRes/NPC/Class_S/Ginkgo/Role/Meshes/SK_Ginkgo_Body01_Skeleton.SK_Ginkgo_Body01_Skeleton,238
NPC/Class_S/Ginkgo/Default,NPC,NPC/Class_S/Ginkgo,Default,Default,Role,SilverPalace/Content/ArtRes/CharRes/NPC/Class_S/Ginkgo/Role/Meshes/SK_Ginkgo_Hair01.SK_Ginkgo_Hair01,SK_Ginkgo_Hair01,SkeletalMesh,5,7713,SilverPalace/Content/ArtRes/CharRes/NPC/Class_S/Ginkgo/Role/Meshes/SK_Ginkgo_Body01_Skeleton.SK_Ginkgo_Body01_Skeleton,238
NPC/Class_S/Ginkgo/Default,NPC,NPC/Class_S/Ginkgo,Default,Default,Role,SilverPalace/Content/ArtRes/CharRes/NPC/Class_S/Ginkgo/Role/Meshes/SK_Ginkgo_Hat01.SK_Ginkgo_Hat01,SK_Ginkgo_Hat01,SkeletalMesh,5,3124,SilverPalace/Content/ArtRes/CharRes/NPC/Class_S/Ginkgo/Role/Meshes/SK_Ginkgo_Body01_Skeleton.SK_Ginkgo_Body01_Skeleton,238
NPC/Class_S/Hunt/Default,NPC,NPC/Class_S/Hunt,Default,Default,Prop,SilverPalace/Content/ArtRes/CharRes/NPC/Class_S/Hunt/Prop/Meshes/SK_Hunt_Milkjug.SK_Hunt_Milkjug,SK_Hunt_Milkjug,SkeletalMesh,5,5680,SilverPalace/Content/ArtRes/CharRes/NPC/Class_S/Hunt/Prop/Meshes/SK_Hunt_Milkjug_Skeleton.SK_Hunt_Milkjug_Skeleton,32
NPC/Class_S/Hunt/Default,NPC,NPC/Class_S/Hunt,Default,Default,Role,SilverPalace/Content/ArtRes/CharRes/NPC/Class_S/Hunt/Role/Meshes/SK_Hunt_Body01.SK_Hunt_Body01,SK_Hunt_Body01,SkeletalMesh,5,46113,SilverPalace/Content/ArtRes/CharRes/NPC/Class_S/Hunt/Role/Meshes/SK_Hunt_Body01_Skeleton.SK_Hunt_Body01_Skeleton,275
NPC/Class_S/Hunt/Default,NPC,NPC/Class_S/Hunt,Default,Default,Role,SilverPalace/Content/ArtRes/CharRes/NPC/Class_S/Hunt/Role/Meshes/SK_Hunt_Face01.SK_Hunt_Face01,SK_Hunt_Face01,SkeletalMesh,5,4876,SilverPalace/Content/ArtRes/CharRes/NPC/Class_S/Hunt/Role/Meshes/SK_Hunt_Body01_Skeleton.SK_Hunt_Body01_Skeleton,275
NPC/Class_S/Hunt/Default,NPC,NPC/Class_S/Hunt,Default,Default,Role,SilverPalace/Content/ArtRes/CharRes/NPC/Class_S/Hunt/Role/Meshes/SK_Hunt_Hair01.SK_Hunt_Hair01,SK_Hunt_Hair01,SkeletalMesh,5,14163,SilverPalace/Content/ArtRes/CharRes/NPC/Class_S/Hunt/Role/Meshes/SK_Hunt_Body01_Skeleton.SK_Hunt_Body01_Skeleton,275
NPC/Class_S/MrWatch/Default,NPC,NPC/Class_S/MrWatch,Default,Default,Prop,SilverPalace/Content/ArtRes/CharRes/NPC/Class_S/MrWatch/Prop/Meshes/SK_MrWatch_Cane01.SK_MrWatch_Cane01,SK_MrWatch_Cane01,SkeletalMesh,5,4544,SilverPalace/Content/ArtRes/CharRes/NPC/Class_S/MrWatch/Prop/Meshes/SK_MrWatch_Cane01_Skeleton.SK_MrWatch_Cane01_Skeleton,6
NPC/Class_S/MrWatch/Default,NPC,NPC/Class_S/MrWatch,Default,Default,Prop,SilverPalace/Content/ArtRes/CharRes/NPC/Class_S/MrWatch/Prop/Meshes/SK_MrWatch_Watch01.SK_MrWatch_Watch01,SK_MrWatch_Watch01,SkeletalMesh,5,2459,SilverPalace/Content/ArtRes/CharRes/NPC/Class_S/MrWatch/Prop/Meshes/SK_MrWatch_Watch01_Skeleton.SK_MrWatch_Watch01_Skeleton,8
NPC/Class_S/MrWatch/Default,NPC,NPC/Class_S/MrWatch,Default,Default,Role,SilverPalace/Content/ArtRes/CharRes/NPC/Class_S/MrWatch/Role/Meshes/SK_MrWatch_Body01.SK_MrWatch_Body01,SK_MrWatch_Body01,SkeletalMesh,5,34898,SilverPalace/Content/ArtRes/CharRes/NPC/Class_S/MrWatch/Role/Meshes/SK_MrWatch_Body01_Skeleton.SK_MrWatch_Body01_Skeleton,309
NPC/Class_S/MrWatch/Default,NPC,NPC/Class_S/MrWatch,Default,Default,Role,SilverPalace/Content/ArtRes/CharRes/NPC/Class_S/MrWatch/Role/Meshes/SK_MrWatch_Face01.SK_MrWatch_Face01,SK_MrWatch_Face01,SkeletalMesh,5,6618,SilverPalace/Content/ArtRes/CharRes/NPC/Class_S/MrWatch/Role/Meshes/SK_MrWatch_Body01_Skeleton.SK_MrWatch_Body01_Skeleton,309
NPC/Class_S/MrWatch/Default,NPC,NPC/Class_S/MrWatch,Default,Default,Role,SilverPalace/Content/ArtRes/CharRes/NPC/Class_S/MrWatch/Role/Meshes/SK_MrWatch_Hair01.SK_MrWatch_Hair01,SK_MrWatch_Hair01,SkeletalMesh,5,7112,SilverPalace/Content/ArtRes/CharRes/NPC/Class_S/MrWatch/Role/Meshes/SK_MrWatch_Body01_Skeleton.SK_MrWatch_Body01_Skeleton,309
NPC/Class_S/MrWatch/Default,NPC,NPC/Class_S/MrWatch,Default,Default,Role,SilverPalace/Content/ArtRes/CharRes/NPC/Class_S/MrWatch/Role/Meshes/SK_MrWatch_Hat01.SK_MrWatch_Hat01,SK_MrWatch_Hat01,SkeletalMesh,5,1452,SilverPalace/Content/ArtRes/CharRes/NPC/Class_S/MrWatch/Role/Meshes/SK_MrWatch_Body01_Skeleton.SK_MrWatch_Body01_Skeleton,309
NPC/Class_S/MrsCosmos/Default,NPC,NPC/Class_S/MrsCosmos,Default,Default,Role,SilverPalace/Content/ArtRes/CharRes/NPC/Class_S/MrsCosmos/Role/Meshes/SK_MrsCosmos_Body01.SK_MrsCosmos_Body01,SK_MrsCosmos_Body01,SkeletalMesh,5,40420,SilverPalace/Content/ArtRes/CharRes/NPC/Class_S/MrsCosmos/Role/Meshes/SK_MrsCosmos_Body01_Skeleton.SK_MrsCosmos_Body01_Skeleton,310
NPC/Class_S/MrsCosmos/Default,NPC,NPC/Class_S/MrsCosmos,Default,Default,Role,SilverPalace/Content/ArtRes/CharRes/NPC/Class_S/MrsCosmos/Role/Meshes/SK_MrsCosmos_Face01.SK_MrsCosmos_Face01,SK_MrsCosmos_Face01,SkeletalMesh,5,4682,SilverPalace/Content/ArtRes/CharRes/NPC/Class_S/MrsCosmos/Role/Meshes/SK_MrsCosmos_Body01_Skeleton.SK_MrsCosmos_Body01_Skeleton,310
NPC/Class_S/MrsCosmos/Default,NPC,NPC/Class_S/MrsCosmos,Default,Default,Role,SilverPalace/Content/ArtRes/CharRes/NPC/Class_S/MrsCosmos/Role/Meshes/SK_MrsCosmos_Hair01.SK_MrsCosmos_Hair01,SK_MrsCosmos_Hair01,SkeletalMesh,5,13566,SilverPalace/Content/ArtRes/CharRes/NPC/Class_S/MrsCosmos/Role/Meshes/SK_MrsCosmos_Body01_Skeleton.SK_MrsCosmos_Body01_Skeleton,310
NPC/Class_S/MrsCosmos/Default,NPC,NPC/Class_S/MrsCosmos,Default,Default,Role,SilverPalace/Content/ArtRes/CharRes/NPC/Class_S/MrsCosmos/Role/Meshes/SK_MrsCosmos_Hat01.SK_MrsCosmos_Hat01,SK_MrsCosmos_Hat01,SkeletalMesh,5,2122,SilverPalace/Content/ArtRes/CharRes/NPC/Class_S/MrsCosmos/Role/Meshes/SK_MrsCosmos_Body01_Skeleton.SK_MrsCosmos_Body01_Skeleton,310
NPC/Class_S/MyBarley/Default,NPC,NPC/Class_S/MyBarley,Default,Default,Role,SilverPalace/Content/ArtRes/CharRes/NPC/Class_S/MyBarley/Role/Meshes/SK_MyBarley_Body01.SK_MyBarley_Body01,SK_MyBarley_Body01,SkeletalMesh,5,25022,SilverPalace/Content/ArtRes/CharRes/NPC/Class_S/MyBarley/Role/Meshes/SK_MyBarley_Body01_Skeleton.SK_MyBarley_Body01_Skeleton,207
NPC/Class_S/Toxic/Default,NPC,NPC/Class_S/Toxic,Default,Default,Role,SilverPalace/Content/ArtRes/CharRes/NPC/Class_S/Toxic/Role/Meshes/SK_Toxic_Body01.SK_Toxic_Body01,SK_Toxic_Body01,SkeletalMesh,5,41740,SilverPalace/Content/ArtRes/CharRes/NPC/Class_S/Toxic/Role/Meshes/SK_Toxic_Body01_Skeleton.SK_Toxic_Body01_Skeleton,346
NPC/Class_S/Toxic/Default,NPC,NPC/Class_S/Toxic,Default,Default,Role,SilverPalace/Content/ArtRes/CharRes/NPC/Class_S/Toxic/Role/Meshes/SK_Toxic_Face01.SK_Toxic_Face01,SK_Toxic_Face01,SkeletalMesh,5,4726,SilverPalace/Content/ArtRes/CharRes/NPC/Class_S/Toxic/Role/Meshes/SK_Toxic_Body01_Skeleton.SK_Toxic_Body01_Skeleton,346
NPC/Class_S/Toxic/Default,NPC,NPC/Class_S/Toxic,Default,Default,Role,SilverPalace/Content/ArtRes/CharRes/NPC/Class_S/Toxic/Role/Meshes/SK_Toxic_Hair01.SK_Toxic_Hair01,SK_Toxic_Hair01,SkeletalMesh,5,13312,SilverPalace/Content/ArtRes/CharRes/NPC/Class_S/Toxic/Role/Meshes/SK_Toxic_Body01_Skeleton.SK_Toxic_Body01_Skeleton,346
NPC/Class_S/Toxic/Default,NPC,NPC/Class_S/Toxic,Default,Default,Role,SilverPalace/Content/ArtRes/CharRes/NPC/Class_S/Toxic/Role/Meshes/SK_Toxic_Hat01.SK_Toxic_Hat01,SK_Toxic_Hat01,SkeletalMesh,5,6696,SilverPalace/Content/ArtRes/CharRes/NPC/Class_S/Toxic/Role/Meshes/SK_Toxic_Body01_Skeleton.SK_Toxic_Body01_Skeleton,346
