mesh_path,mesh_name,mesh_class,exclusion_reason
SilverPalace/Content/ArtRes/EnvRes/BreakableAssets/Chaos/ParticleMesh/GC_Gen_Prop_Sign_Road_A_Merge_Metal_04_FX1_SM_100__100_.GC_Gen_Prop_Sign_Road_A_Merge_Metal_04_FX1_SM_100__100_,GC_Gen_Prop_Sign_Road_A_Merge_Metal_04_FX1_SM_100__100_,StaticMesh,占位/白盒/破碎测试
SilverPalace/Content/ArtRes/EnvRes/BreakableAssets/Chaos/ParticleMesh/GC_Gen_Prop_Sign_Road_A_Merge_Metal_04_FX1_SM_100__49_.GC_Gen_Prop_Sign_Road_A_Merge_Metal_04_FX1_SM_100__49_,GC_Gen_Prop_Sign_Road_A_Merge_Metal_04_FX1_SM_100__49_,StaticMesh,占位/白盒/破碎测试
SilverPalace/Content/ArtRes/EnvRes/BreakableAssets/Chaos/ParticleMesh/GC_Gen_Prop_Sign_Road_A_Merge_Metal_04_FX1_SM_100__77_.GC_Gen_Prop_Sign_Road_A_Merge_Metal_04_FX1_SM_100__77_,GC_Gen_Prop_Sign_Road_A_Merge_Metal_04_FX1_SM_100__77_,StaticMesh,占位/白盒/破碎测试
SilverPalace/Content/ArtRes/EnvRes/BreakableAssets/Chaos/ParticleMesh/GC_SM_PD_Box_Paper_A_Close_2_SM_25_.GC_SM_PD_Box_Paper_A_Close_2_SM_25_,GC_SM_PD_Box_Paper_A_Close_2_SM_25_,StaticMesh,占位/白盒/破碎测试
SilverPalace/Content/ArtRes/EnvRes/BreakableAssets/Chaos/ParticleMesh/GC_SM_PD_Box_Paper_A_Close_2_SM_6_.GC_SM_PD_Box_Paper_A_Close_2_SM_6_,GC_SM_PD_Box_Paper_A_Close_2_SM_6_,StaticMesh,占位/白盒/破碎测试
SilverPalace/Content/ArtRes/EnvRes/BreakableAssets/Chaos/ParticleMesh/GC_SM_PD_Box_Paper_A_Close_2_SM_9_.GC_SM_PD_Box_Paper_A_Close_2_SM_9_,GC_SM_PD_Box_Paper_A_Close_2_SM_9_,StaticMesh,占位/白盒/破碎测试
SilverPalace/Content/ArtRes/EnvRes/BreakableAssets/Chaos/ParticleMesh/GC_SM_PD_Dustbin_Street_A_Metal_2_SM_44_.GC_SM_PD_Dustbin_Street_A_Metal_2_SM_44_,GC_SM_PD_Dustbin_Street_A_Metal_2_SM_44_,StaticMesh,占位/白盒/破碎测试
SilverPalace/Content/ArtRes/EnvRes/BreakableAssets/Chaos/Static/GC_Prop_Sign_Road_A_Merge_Metal_04_FX2_SM_26_.GC_Prop_Sign_Road_A_Merge_Metal_04_FX2_SM_26_,GC_Prop_Sign_Road_A_Merge_Metal_04_FX2_SM_26_,StaticMesh,占位/白盒/破碎测试
SilverPalace/Content/ArtRes/EnvRes/BreakableAssets/Chaos/Static/GC_SM_Gen_Prop_Sign_Road_A_Merge_Metal_01_FX_SM_10_.GC_SM_Gen_Prop_Sign_Road_A_Merge_Metal_01_FX_SM_10_,GC_SM_Gen_Prop_Sign_Road_A_Merge_Metal_01_FX_SM_10_,StaticMesh,占位/白盒/破碎测试
SilverPalace/Content/ArtRes/EnvRes/BreakableAssets/Chaos/Static/GC_SM_Gen_Prop_Sign_Road_A_Merge_Metal_02_FX_SM_34_.GC_SM_Gen_Prop_Sign_Road_A_Merge_Metal_02_FX_SM_34_,GC_SM_Gen_Prop_Sign_Road_A_Merge_Metal_02_FX_SM_34_,StaticMesh,占位/白盒/破碎测试
SilverPalace/Content/ArtRes/EnvRes/BreakableAssets/Chaos/Static/GC_SM_Gen_Prop_Sign_Road_A_Merge_Metal_03_FX_SM_34_.GC_SM_Gen_Prop_Sign_Road_A_Merge_Metal_03_FX_SM_34_,GC_SM_Gen_Prop_Sign_Road_A_Merge_Metal_03_FX_SM_34_,StaticMesh,占位/白盒/破碎测试
SilverPalace/Content/ArtRes/EnvRes/Dungeon/Airship/In/Dungeon_Airship_In_BanquetHall/Proxy/Trigger/Trigger_Dungeon_Airship_03.Trigger_Dungeon_Airship_03,Trigger_Dungeon_Airship_03,StaticMesh,碰撞/代理
SilverPalace/Content/ArtRes/EnvRes/Dungeon/Decal/Meshes/SM_Decal_Plane.SM_Decal_Plane,SM_Decal_Plane,StaticMesh,贴花
SilverPalace/Content/ArtRes/EnvRes/Dungeon/Decal/Meshes/SM_Dun_Decal_Plane_A01.SM_Dun_Decal_Plane_A01,SM_Dun_Decal_Plane_A01,StaticMesh,贴花
SilverPalace/Content/ArtRes/EnvRes/GenericAsset/Decal/Decorate/Gen_Decal_Decorate_Aura/Meshes/SM_Gen_Decal_Decorate_Aura_A_Streamer_Wood_01.SM_Gen_Decal_Decorate_Aura_A_Streamer_Wood_01,SM_Gen_Decal_Decorate_Aura_A_Streamer_Wood_01,StaticMesh,贴花
SilverPalace/Content/ArtRes/EnvRes/GenericAsset/Decal/Decorate/Gen_Decal_Decorate_Aura/Meshes/SM_Gen_Decal_Decorate_Aura_A_Streamer_Wood_02.SM_Gen_Decal_Decorate_Aura_A_Streamer_Wood_02,SM_Gen_Decal_Decorate_Aura_A_Streamer_Wood_02,StaticMesh,贴花
SilverPalace/Content/ArtRes/EnvRes/GenericAsset/Decal/Decorate/Gen_Decal_Decorate_Aura/Meshes/SM_Gen_Decal_Decorate_Aura_A_Streamer_Wood_03.SM_Gen_Decal_Decorate_Aura_A_Streamer_Wood_03,SM_Gen_Decal_Decorate_Aura_A_Streamer_Wood_03,StaticMesh,贴花
SilverPalace/Content/ArtRes/EnvRes/GenericAsset/Decal/Decorate/Gen_Decal_Decorate_Corrosion/Meshes/SM_Gen_Decal_Decorate_Corrosion_A_Merge_Wood_01.SM_Gen_Decal_Decorate_Corrosion_A_Merge_Wood_01,SM_Gen_Decal_Decorate_Corrosion_A_Merge_Wood_01,StaticMesh,贴花
SilverPalace/Content/ArtRes/EnvRes/GenericAsset/Decal/Graffiti/Gen_Decal_Graffiti_Decryption/Meshes/SM_Gen_Decal_Graffiti_Decryption_A_Digital_Stone_01.SM_Gen_Decal_Graffiti_Decryption_A_Digital_Stone_01,SM_Gen_Decal_Graffiti_Decryption_A_Digital_Stone_01,StaticMesh,贴花
SilverPalace/Content/ArtRes/EnvRes/GenericAsset/Foliage/Yard/Gen_Foliage_Yard_Ivy/Proxy/Lumen/Lumen_Gen_Foliage_Yard_Ivy_A_Merge_Wood_01.Lumen_Gen_Foliage_Yard_Ivy_A_Merge_Wood_01,Lumen_Gen_Foliage_Yard_Ivy_A_Merge_Wood_01,StaticMesh,碰撞/代理
SilverPalace/Content/ArtRes/EnvRes/GenericAsset/Foliage/Yard/Gen_Foliage_Yard_Ivy/Proxy/Lumen/Lumen_Gen_Foliage_Yard_Ivy_A_Merge_Wood_04.Lumen_Gen_Foliage_Yard_Ivy_A_Merge_Wood_04,Lumen_Gen_Foliage_Yard_Ivy_A_Merge_Wood_04,StaticMesh,碰撞/代理
SilverPalace/Content/ArtRes/EnvRes/GenericAsset/Foliage/Yard/Gen_Foliage_Yard_Ivy/Proxy/Lumen/Lumen_Gen_Foliage_Yard_Ivy_A_Merge_Wood_05.Lumen_Gen_Foliage_Yard_Ivy_A_Merge_Wood_05,Lumen_Gen_Foliage_Yard_Ivy_A_Merge_Wood_05,StaticMesh,碰撞/代理
SilverPalace/Content/ArtRes/EnvRes/GenericAsset/Foliage/Yard/Gen_Foliage_Yard_Ivy/Proxy/Lumen/Lumen_Gen_Foliage_Yard_Lvy_B_Merge_Wood_01.Lumen_Gen_Foliage_Yard_Lvy_B_Merge_Wood_01,Lumen_Gen_Foliage_Yard_Lvy_B_Merge_Wood_01,StaticMesh,碰撞/代理
SilverPalace/Content/ArtRes/EnvRes/GenericAsset/Foliage/Yard/Gen_Foliage_Yard_Ivy/Proxy/Lumen/Lumen_Gen_Foliage_Yard_Lvy_B_Merge_Wood_02.Lumen_Gen_Foliage_Yard_Lvy_B_Merge_Wood_02,Lumen_Gen_Foliage_Yard_Lvy_B_Merge_Wood_02,StaticMesh,碰撞/代理
SilverPalace/Content/ArtRes/EnvRes/GenericAsset/Foliage/Yard/Gen_Foliage_Yard_Ivy/Proxy/Lumen/Lumen_Gen_Foliage_Yard_Lvy_B_Merge_Wood_03.Lumen_Gen_Foliage_Yard_Lvy_B_Merge_Wood_03,Lumen_Gen_Foliage_Yard_Lvy_B_Merge_Wood_03,StaticMesh,碰撞/代理
SilverPalace/Content/ArtRes/EnvRes/GenericAsset/Foliage/Yard/Gen_Foliage_Yard_Ivy/Proxy/Lumen/Lumen_Gen_Foliage_Yard_Lvy_B_Merge_Wood_04.Lumen_Gen_Foliage_Yard_Lvy_B_Merge_Wood_04,Lumen_Gen_Foliage_Yard_Lvy_B_Merge_Wood_04,StaticMesh,碰撞/代理
SilverPalace/Content/ArtRes/EnvRes/GenericAsset/Foliage/Yard/Gen_Foliage_Yard_Ivy/Proxy/Lumen/Lumen_Gen_Foliage_Yard_Lvy_B_Merge_Wood_05.Lumen_Gen_Foliage_Yard_Lvy_B_Merge_Wood_05,Lumen_Gen_Foliage_Yard_Lvy_B_Merge_Wood_05,StaticMesh,碰撞/代理
SilverPalace/Content/ArtRes/EnvRes/GenericAsset/Foliage/Yard/Gen_Foliage_Yard_Ivy/Proxy/Lumen/Lumen_Gen_Foliage_Yard_Lvy_B_Merge_Wood_07.Lumen_Gen_Foliage_Yard_Lvy_B_Merge_Wood_07,Lumen_Gen_Foliage_Yard_Lvy_B_Merge_Wood_07,StaticMesh,碰撞/代理
SilverPalace/Content/ArtRes/EnvRes/GenericAsset/Foliage/Yard/Gen_Foliage_Yard_Ivy/Proxy/Lumen/Lumen_Gen_Foliage_Yard_Lvy_B_Merge_Wood_08.Lumen_Gen_Foliage_Yard_Lvy_B_Merge_Wood_08,Lumen_Gen_Foliage_Yard_Lvy_B_Merge_Wood_08,StaticMesh,碰撞/代理
SilverPalace/Content/ArtRes/EnvRes/GenericAsset/Prop/Decal/Gen_Prop_Decal_Leaves/Meshes/SM_Gen_Prop_Decal_Leaves_A_Leafpile_Plants_01.SM_Gen_Prop_Decal_Leaves_A_Leafpile_Plants_01,SM_Gen_Prop_Decal_Leaves_A_Leafpile_Plants_01,StaticMesh,贴花
SilverPalace/Content/ArtRes/EnvRes/GenericAsset/Prop/Decal/Gen_Prop_Decal_Leaves/Meshes/SM_Gen_Prop_Decal_Leaves_A_Leafpile_Plants_02.SM_Gen_Prop_Decal_Leaves_A_Leafpile_Plants_02,SM_Gen_Prop_Decal_Leaves_A_Leafpile_Plants_02,StaticMesh,贴花
SilverPalace/Content/ArtRes/EnvRes/GenericAsset/Prop/Decal/Gen_Prop_Decal_Leaves/Meshes/SM_Gen_Prop_Decal_Leaves_A_Leafpile_Plants_03.SM_Gen_Prop_Decal_Leaves_A_Leafpile_Plants_03,SM_Gen_Prop_Decal_Leaves_A_Leafpile_Plants_03,StaticMesh,贴花
SilverPalace/Content/ArtRes/EnvRes/GenericAsset/Terrain/Nature/Gen_Terrain_Nature_Cliff/Meshes/Collision/SM_Gen_Terrain_Nature_Cliff_A_Rock_Stone_01_Col.SM_Gen_Terrain_Nature_Cliff_A_Rock_Stone_01_Col,SM_Gen_Terrain_Nature_Cliff_A_Rock_Stone_01_Col,StaticMesh,碰撞/代理
SilverPalace/Content/ArtRes/EnvRes/GenericAsset/Terrain/Nature/Gen_Terrain_Nature_Cliff/Meshes/Collision/SM_Gen_Terrain_Nature_Cliff_A_Rock_Stone_03_Col.SM_Gen_Terrain_Nature_Cliff_A_Rock_Stone_03_Col,SM_Gen_Terrain_Nature_Cliff_A_Rock_Stone_03_Col,StaticMesh,碰撞/代理
SilverPalace/Content/ArtRes/EnvRes/GenericAsset/Terrain/Nature/Gen_Terrain_Nature_Cliff/Meshes/Collision/SM_Gen_Terrain_Nature_Cliff_A_Rock_Stone_05_Col.SM_Gen_Terrain_Nature_Cliff_A_Rock_Stone_05_Col,SM_Gen_Terrain_Nature_Cliff_A_Rock_Stone_05_Col,StaticMesh,碰撞/代理
SilverPalace/Content/ArtRes/EnvRes/GenericAsset/Terrain/Nature/Gen_Terrain_Nature_Cliff/Meshes/Collision/SM_Gen_Terrain_Nature_Cliff_A_Rock_Stone_06_Col.SM_Gen_Terrain_Nature_Cliff_A_Rock_Stone_06_Col,SM_Gen_Terrain_Nature_Cliff_A_Rock_Stone_06_Col,StaticMesh,碰撞/代理
SilverPalace/Content/ArtRes/EnvRes/GenericAsset/Terrain/Nature/Gen_Terrain_Nature_Cliff/Meshes/Collision/SM_Gen_Terrain_Nature_Cliff_A_Rock_Stone_07_Col.SM_Gen_Terrain_Nature_Cliff_A_Rock_Stone_07_Col,SM_Gen_Terrain_Nature_Cliff_A_Rock_Stone_07_Col,StaticMesh,碰撞/代理
SilverPalace/Content/ArtRes/EnvRes/Interaction/Generic/NPC/Int_Gen_FountainPen/Meshes/SK_Int_Gen_NPC_FountainPen_A_Metal_01_WorkFile.SK_Int_Gen_NPC_FountainPen_A_Metal_01_WorkFile,SK_Int_Gen_NPC_FountainPen_A_Metal_01_WorkFile,SkeletalMesh,技术命名
SilverPalace/Content/ArtRes/EnvRes/Interaction/Generic/Puzzle/Int_Gen_MazeWall/Meshes/Collision/SM_Int_Gen_Puzzle_MazeWall_A_Metal_02_Wall_Col.SM_Int_Gen_Puzzle_MazeWall_A_Metal_02_Wall_Col,SM_Int_Gen_Puzzle_MazeWall_A_Metal_02_Wall_Col,StaticMesh,碰撞/代理
SilverPalace/Content/ArtRes/EnvRes/Interaction/Generic/Puzzle/Int_Gen_MazeWall/Meshes/Collision/SM_Int_Gen_Puzzle_MazeWall_A_Metal_04_Wall_Col.SM_Int_Gen_Puzzle_MazeWall_A_Metal_04_Wall_Col,SM_Int_Gen_Puzzle_MazeWall_A_Metal_04_Wall_Col,StaticMesh,碰撞/代理
SilverPalace/Content/ArtRes/EnvRes/Interaction/Generic/Puzzle/Int_Gen_MazeWall/Meshes/Collision/SM_Int_Gen_Puzzle_MazeWall_A_Metal_05_Wall_Col.SM_Int_Gen_Puzzle_MazeWall_A_Metal_05_Wall_Col,SM_Int_Gen_Puzzle_MazeWall_A_Metal_05_Wall_Col,StaticMesh,碰撞/代理
SilverPalace/Content/ArtRes/EnvRes/Interaction/Generic/Puzzle/Int_Gen_MazeWall/Meshes/Collision/SM_Int_Gen_Puzzle_MazeWall_A_Metal_06_Wall_Col.SM_Int_Gen_Puzzle_MazeWall_A_Metal_06_Wall_Col,SM_Int_Gen_Puzzle_MazeWall_A_Metal_06_Wall_Col,StaticMesh,碰撞/代理
SilverPalace/Content/ArtRes/EnvRes/Interaction/Generic/Puzzle/Int_Gen_MazeWall/Meshes/Collision/SM_Int_Gen_Puzzle_MazeWall_A_Metal_07_Wall_Col.SM_Int_Gen_Puzzle_MazeWall_A_Metal_07_Wall_Col,SM_Int_Gen_Puzzle_MazeWall_A_Metal_07_Wall_Col,StaticMesh,碰撞/代理
SilverPalace/Content/ArtRes/EnvRes/Interaction/Generic/Puzzle/Int_Gen_MazeWall/Meshes/Collision/SM_Int_Gen_Puzzle_MazeWall_A_Metal_08_Wall_Col.SM_Int_Gen_Puzzle_MazeWall_A_Metal_08_Wall_Col,SM_Int_Gen_Puzzle_MazeWall_A_Metal_08_Wall_Col,StaticMesh,碰撞/代理
SilverPalace/Content/ArtRes/EnvRes/Interaction/Generic/Puzzle/Int_Gen_MazeWall/Meshes/Collision/SM_Int_Gen_Puzzle_MazeWall_B_Metal_01_Wall_Col.SM_Int_Gen_Puzzle_MazeWall_B_Metal_01_Wall_Col,SM_Int_Gen_Puzzle_MazeWall_B_Metal_01_Wall_Col,StaticMesh,碰撞/代理
SilverPalace/Content/ArtRes/EnvRes/Interaction/Generic/Puzzle/Int_Gen_MazeWall/Meshes/Collision/SM_Int_Gen_Puzzle_MazeWall_B_Metal_02_Wall_Col.SM_Int_Gen_Puzzle_MazeWall_B_Metal_02_Wall_Col,SM_Int_Gen_Puzzle_MazeWall_B_Metal_02_Wall_Col,StaticMesh,碰撞/代理
SilverPalace/Content/ArtRes/EnvRes/Interaction/Generic/Puzzle/Int_Gen_MazeWall/Meshes/Collision/SM_Int_Gen_Puzzle_MazeWall_B_Metal_05_Wall_Col.SM_Int_Gen_Puzzle_MazeWall_B_Metal_05_Wall_Col,SM_Int_Gen_Puzzle_MazeWall_B_Metal_05_Wall_Col,StaticMesh,碰撞/代理
SilverPalace/Content/ArtRes/EnvRes/Interaction/Generic/Puzzle/Int_Gen_MazeWall/Meshes/Collision/SM_Int_Gen_Puzzle_MazeWall_B_Metal_06_Wall_Col.SM_Int_Gen_Puzzle_MazeWall_B_Metal_06_Wall_Col,SM_Int_Gen_Puzzle_MazeWall_B_Metal_06_Wall_Col,StaticMesh,碰撞/代理
SilverPalace/Content/ArtRes/EnvRes/Interaction/Generic/Puzzle/Int_Gen_MazeWall/Meshes/Collision/SM_Int_Gen_Puzzle_MazeWall_B_Metal_07_Wall_Col.SM_Int_Gen_Puzzle_MazeWall_B_Metal_07_Wall_Col,SM_Int_Gen_Puzzle_MazeWall_B_Metal_07_Wall_Col,StaticMesh,碰撞/代理
SilverPalace/Content/ArtRes/EnvRes/Interaction/Generic/Puzzle/Int_Gen_MazeWall/Meshes/Collision/SM_Int_Gen_Puzzle_MazeWall_B_Metal_10_Wall_Col.SM_Int_Gen_Puzzle_MazeWall_B_Metal_10_Wall_Col,SM_Int_Gen_Puzzle_MazeWall_B_Metal_10_Wall_Col,StaticMesh,碰撞/代理
SilverPalace/Content/ArtRes/EnvRes/Interaction/Generic/Puzzle/Int_Gen_MazeWall/Meshes/Collision/SM_Int_Gen_Puzzle_MazeWall_B_Metal_11_Wall_Col.SM_Int_Gen_Puzzle_MazeWall_B_Metal_11_Wall_Col,SM_Int_Gen_Puzzle_MazeWall_B_Metal_11_Wall_Col,StaticMesh,碰撞/代理
SilverPalace/Content/ArtRes/EnvRes/Interaction/Generic/Puzzle/Int_Gen_MazeWall/Meshes/Collision/SM_Int_Gen_Puzzle_MazeWall_B_Metal_12_Wall_Col.SM_Int_Gen_Puzzle_MazeWall_B_Metal_12_Wall_Col,SM_Int_Gen_Puzzle_MazeWall_B_Metal_12_Wall_Col,StaticMesh,碰撞/代理
SilverPalace/Content/ArtRes/EnvRes/Interaction/Generic/Puzzle/Int_Gen_MazeWall/Meshes/Collision/SM_Int_Gen_Puzzle_MazeWall_B_Metal_13_Wall_Col.SM_Int_Gen_Puzzle_MazeWall_B_Metal_13_Wall_Col,SM_Int_Gen_Puzzle_MazeWall_B_Metal_13_Wall_Col,StaticMesh,碰撞/代理
SilverPalace/Content/ArtRes/EnvRes/Interaction/Generic/Puzzle/Int_Gen_MazeWall/Meshes/Collision/SM_Int_Gen_Puzzle_MazeWall_B_Metal_14_Wall_Col.SM_Int_Gen_Puzzle_MazeWall_B_Metal_14_Wall_Col,SM_Int_Gen_Puzzle_MazeWall_B_Metal_14_Wall_Col,StaticMesh,碰撞/代理
SilverPalace/Content/ArtRes/EnvRes/Interaction/Generic/Puzzle/Int_Gen_MazeWall/Meshes/Collision/SM_Int_Gen_Puzzle_MazeWall_B_Metal_15_Wall_Col.SM_Int_Gen_Puzzle_MazeWall_B_Metal_15_Wall_Col,SM_Int_Gen_Puzzle_MazeWall_B_Metal_15_Wall_Col,StaticMesh,碰撞/代理
SilverPalace/Content/ArtRes/EnvRes/Interaction/Generic/Puzzle/Int_Gen_MazeWall/Meshes/Collision/SM_Int_Gen_Puzzle_MazeWall_B_Metal_16_Wall_Col.SM_Int_Gen_Puzzle_MazeWall_B_Metal_16_Wall_Col,SM_Int_Gen_Puzzle_MazeWall_B_Metal_16_Wall_Col,StaticMesh,碰撞/代理
SilverPalace/Content/ArtRes/EnvRes/Interaction/Generic/Puzzle/Int_Gen_MazeWall/Meshes/Collision/SM_Int_Gen_Puzzle_MazeWall_B_Metal_17_Wall_Col.SM_Int_Gen_Puzzle_MazeWall_B_Metal_17_Wall_Col,SM_Int_Gen_Puzzle_MazeWall_B_Metal_17_Wall_Col,StaticMesh,碰撞/代理
SilverPalace/Content/ArtRes/EnvRes/Interaction/Generic/Puzzle/Int_Gen_MazeWall/Meshes/Collision/SM_Int_Gen_Puzzle_MazeWall_B_Metal_18_Wall_Col.SM_Int_Gen_Puzzle_MazeWall_B_Metal_18_Wall_Col,SM_Int_Gen_Puzzle_MazeWall_B_Metal_18_Wall_Col,StaticMesh,碰撞/代理
SilverPalace/Content/ArtRes/EnvRes/Interaction/Generic/Puzzle/Int_Gen_MazeWall/Meshes/Collision/SM_Int_Gen_Puzzle_MazeWall_B_Metal_19_Wall_Col.SM_Int_Gen_Puzzle_MazeWall_B_Metal_19_Wall_Col,SM_Int_Gen_Puzzle_MazeWall_B_Metal_19_Wall_Col,StaticMesh,碰撞/代理
SilverPalace/Content/ArtRes/EnvRes/Interaction/Generic/Puzzle/Int_Gen_MazeWall/Meshes/Collision/SM_Int_Gen_Puzzle_MazeWall_B_Metal_20_Wall_Col.SM_Int_Gen_Puzzle_MazeWall_B_Metal_20_Wall_Col,SM_Int_Gen_Puzzle_MazeWall_B_Metal_20_Wall_Col,StaticMesh,碰撞/代理
SilverPalace/Content/ArtRes/EnvRes/Interaction/Generic/Puzzle/Int_Gen_MazeWall/Meshes/Collision/SM_Int_Gen_Puzzle_MazeWall_B_Metal_21_Wall_Col.SM_Int_Gen_Puzzle_MazeWall_B_Metal_21_Wall_Col,SM_Int_Gen_Puzzle_MazeWall_B_Metal_21_Wall_Col,StaticMesh,碰撞/代理
SilverPalace/Content/ArtRes/EnvRes/Interaction/Generic/Puzzle/Int_Gen_MazeWall/Meshes/Collision/SM_Int_Gen_Puzzle_MazeWall_B_Metal_22_Wall_Col.SM_Int_Gen_Puzzle_MazeWall_B_Metal_22_Wall_Col,SM_Int_Gen_Puzzle_MazeWall_B_Metal_22_Wall_Col,StaticMesh,碰撞/代理
SilverPalace/Content/ArtRes/EnvRes/Interaction/Generic/Puzzle/Int_Gen_MazeWall/Meshes/Collision/SM_Int_Gen_Puzzle_MazeWall_B_Metal_23_Wall_Col.SM_Int_Gen_Puzzle_MazeWall_B_Metal_23_Wall_Col,SM_Int_Gen_Puzzle_MazeWall_B_Metal_23_Wall_Col,StaticMesh,碰撞/代理
SilverPalace/Content/ArtRes/EnvRes/Interaction/Generic/Puzzle/Int_Gen_MazeWall/Meshes/Collision/SM_Int_Gen_Puzzle_MazeWall_B_Metal_24_Wall_Col.SM_Int_Gen_Puzzle_MazeWall_B_Metal_24_Wall_Col,SM_Int_Gen_Puzzle_MazeWall_B_Metal_24_Wall_Col,StaticMesh,碰撞/代理
SilverPalace/Content/ArtRes/EnvRes/Interaction/Generic/Puzzle/Int_Gen_MazeWall/Meshes/Collision/SM_Int_Gen_Puzzle_MazeWall_B_Metal_25_Wall_Col.SM_Int_Gen_Puzzle_MazeWall_B_Metal_25_Wall_Col,SM_Int_Gen_Puzzle_MazeWall_B_Metal_25_Wall_Col,StaticMesh,碰撞/代理
SilverPalace/Content/ArtRes/EnvRes/Interaction/Generic/Puzzle/Int_Gen_MazeWall/Meshes/Collision/SM_Int_Gen_Puzzle_MazeWall_B_Metal_26_Wall_Col.SM_Int_Gen_Puzzle_MazeWall_B_Metal_26_Wall_Col,SM_Int_Gen_Puzzle_MazeWall_B_Metal_26_Wall_Col,StaticMesh,碰撞/代理
SilverPalace/Content/ArtRes/EnvRes/Interaction/Generic/Puzzle/Int_Gen_MazeWall/Meshes/Collision/SM_Int_Gen_Puzzle_MazeWall_B_Metal_27_Wall_Col.SM_Int_Gen_Puzzle_MazeWall_B_Metal_27_Wall_Col,SM_Int_Gen_Puzzle_MazeWall_B_Metal_27_Wall_Col,StaticMesh,碰撞/代理
SilverPalace/Content/ArtRes/EnvRes/Interaction/Generic/Puzzle/Int_Gen_MazeWall/Meshes/Collision/SM_Int_Gen_Puzzle_MazeWall_B_Metal_28_Wall_Col.SM_Int_Gen_Puzzle_MazeWall_B_Metal_28_Wall_Col,SM_Int_Gen_Puzzle_MazeWall_B_Metal_28_Wall_Col,StaticMesh,碰撞/代理
SilverPalace/Content/ArtRes/EnvRes/Interaction/Generic/Puzzle/Int_Gen_MazeWall/Meshes/Collision/SM_Int_Gen_Puzzle_MazeWall_B_Metal_29_Wall_Col.SM_Int_Gen_Puzzle_MazeWall_B_Metal_29_Wall_Col,SM_Int_Gen_Puzzle_MazeWall_B_Metal_29_Wall_Col,StaticMesh,碰撞/代理
SilverPalace/Content/ArtRes/EnvRes/Interaction/Generic/Puzzle/Int_Gen_MazeWall/Meshes/Collision/SM_Int_Gen_Puzzle_MazeWall_B_Metal_30_Wall_Col.SM_Int_Gen_Puzzle_MazeWall_B_Metal_30_Wall_Col,SM_Int_Gen_Puzzle_MazeWall_B_Metal_30_Wall_Col,StaticMesh,碰撞/代理
SilverPalace/Content/ArtRes/EnvRes/Interaction/Generic/Puzzle/Int_Gen_MazeWall/Meshes/Collision/SM_Int_Gen_Puzzle_MazeWall_B_Metal_31_Wall_Col.SM_Int_Gen_Puzzle_MazeWall_B_Metal_31_Wall_Col,SM_Int_Gen_Puzzle_MazeWall_B_Metal_31_Wall_Col,StaticMesh,碰撞/代理
SilverPalace/Content/ArtRes/EnvRes/Interaction/Generic/Puzzle/Int_Gen_MazeWall/Meshes/Collision/SM_Int_Gen_Puzzle_MazeWall_B_Metal_32_Wall_Col.SM_Int_Gen_Puzzle_MazeWall_B_Metal_32_Wall_Col,SM_Int_Gen_Puzzle_MazeWall_B_Metal_32_Wall_Col,StaticMesh,碰撞/代理
SilverPalace/Content/ArtRes/EnvRes/Interaction/Generic/Puzzle/Puzzle_Light_Effect/Mesh/SM_FX_PuzzleLightEffect_007.SM_FX_PuzzleLightEffect_007,SM_FX_PuzzleLightEffect_007,StaticMesh,技术命名
SilverPalace/Content/ArtRes/EnvRes/Interaction/Generic/Puzzle/Puzzle_Light_Effect/Mesh/SM_FX_PuzzleLightEffect_008.SM_FX_PuzzleLightEffect_008,SM_FX_PuzzleLightEffect_008,StaticMesh,技术命名
SilverPalace/Content/ArtRes/EnvRes/Interaction/SEQ/Cutscene/Int_SEQ_Bottle/Meshes/SK_Int_SEQ_Cutscene_Bottle_A_Metal_01.SK_Int_SEQ_Cutscene_Bottle_A_Metal_01,SK_Int_SEQ_Cutscene_Bottle_A_Metal_01,SkeletalMesh,交互序列
SilverPalace/Content/ArtRes/EnvRes/Interaction/SEQ/Cutscene/Int_SEQ_CoffeeBar/Meshes/SK_Int_SEQ_Cutscene_CoffeeBar_A_Metal_01.SK_Int_SEQ_Cutscene_CoffeeBar_A_Metal_01,SK_Int_SEQ_Cutscene_CoffeeBar_A_Metal_01,SkeletalMesh,交互序列
SilverPalace/Content/ArtRes/EnvRes/Interaction/SEQ/Cutscene/Int_SEQ_CoffeeBar/Meshes/SK_Int_SEQ_Cutscene_CoffeeBar_A_Metal_02.SK_Int_SEQ_Cutscene_CoffeeBar_A_Metal_02,SK_Int_SEQ_Cutscene_CoffeeBar_A_Metal_02,SkeletalMesh,交互序列
SilverPalace/Content/ArtRes/EnvRes/Interaction/SEQ/Cutscene/Int_SEQ_CoffeeServer/Meshes/SK_Int_SEQ_Cutscene_CoffeeServer_A_Metal_01.SK_Int_SEQ_Cutscene_CoffeeServer_A_Metal_01,SK_Int_SEQ_Cutscene_CoffeeServer_A_Metal_01,SkeletalMesh,交互序列
SilverPalace/Content/ArtRes/EnvRes/Interaction/SEQ/Cutscene/Int_SEQ_CoffeeServer/Meshes/SK_Int_SEQ_Cutscene_CoffeeServer_A_Metal_02.SK_Int_SEQ_Cutscene_CoffeeServer_A_Metal_02,SK_Int_SEQ_Cutscene_CoffeeServer_A_Metal_02,SkeletalMesh,交互序列
SilverPalace/Content/ArtRes/EnvRes/Interaction/SEQ/Cutscene/Int_SEQ_CoffeeServer/Meshes/SK_Int_SEQ_Cutscene_CoffeeServer_A_Metal_03.SK_Int_SEQ_Cutscene_CoffeeServer_A_Metal_03,SK_Int_SEQ_Cutscene_CoffeeServer_A_Metal_03,SkeletalMesh,交互序列
SilverPalace/Content/ArtRes/EnvRes/Interaction/SEQ/Cutscene/Int_SEQ_CoffeeServer/Meshes/SK_Int_SEQ_Cutscene_CoffeeServer_A_Metal_04.SK_Int_SEQ_Cutscene_CoffeeServer_A_Metal_04,SK_Int_SEQ_Cutscene_CoffeeServer_A_Metal_04,SkeletalMesh,交互序列
SilverPalace/Content/ArtRes/EnvRes/Interaction/SEQ/Cutscene/Int_SEQ_CoffeeServer/Meshes/SK_Int_SEQ_Cutscene_CoffeeServer_A_Metal_05.SK_Int_SEQ_Cutscene_CoffeeServer_A_Metal_05,SK_Int_SEQ_Cutscene_CoffeeServer_A_Metal_05,SkeletalMesh,交互序列
SilverPalace/Content/ArtRes/EnvRes/Interaction/SEQ/Cutscene/Int_SEQ_CoffeeServer/Meshes/SK_Int_SEQ_Cutscene_CoffeeServer_A_Metal_06.SK_Int_SEQ_Cutscene_CoffeeServer_A_Metal_06,SK_Int_SEQ_Cutscene_CoffeeServer_A_Metal_06,SkeletalMesh,交互序列
SilverPalace/Content/ArtRes/EnvRes/Interaction/SEQ/Cutscene/Int_SEQ_CoupeGlass/Meshes/SK_Int_SEQ_Cutscene_CoupeGlass_A_Metal_01.SK_Int_SEQ_Cutscene_CoupeGlass_A_Metal_01,SK_Int_SEQ_Cutscene_CoupeGlass_A_Metal_01,SkeletalMesh,交互序列
SilverPalace/Content/ArtRes/EnvRes/Interaction/SEQ/Cutscene/Int_SEQ_CoupeGlass/Meshes/SK_Int_SEQ_Cutscene_CoupeGlass_B_Metal_01.SK_Int_SEQ_Cutscene_CoupeGlass_B_Metal_01,SK_Int_SEQ_Cutscene_CoupeGlass_B_Metal_01,SkeletalMesh,交互序列
SilverPalace/Content/ArtRes/EnvRes/Interaction/SEQ/Cutscene/Int_SEQ_CoupeGlass/Meshes/SK_Int_SEQ_Cutscene_CoupeGlass_C_Metal_01.SK_Int_SEQ_Cutscene_CoupeGlass_C_Metal_01,SK_Int_SEQ_Cutscene_CoupeGlass_C_Metal_01,SkeletalMesh,交互序列
SilverPalace/Content/ArtRes/EnvRes/Interaction/SEQ/Cutscene/Int_SEQ_CoupeGlass/Meshes/SK_Int_SEQ_Cutscene_OrangeTwist_A_Wood_01.SK_Int_SEQ_Cutscene_OrangeTwist_A_Wood_01,SK_Int_SEQ_Cutscene_OrangeTwist_A_Wood_01,SkeletalMesh,交互序列
SilverPalace/Content/ArtRes/EnvRes/Interaction/SEQ/Cutscene/Int_SEQ_CoupeGlass/Meshes/SM_Int_SEQ_Cutscene_CoupeGlass_B_Metal_01.SM_Int_SEQ_Cutscene_CoupeGlass_B_Metal_01,SM_Int_SEQ_Cutscene_CoupeGlass_B_Metal_01,StaticMesh,交互序列
SilverPalace/Content/ArtRes/EnvRes/Interaction/SEQ/Cutscene/Int_SEQ_CoupeGlass/Meshes/SM_Int_SEQ_Cutscene_CoupeGlass_C_Metal_01.SM_Int_SEQ_Cutscene_CoupeGlass_C_Metal_01,SM_Int_SEQ_Cutscene_CoupeGlass_C_Metal_01,StaticMesh,交互序列
SilverPalace/Content/ArtRes/EnvRes/Interaction/SEQ/Cutscene/Int_SEQ_Goblet/Meshes/SK_Int_SEQ_Cutscene_Goblet_A_Metal_01.SK_Int_SEQ_Cutscene_Goblet_A_Metal_01,SK_Int_SEQ_Cutscene_Goblet_A_Metal_01,SkeletalMesh,交互序列
SilverPalace/Content/ArtRes/EnvRes/Interaction/SEQ/Cutscene/Int_SEQ_Jigger/Meshes/SK_Int_SEQ_Cutscene_Jigger_A_Metal_01.SK_Int_SEQ_Cutscene_Jigger_A_Metal_01,SK_Int_SEQ_Cutscene_Jigger_A_Metal_01,SkeletalMesh,交互序列
SilverPalace/Content/ArtRes/EnvRes/Interaction/SEQ/Cutscene/Int_SEQ_Towel/Meshes/SM_Int_SEQ_Cutscene_Towel_A_Metal_01.SM_Int_SEQ_Cutscene_Towel_A_Metal_01,SM_Int_SEQ_Cutscene_Towel_A_Metal_01,StaticMesh,交互序列
SilverPalace/Content/ArtRes/EnvRes/Interaction/SEQ/Showcase/Int_SEQ_BunnySandwich/Meshes/SK_Int_SEQ_Showcase_BunnySandwich_A_Wood_01.SK_Int_SEQ_Showcase_BunnySandwich_A_Wood_01,SK_Int_SEQ_Showcase_BunnySandwich_A_Wood_01,SkeletalMesh,交互序列
SilverPalace/Content/ArtRes/EnvRes/Interaction/SEQ/Showcase/Int_SEQ_BunnySandwich/Meshes/SM_Int_SEQ_Showcase_BunnySandwich_A_Wood_01.SM_Int_SEQ_Showcase_BunnySandwich_A_Wood_01,SM_Int_SEQ_Showcase_BunnySandwich_A_Wood_01,StaticMesh,交互序列
SilverPalace/Content/ArtRes/EnvRes/Interaction/SEQ/Showcase/Int_SEQ_ChairSofa/Meshes/SM_Int_SEQ_Showcase_ChairSofa_A_Wood_01.SM_Int_SEQ_Showcase_ChairSofa_A_Wood_01,SM_Int_SEQ_Showcase_ChairSofa_A_Wood_01,StaticMesh,交互序列
SilverPalace/Content/ArtRes/EnvRes/Interaction/SEQ/Showcase/Int_SEQ_FlippableBook/Meshes/SK_Int_SEQ_Chapter001_FlippableBook_A_Wood_01.SK_Int_SEQ_Chapter001_FlippableBook_A_Wood_01,SK_Int_SEQ_Chapter001_FlippableBook_A_Wood_01,SkeletalMesh,交互序列
SilverPalace/Content/ArtRes/EnvRes/Interaction/SEQ/Showcase/Int_SEQ_FlippableBook/Meshes/SK_Int_SEQ_Showcase_FlippableBook_A_Wood_01.SK_Int_SEQ_Showcase_FlippableBook_A_Wood_01,SK_Int_SEQ_Showcase_FlippableBook_A_Wood_01,SkeletalMesh,交互序列
SilverPalace/Content/ArtRes/EnvRes/IOSRayTracing/Dun_MindPalace_Abyss_Test_LocalContent/ArtRes/EnvRes/GenericAsset/Building/Tower/Gen_BLDN_Tower_HighTower/Meshes/SM_Gen_BLDN_Tower_HighTower_A_Middle_Stone_03.SM_Gen_BLDN_Tower_HighTower_A_Middle_Stone_03,SM_Gen_BLDN_Tower_HighTower_A_Middle_Stone_03,StaticMesh,占位/白盒/破碎测试
SilverPalace/Content/ArtRes/EnvRes/IOSRayTracing/Dun_MindPalace_Abyss_Test_LocalContent/ArtRes/EnvRes/GenericAsset/Building/Tower/Gen_BLDN_Tower_HighTower/Meshes/SM_Gen_BLDN_Tower_HighTower_A_Middle_Stone_05.SM_Gen_BLDN_Tower_HighTower_A_Middle_Stone_05,SM_Gen_BLDN_Tower_HighTower_A_Middle_Stone_05,StaticMesh,占位/白盒/破碎测试
SilverPalace/Content/ArtRes/EnvRes/IOSRayTracing/Dun_MindPalace_Abyss_Test_LocalContent/ArtRes/EnvRes/GenericAsset/Building/Tower/Gen_BLDN_Tower_HighTower/Meshes/SM_Gen_BLDN_Tower_HighTower_A_Top_Stone_01.SM_Gen_BLDN_Tower_HighTower_A_Top_Stone_01,SM_Gen_BLDN_Tower_HighTower_A_Top_Stone_01,StaticMesh,占位/白盒/破碎测试
SilverPalace/Content/ArtRes/EnvRes/IOSRayTracing/Dun_MindPalace_Abyss_Test_LocalContent/ArtRes/EnvRes/GenericAsset/Prop/Chair/Gen_Prop_Chair_Dining/Meshes/SM_Gen_Prop_Chair_Dining_A_Merge_Wood_01.SM_Gen_Prop_Chair_Dining_A_Merge_Wood_01,SM_Gen_Prop_Chair_Dining_A_Merge_Wood_01,StaticMesh,占位/白盒/破碎测试
SilverPalace/Content/ArtRes/EnvRes/IOSRayTracing/Dun_MindPalace_Abyss_Test_LocalContent/ArtRes/EnvRes/GenericAsset/Prop/Decorate/Gen_Prop_Decorate_Frame/Meshes/SM_Gen_Prop_Decorate_Frame_C_Merge_Wood_03.SM_Gen_Prop_Decorate_Frame_C_Merge_Wood_03,SM_Gen_Prop_Decorate_Frame_C_Merge_Wood_03,StaticMesh,占位/白盒/破碎测试
SilverPalace/Content/ArtRes/EnvRes/IOSRayTracing/Dun_MindPalace_Abyss_Test_LocalContent/ArtRes/EnvRes/GenericAsset/Prop/Light/Gen_Prop_Light_StreetLamp/Meshes/SM_Gen_Prop_Light_StreetLamp_B_Merge_Metal_02.SM_Gen_Prop_Light_StreetLamp_B_Merge_Metal_02,SM_Gen_Prop_Light_StreetLamp_B_Merge_Metal_02,StaticMesh,占位/白盒/破碎测试
SilverPalace/Content/ArtRes/EnvRes/IOSRayTracing/Dun_MindPalace_Abyss_Test_LocalContent/ArtRes/EnvRes/OpenWorld/PeerageDistrict/PlaceHolder/Road/Meshes/PH_Floor_03.PH_Floor_03,PH_Floor_03,StaticMesh,占位/白盒/破碎测试
SilverPalace/Content/ArtRes/EnvRes/IOSRayTracing/Dun_MindPalace_Abyss_Test_LocalContent/ArtRes/EnvRes/OpenWorld/PeerageDistrict/StaticMesh/Building/FreedomSquare/PD_BLDN_FreedomSquare_Arcade/Meshes/SM_PD_BLDN_FreedomSquare_Arcade_A_BotArch_Stone_01.SM_PD_BLDN_FreedomSquare_Arcade_A_BotArch_Stone_01,SM_PD_BLDN_FreedomSquare_Arcade_A_BotArch_Stone_01,StaticMesh,占位/白盒/破碎测试
SilverPalace/Content/ArtRes/EnvRes/IOSRayTracing/Dun_MindPalace_Abyss_Test_LocalContent/ArtRes/EnvRes/OpenWorld/PeerageDistrict/StaticMesh/Building/FreedomSquare/PD_BLDN_FreedomSquare_Arcade/Meshes/SM_PD_BLDN_FreedomSquare_Arcade_A_BotArch_Stone_02.SM_PD_BLDN_FreedomSquare_Arcade_A_BotArch_Stone_02,SM_PD_BLDN_FreedomSquare_Arcade_A_BotArch_Stone_02,StaticMesh,占位/白盒/破碎测试
SilverPalace/Content/ArtRes/EnvRes/IOSRayTracing/Dun_MindPalace_Abyss_Test_LocalContent/ArtRes/EnvRes/OpenWorld/PeerageDistrict/StaticMesh/Building/FreedomSquare/PD_BLDN_FreedomSquare_Arcade/Meshes/SM_PD_BLDN_FreedomSquare_Arcade_A_MidArch_Stone_01.SM_PD_BLDN_FreedomSquare_Arcade_A_MidArch_Stone_01,SM_PD_BLDN_FreedomSquare_Arcade_A_MidArch_Stone_01,StaticMesh,占位/白盒/破碎测试
SilverPalace/Content/ArtRes/EnvRes/IOSRayTracing/Dun_MindPalace_Abyss_Test_LocalContent/ArtRes/EnvRes/OpenWorld/PeerageDistrict/StaticMesh/Building/FreedomSquare/PD_BLDN_FreedomSquare_Arcade/Meshes/SM_PD_BLDN_FreedomSquare_Arcade_A_MidArch_Stone_02.SM_PD_BLDN_FreedomSquare_Arcade_A_MidArch_Stone_02,SM_PD_BLDN_FreedomSquare_Arcade_A_MidArch_Stone_02,StaticMesh,占位/白盒/破碎测试
SilverPalace/Content/ArtRes/EnvRes/IOSRayTracing/Dun_MindPalace_Abyss_Test_LocalContent/ArtRes/EnvRes/OpenWorld/PeerageDistrict/StaticMesh/Building/FreedomSquare/PD_BLDN_FreedomSquare_Arcade/Meshes/SM_PD_BLDN_FreedomSquare_Arcade_A_MidArch_Stone_03.SM_PD_BLDN_FreedomSquare_Arcade_A_MidArch_Stone_03,SM_PD_BLDN_FreedomSquare_Arcade_A_MidArch_Stone_03,StaticMesh,占位/白盒/破碎测试
SilverPalace/Content/ArtRes/EnvRes/IOSRayTracing/Dun_MindPalace_Abyss_Test_LocalContent/ArtRes/EnvRes/OpenWorld/PeerageDistrict/StaticMesh/Building/FreedomSquare/PD_BLDN_FreedomSquare_Arcade/Meshes/SM_PD_BLDN_FreedomSquare_Arcade_A_TopArch_Stone_01.SM_PD_BLDN_FreedomSquare_Arcade_A_TopArch_Stone_01,SM_PD_BLDN_FreedomSquare_Arcade_A_TopArch_Stone_01,StaticMesh,占位/白盒/破碎测试
SilverPalace/Content/ArtRes/EnvRes/IOSRayTracing/Dun_MindPalace_Abyss_Test_LocalContent/ArtRes/EnvRes/OpenWorld/PeerageDistrict/StaticMesh/Building/FreedomSquare/PD_BLDN_FreedomSquare_Arcade/Meshes/SM_PD_BLDN_FreedomSquare_Arcade_A_TopArch_Stone_02.SM_PD_BLDN_FreedomSquare_Arcade_A_TopArch_Stone_02,SM_PD_BLDN_FreedomSquare_Arcade_A_TopArch_Stone_02,StaticMesh,占位/白盒/破碎测试
SilverPalace/Content/ArtRes/EnvRes/IOSRayTracing/Dun_MindPalace_Abyss_Test_LocalContent/ArtRes/EnvRes/OpenWorld/PeerageDistrict/StaticMesh/Building/FreedomSquare/PD_BLDN_FreedomSquare_Arcade/Meshes/SM_PD_BLDN_FreedomSquare_Arcade_A_Tower_Stone_01.SM_PD_BLDN_FreedomSquare_Arcade_A_Tower_Stone_01,SM_PD_BLDN_FreedomSquare_Arcade_A_Tower_Stone_01,StaticMesh,占位/白盒/破碎测试
SilverPalace/Content/ArtRes/EnvRes/IOSRayTracing/Dun_MindPalace_Abyss_Test_LocalContent/ArtRes/EnvRes/OpenWorld/PeerageDistrict/StaticMesh/Building/FreedomSquare/PD_BLDN_FreedomSquare_Arcade/Meshes/SM_PD_BLDN_FreedomSquare_Arcade_A_Tower_Stone_02.SM_PD_BLDN_FreedomSquare_Arcade_A_Tower_Stone_02,SM_PD_BLDN_FreedomSquare_Arcade_A_Tower_Stone_02,StaticMesh,占位/白盒/破碎测试
SilverPalace/Content/ArtRes/EnvRes/IOSRayTracing/Dun_MindPalace_Abyss_Test_LocalContent/ArtRes/EnvRes/OpenWorld/PeerageDistrict/StaticMesh/Building/FreedomSquare/PD_BLDN_FreedomSquare_Arcade/Meshes/SM_PD_BLDN_FreedomSquare_Arcade_A_Tower_Stone_03.SM_PD_BLDN_FreedomSquare_Arcade_A_Tower_Stone_03,SM_PD_BLDN_FreedomSquare_Arcade_A_Tower_Stone_03,StaticMesh,占位/白盒/破碎测试
SilverPalace/Content/ArtRes/EnvRes/IOSRayTracing/Dun_MindPalace_Abyss_Test_LocalContent/ArtRes/EnvRes/OpenWorld/PeerageDistrict/StaticMesh/Building/Tower/PD_BLDN_Tower_RingTower/Meshes/SM_PD_BLDN_Tower_RingTower_B_Gemstone_Metal_01.SM_PD_BLDN_Tower_RingTower_B_Gemstone_Metal_01,SM_PD_BLDN_Tower_RingTower_B_Gemstone_Metal_01,StaticMesh,占位/白盒/破碎测试
SilverPalace/Content/ArtRes/EnvRes/IOSRayTracing/Dun_MindPalace_Abyss_Test_LocalContent/ArtRes/MindPalace/Abyss/Background/Meshes/SM_Gen_Vista_Mountain_Rock_E_Merge_Stone_01.SM_Gen_Vista_Mountain_Rock_E_Merge_Stone_01,SM_Gen_Vista_Mountain_Rock_E_Merge_Stone_01,StaticMesh,占位/白盒/破碎测试
SilverPalace/Content/ArtRes/EnvRes/IOSRayTracing/Dun_MindPalace_Abyss_Test_LocalContent/ArtRes/MindPalace/Abyss/Background/Meshes/SM_Gen_Vista_Mountain_Rock_E_Merge_Stone_02.SM_Gen_Vista_Mountain_Rock_E_Merge_Stone_02,SM_Gen_Vista_Mountain_Rock_E_Merge_Stone_02,StaticMesh,占位/白盒/破碎测试
SilverPalace/Content/ArtRes/EnvRes/IOSRayTracing/Dun_MindPalace_Abyss_Test_LocalContent/ArtRes/MindPalace/Abyss/Background/Meshes/SM_Gen_Vista_Mountain_Rock_E_Merge_Stone_03.SM_Gen_Vista_Mountain_Rock_E_Merge_Stone_03,SM_Gen_Vista_Mountain_Rock_E_Merge_Stone_03,StaticMesh,占位/白盒/破碎测试
SilverPalace/Content/ArtRes/EnvRes/IOSRayTracing/Dun_MindPalace_Abyss_Test_LocalContent/ArtRes/MindPalace/Background/Meshes/MI_MP_BG_Cloud_A_01.MI_MP_BG_Cloud_A_01,MI_MP_BG_Cloud_A_01,StaticMesh,占位/白盒/破碎测试
SilverPalace/Content/ArtRes/EnvRes/IOSRayTracing/Dun_MindPalace_Abyss_Test_LocalContent/ArtRes/MindPalace/Background/Meshes/SM_MP_Stone_02.SM_MP_Stone_02,SM_MP_Stone_02,StaticMesh,占位/白盒/破碎测试
SilverPalace/Content/ArtRes/EnvRes/IOSRayTracing/Dun_MindPalace_Abyss_Test_LocalContent/ArtRes/MindPalace/Background/Meshes/SM_MP_Stone_03.SM_MP_Stone_03,SM_MP_Stone_03,StaticMesh,占位/白盒/破碎测试
SilverPalace/Content/ArtRes/EnvRes/IOSRayTracing/Dun_MindPalace_Abyss_Test_LocalContent/ArtRes/MindPalace/Background/Meshes/SM_MP_Stone_04.SM_MP_Stone_04,SM_MP_Stone_04,StaticMesh,占位/白盒/破碎测试
SilverPalace/Content/ArtRes/EnvRes/IOSRayTracing/Dun_MindPalace_Abyss_Test_LocalContent/ArtRes/MindPalace/Background/Meshes/SM_MP_Stone_05.SM_MP_Stone_05,SM_MP_Stone_05,StaticMesh,占位/白盒/破碎测试
SilverPalace/Content/ArtRes/EnvRes/IOSRayTracing/Dun_MindPalace_Abyss_Test_LocalContent/ArtRes/MindPalace/Background/Meshes/SM_MP_Stone_06.SM_MP_Stone_06,SM_MP_Stone_06,StaticMesh,占位/白盒/破碎测试
SilverPalace/Content/ArtRes/EnvRes/IOSRayTracing/Dun_MindPalace_Abyss_Test_LocalContent/ArtRes/MindPalace/Background/Meshes/SM_MP_Stone_07.SM_MP_Stone_07,SM_MP_Stone_07,StaticMesh,占位/白盒/破碎测试
SilverPalace/Content/ArtRes/EnvRes/IOSRayTracing/Dun_MindPalace_Abyss_Test_LocalContent/ArtRes/MindPalace/Background/Meshes/SM_MP_Stone_08.SM_MP_Stone_08,SM_MP_Stone_08,StaticMesh,占位/白盒/破碎测试
SilverPalace/Content/ArtRes/EnvRes/IOSRayTracing/Meshes/SM_PD_POI_QuadricMall_In_A_Ceiling_Stone_03.SM_PD_POI_QuadricMall_In_A_Ceiling_Stone_03,SM_PD_POI_QuadricMall_In_A_Ceiling_Stone_03,StaticMesh,占位/白盒/破碎测试
SilverPalace/Content/ArtRes/EnvRes/IOSRayTracing/Meshes/SM_PD_POI_QuadricMall_In_A_Stairway_Stone_01.SM_PD_POI_QuadricMall_In_A_Stairway_Stone_01,SM_PD_POI_QuadricMall_In_A_Stairway_Stone_01,StaticMesh,占位/白盒/破碎测试
SilverPalace/Content/ArtRes/EnvRes/OpenWorld/GravelKin/PlaceHolder/Building/AbandonedChapel/PH_AbandonedChapel_Roof_01.PH_AbandonedChapel_Roof_01,PH_AbandonedChapel_Roof_01,StaticMesh,占位/白盒/破碎测试
SilverPalace/Content/ArtRes/EnvRes/OpenWorld/GravelKin/PlaceHolder/Building/AbandonedChapel/PH_AbandonedChapel_Roof_02.PH_AbandonedChapel_Roof_02,PH_AbandonedChapel_Roof_02,StaticMesh,占位/白盒/破碎测试
SilverPalace/Content/ArtRes/EnvRes/OpenWorld/GravelKin/PlaceHolder/Building/AbandonedDock/PH_AbandonedDock.PH_AbandonedDock,PH_AbandonedDock,StaticMesh,占位/白盒/破碎测试
SilverPalace/Content/ArtRes/EnvRes/OpenWorld/GravelKin/PlaceHolder/Building/AbandonedDock/PH_AbandonedDock_02.PH_AbandonedDock_02,PH_AbandonedDock_02,StaticMesh,占位/白盒/破碎测试
SilverPalace/Content/ArtRes/EnvRes/OpenWorld/GravelKin/PlaceHolder/Building/ExplorationStatation/PH_ExplorationStatation_Entrance_01.PH_ExplorationStatation_Entrance_01,PH_ExplorationStatation_Entrance_01,StaticMesh,占位/白盒/破碎测试
SilverPalace/Content/ArtRes/EnvRes/OpenWorld/GravelKin/PlaceHolder/Building/ExplorationStatation/PH_ExplorationStatation_Floor_01.PH_ExplorationStatation_Floor_01,PH_ExplorationStatation_Floor_01,StaticMesh,占位/白盒/破碎测试
SilverPalace/Content/ArtRes/EnvRes/OpenWorld/GravelKin/PlaceHolder/Building/ExplorationStatation/PH_ExplorationStatation_Pillar_01.PH_ExplorationStatation_Pillar_01,PH_ExplorationStatation_Pillar_01,StaticMesh,占位/白盒/破碎测试
SilverPalace/Content/ArtRes/EnvRes/OpenWorld/GravelKin/PlaceHolder/Building/ExplorationStatation/PH_ExplorationStatation_Wall_01.PH_ExplorationStatation_Wall_01,PH_ExplorationStatation_Wall_01,StaticMesh,占位/白盒/破碎测试
SilverPalace/Content/ArtRes/EnvRes/OpenWorld/GravelKin/PlaceHolder/Building/ExplorationStatation/PH_ExplorationStatation_Wall_02.PH_ExplorationStatation_Wall_02,PH_ExplorationStatation_Wall_02,StaticMesh,占位/白盒/破碎测试
SilverPalace/Content/ArtRes/EnvRes/OpenWorld/GravelKin/PlaceHolder/Building/IncisorBar/PH_IncisorBar_Door_01.PH_IncisorBar_Door_01,PH_IncisorBar_Door_01,StaticMesh,占位/白盒/破碎测试
SilverPalace/Content/ArtRes/EnvRes/OpenWorld/GravelKin/PlaceHolder/Building/IncisorBar/PH_IncisorBar_Entrancel_01.PH_IncisorBar_Entrancel_01,PH_IncisorBar_Entrancel_01,StaticMesh,占位/白盒/破碎测试
SilverPalace/Content/ArtRes/EnvRes/OpenWorld/GravelKin/PlaceHolder/Building/IncisorBar/PH_IncisorBar_Pillar_01.PH_IncisorBar_Pillar_01,PH_IncisorBar_Pillar_01,StaticMesh,占位/白盒/破碎测试
SilverPalace/Content/ArtRes/EnvRes/OpenWorld/GravelKin/PlaceHolder/Building/ShopHouse/PH_ShopHous_Entrance_4m_01.PH_ShopHous_Entrance_4m_01,PH_ShopHous_Entrance_4m_01,StaticMesh,占位/白盒/破碎测试
SilverPalace/Content/ArtRes/EnvRes/OpenWorld/GravelKin/PlaceHolder/Building/ShopHouse/PH_ShopHous_ExtEntrance_8m_01.PH_ShopHous_ExtEntrance_8m_01,PH_ShopHous_ExtEntrance_8m_01,StaticMesh,占位/白盒/破碎测试
SilverPalace/Content/ArtRes/EnvRes/OpenWorld/GravelKin/PlaceHolder/Building/ShopHouse/PH_ShopHous_ExtWall_2m_01.PH_ShopHous_ExtWall_2m_01,PH_ShopHous_ExtWall_2m_01,StaticMesh,占位/白盒/破碎测试
SilverPalace/Content/ArtRes/EnvRes/OpenWorld/GravelKin/PlaceHolder/Building/ShopHouse/PH_ShopHous_ExtWall_4m_01.PH_ShopHous_ExtWall_4m_01,PH_ShopHous_ExtWall_4m_01,StaticMesh,占位/白盒/破碎测试
SilverPalace/Content/ArtRes/EnvRes/OpenWorld/GravelKin/PlaceHolder/Building/ShopHouse/PH_ShopHous_ExtWindow_4m_01.PH_ShopHous_ExtWindow_4m_01,PH_ShopHous_ExtWindow_4m_01,StaticMesh,占位/白盒/破碎测试
SilverPalace/Content/ArtRes/EnvRes/OpenWorld/GravelKin/PlaceHolder/Building/ShopHouse/PH_ShopHous_IntEntrance_8m_01.PH_ShopHous_IntEntrance_8m_01,PH_ShopHous_IntEntrance_8m_01,StaticMesh,占位/白盒/破碎测试
SilverPalace/Content/ArtRes/EnvRes/OpenWorld/GravelKin/PlaceHolder/Building/ShopHouse/PH_ShopHous_IntWall_2m_01.PH_ShopHous_IntWall_2m_01,PH_ShopHous_IntWall_2m_01,StaticMesh,占位/白盒/破碎测试
SilverPalace/Content/ArtRes/EnvRes/OpenWorld/GravelKin/PlaceHolder/Building/ShopHouse/PH_ShopHous_IntWall_4m_01.PH_ShopHous_IntWall_4m_01,PH_ShopHous_IntWall_4m_01,StaticMesh,占位/白盒/破碎测试
SilverPalace/Content/ArtRes/EnvRes/OpenWorld/GravelKin/PlaceHolder/Building/ShopHouse/PH_ShopHous_IntWindow_4m_01.PH_ShopHous_IntWindow_4m_01,PH_ShopHous_IntWindow_4m_01,StaticMesh,占位/白盒/破碎测试
SilverPalace/Content/ArtRes/EnvRes/OpenWorld/GravelKin/PlaceHolder/Building/ShopHouse/PH_ShopHous_Pillar_01.PH_ShopHous_Pillar_01,PH_ShopHous_Pillar_01,StaticMesh,占位/白盒/破碎测试
SilverPalace/Content/ArtRes/EnvRes/OpenWorld/GravelKin/PlaceHolder/Building/UnderTunnel/PH_UndercityEntrance_01.PH_UndercityEntrance_01,PH_UndercityEntrance_01,StaticMesh,占位/白盒/破碎测试
SilverPalace/Content/ArtRes/EnvRes/OpenWorld/GravelKin/PlaceHolder/Building/UnderTunnel/PH_UndercityEntranceGate_01.PH_UndercityEntranceGate_01,PH_UndercityEntranceGate_01,StaticMesh,占位/白盒/破碎测试
SilverPalace/Content/ArtRes/EnvRes/OpenWorld/GravelKin/PlaceHolder/Building/UnderTunnel/PH_UndercityTunnelBend_01.PH_UndercityTunnelBend_01,PH_UndercityTunnelBend_01,StaticMesh,占位/白盒/破碎测试
SilverPalace/Content/ArtRes/EnvRes/OpenWorld/GravelKin/PlaceHolder/Building/UnderTunnel/PH_UndercityTunnelFork_01.PH_UndercityTunnelFork_01,PH_UndercityTunnelFork_01,StaticMesh,占位/白盒/破碎测试
SilverPalace/Content/ArtRes/EnvRes/OpenWorld/GravelKin/PlaceHolder/Building/UnderTunnel/PH_UndercityTunnelFork_02.PH_UndercityTunnelFork_02,PH_UndercityTunnelFork_02,StaticMesh,占位/白盒/破碎测试
SilverPalace/Content/ArtRes/EnvRes/OpenWorld/GravelKin/PlaceHolder/Building/UnderTunnel/PH_UndercityTunnelGround_01.PH_UndercityTunnelGround_01,PH_UndercityTunnelGround_01,StaticMesh,占位/白盒/破碎测试
SilverPalace/Content/ArtRes/EnvRes/OpenWorld/GravelKin/PlaceHolder/Building/UnderTunnel/PH_UndercityTunnelGround_02.PH_UndercityTunnelGround_02,PH_UndercityTunnelGround_02,StaticMesh,占位/白盒/破碎测试
SilverPalace/Content/ArtRes/EnvRes/OpenWorld/GravelKin/PlaceHolder/Building/UnderTunnel/PH_UndercityTunnelStairs_01.PH_UndercityTunnelStairs_01,PH_UndercityTunnelStairs_01,StaticMesh,占位/白盒/破碎测试
SilverPalace/Content/ArtRes/EnvRes/OpenWorld/GravelKin/PlaceHolder/Building/UnderTunnel/PH_UndercityTunnelWall_01.PH_UndercityTunnelWall_01,PH_UndercityTunnelWall_01,StaticMesh,占位/白盒/破碎测试
SilverPalace/Content/ArtRes/EnvRes/OpenWorld/GravelKin/PlaceHolder/Building/UnderTunnel/PH_UndercityTunnelWall_02.PH_UndercityTunnelWall_02,PH_UndercityTunnelWall_02,StaticMesh,占位/白盒/破碎测试
SilverPalace/Content/ArtRes/EnvRes/OpenWorld/PeerageDistrict/Interaction/SEQ/PD_INT_Filebag/Meshes/SM_PD_INT_Filebag_A_Wood_01.SM_PD_INT_Filebag_A_Wood_01,SM_PD_INT_Filebag_A_Wood_01,StaticMesh,交互序列
SilverPalace/Content/ArtRes/EnvRes/OpenWorld/PeerageDistrict/Interaction/SEQ/PD_INT_Footprint/Meshes/SM_PD_INT_Footprint_A_Wood_03.SM_PD_INT_Footprint_A_Wood_03,SM_PD_INT_Footprint_A_Wood_03,StaticMesh,交互序列
SilverPalace/Content/ArtRes/EnvRes/OpenWorld/PeerageDistrict/Interaction/SEQ/PD_INT_Newspaper/Meshes/SK_PD_INT_Newspaper_A_Wood_01.SK_PD_INT_Newspaper_A_Wood_01,SK_PD_INT_Newspaper_A_Wood_01,SkeletalMesh,交互序列
SilverPalace/Content/ArtRes/EnvRes/OpenWorld/PeerageDistrict/Interaction/SEQ/PD_INT_Newspaper/Meshes/SK_PD_INT_Newspaper_B_Wood_01.SK_PD_INT_Newspaper_B_Wood_01,SK_PD_INT_Newspaper_B_Wood_01,SkeletalMesh,交互序列
SilverPalace/Content/ArtRes/EnvRes/OpenWorld/PeerageDistrict/Interaction/SEQ/PD_INT_Newspaper/Meshes/SM_PD_INT_Newspaper_A_Wood_01.SM_PD_INT_Newspaper_A_Wood_01,SM_PD_INT_Newspaper_A_Wood_01,StaticMesh,交互序列
SilverPalace/Content/ArtRes/EnvRes/OpenWorld/PeerageDistrict/Interaction/SEQ/PD_INT_Photo/Meshes/SM_FX_OutLine.SM_FX_OutLine,SM_FX_OutLine,StaticMesh,交互序列
SilverPalace/Content/ArtRes/EnvRes/OpenWorld/PeerageDistrict/Interaction/SEQ/PD_INT_Photo/Meshes/SM_PD_INT_Photo_A_Wood_01.SM_PD_INT_Photo_A_Wood_01,SM_PD_INT_Photo_A_Wood_01,StaticMesh,交互序列
SilverPalace/Content/ArtRes/EnvRes/OpenWorld/PeerageDistrict/Interaction/SEQ/PD_INT_Photo/Meshes/SM_PD_INT_Photo_A_Wood_02.SM_PD_INT_Photo_A_Wood_02,SM_PD_INT_Photo_A_Wood_02,StaticMesh,交互序列
SilverPalace/Content/ArtRes/EnvRes/OpenWorld/PeerageDistrict/Interaction/SEQ/PD_INT_Photo/Meshes/SM_PD_INT_Photo_A_Wood_03.SM_PD_INT_Photo_A_Wood_03,SM_PD_INT_Photo_A_Wood_03,StaticMesh,交互序列
SilverPalace/Content/ArtRes/EnvRes/OpenWorld/PeerageDistrict/Interaction/SEQ/PD_INT_Shroud/Meshes/SM_PD_INT_Shroud_A_Wood_01.SM_PD_INT_Shroud_A_Wood_01,SM_PD_INT_Shroud_A_Wood_01,StaticMesh,交互序列
SilverPalace/Content/ArtRes/EnvRes/OpenWorld/PeerageDistrict/Interaction/SEQ/PD_INT_WineGlass/Meshes/SK_PD_INT_WineGlass_A_Metal_01.SK_PD_INT_WineGlass_A_Metal_01,SK_PD_INT_WineGlass_A_Metal_01,SkeletalMesh,交互序列
SilverPalace/Content/ArtRes/EnvRes/OpenWorld/PeerageDistrict/Interaction/SEQ/PD_INT_WineGlass/Meshes/SK_PD_INT_WineGlass_A_Metal_02.SK_PD_INT_WineGlass_A_Metal_02,SK_PD_INT_WineGlass_A_Metal_02,SkeletalMesh,交互序列
SilverPalace/Content/ArtRes/EnvRes/OpenWorld/PeerageDistrict/Interaction/SEQ/PD_INT_WineGlass/Meshes/SK_PD_INT_WineGlass_A_Metal_03.SK_PD_INT_WineGlass_A_Metal_03,SK_PD_INT_WineGlass_A_Metal_03,SkeletalMesh,交互序列
SilverPalace/Content/ArtRes/EnvRes/OpenWorld/PeerageDistrict/Interaction/SEQ/PD_INT_WineGlass/Meshes/SM_PD_INT_WineGlass_A_Metal_01.SM_PD_INT_WineGlass_A_Metal_01,SM_PD_INT_WineGlass_A_Metal_01,StaticMesh,交互序列
SilverPalace/Content/ArtRes/EnvRes/OpenWorld/PeerageDistrict/Interaction/SEQ/PD_INT_WineGlass/Meshes/SM_PD_INT_WineGlass_A_Metal_02.SM_PD_INT_WineGlass_A_Metal_02,SM_PD_INT_WineGlass_A_Metal_02,StaticMesh,交互序列
SilverPalace/Content/ArtRes/EnvRes/OpenWorld/PeerageDistrict/Interaction/SEQ/PD_INT_WineGlass/Meshes/SM_PD_INT_WineGlass_A_Metal_03.SM_PD_INT_WineGlass_A_Metal_03,SM_PD_INT_WineGlass_A_Metal_03,StaticMesh,交互序列
SilverPalace/Content/ArtRes/EnvRes/OpenWorld/PeerageDistrict/Interaction/SEQ/PD_INT_WineGlass/Meshes/SM_PD_INT_WineGlass_A_Metal_04.SM_PD_INT_WineGlass_A_Metal_04,SM_PD_INT_WineGlass_A_Metal_04,StaticMesh,交互序列
SilverPalace/Content/ArtRes/EnvRes/OpenWorld/PeerageDistrict/PlaceHolder/Buildings/897CoffeeShop/PH_897CoffeeShop_Pillar_01.PH_897CoffeeShop_Pillar_01,PH_897CoffeeShop_Pillar_01,StaticMesh,占位/白盒/破碎测试
SilverPalace/Content/ArtRes/EnvRes/OpenWorld/PeerageDistrict/PlaceHolder/Buildings/Airship/Lobby/PH_Lobby_Statue_01.PH_Lobby_Statue_01,PH_Lobby_Statue_01,StaticMesh,占位/白盒/破碎测试
SilverPalace/Content/ArtRes/EnvRes/OpenWorld/PeerageDistrict/PlaceHolder/Buildings/AmusementPark/PH_Amusementpark_ball_01.PH_Amusementpark_ball_01,PH_Amusementpark_ball_01,StaticMesh,占位/白盒/破碎测试
SilverPalace/Content/ArtRes/EnvRes/OpenWorld/PeerageDistrict/PlaceHolder/Buildings/AmusementPark/PH_Amusementpark_bucket_01.PH_Amusementpark_bucket_01,PH_Amusementpark_bucket_01,StaticMesh,占位/白盒/破碎测试
SilverPalace/Content/ArtRes/EnvRes/OpenWorld/PeerageDistrict/PlaceHolder/Buildings/ArchBridge/Meshes/PH_PD_bridge_3M_01.PH_PD_bridge_3M_01,PH_PD_bridge_3M_01,StaticMesh,占位/白盒/破碎测试
SilverPalace/Content/ArtRes/EnvRes/OpenWorld/PeerageDistrict/PlaceHolder/Buildings/ArchBridge/Meshes/PH_PD_bridge_3M_02.PH_PD_bridge_3M_02,PH_PD_bridge_3M_02,StaticMesh,占位/白盒/破碎测试
SilverPalace/Content/ArtRes/EnvRes/OpenWorld/PeerageDistrict/PlaceHolder/Buildings/Archway/PH_SArchway_A_Bottom_01.PH_SArchway_A_Bottom_01,PH_SArchway_A_Bottom_01,StaticMesh,占位/白盒/破碎测试
SilverPalace/Content/ArtRes/EnvRes/OpenWorld/PeerageDistrict/PlaceHolder/Buildings/AshleyMindPalace/PH_AshleyMindPalace_Fence_01A.PH_AshleyMindPalace_Fence_01A,PH_AshleyMindPalace_Fence_01A,StaticMesh,占位/白盒/破碎测试
SilverPalace/Content/ArtRes/EnvRes/OpenWorld/PeerageDistrict/PlaceHolder/Buildings/AshleyMindPalace/PH_AshleyMindPalace_Stairs_2m_01B.PH_AshleyMindPalace_Stairs_2m_01B,PH_AshleyMindPalace_Stairs_2m_01B,StaticMesh,占位/白盒/破碎测试
SilverPalace/Content/ArtRes/EnvRes/OpenWorld/PeerageDistrict/PlaceHolder/Buildings/AshleyMindPalace/PH_AshleyMindPalace_Wall_10m_01A.PH_AshleyMindPalace_Wall_10m_01A,PH_AshleyMindPalace_Wall_10m_01A,StaticMesh,占位/白盒/破碎测试
SilverPalace/Content/ArtRes/EnvRes/OpenWorld/PeerageDistrict/PlaceHolder/Buildings/AshleyMindPalace/PH_AshleyMindPalace_Wall_10m_01B.PH_AshleyMindPalace_Wall_10m_01B,PH_AshleyMindPalace_Wall_10m_01B,StaticMesh,占位/白盒/破碎测试
SilverPalace/Content/ArtRes/EnvRes/OpenWorld/PeerageDistrict/PlaceHolder/Buildings/AshleyMindPalace/PH_Scaffold_A_Facade_01.PH_Scaffold_A_Facade_01,PH_Scaffold_A_Facade_01,StaticMesh,占位/白盒/破碎测试
SilverPalace/Content/ArtRes/EnvRes/OpenWorld/PeerageDistrict/PlaceHolder/Buildings/CentralPark/PH_PrestonCentralPark_02.PH_PrestonCentralPark_02,PH_PrestonCentralPark_02,StaticMesh,占位/白盒/破碎测试
SilverPalace/Content/ArtRes/EnvRes/OpenWorld/PeerageDistrict/PlaceHolder/Buildings/CentralPark/PH_PrestonCentralPark_03.PH_PrestonCentralPark_03,PH_PrestonCentralPark_03,StaticMesh,占位/白盒/破碎测试
SilverPalace/Content/ArtRes/EnvRes/OpenWorld/PeerageDistrict/PlaceHolder/Buildings/CentralPark/PH_PrestonCentralPark_04.PH_PrestonCentralPark_04,PH_PrestonCentralPark_04,StaticMesh,占位/白盒/破碎测试
SilverPalace/Content/ArtRes/EnvRes/OpenWorld/PeerageDistrict/PlaceHolder/Buildings/CentralPark/PH_PrestonCentralPark_05.PH_PrestonCentralPark_05,PH_PrestonCentralPark_05,StaticMesh,占位/白盒/破碎测试
SilverPalace/Content/ArtRes/EnvRes/OpenWorld/PeerageDistrict/PlaceHolder/Buildings/ChurchArchGate/Meshes/PH_ChurchArchGate_01.PH_ChurchArchGate_01,PH_ChurchArchGate_01,StaticMesh,占位/白盒/破碎测试
SilverPalace/Content/ArtRes/EnvRes/OpenWorld/PeerageDistrict/PlaceHolder/Buildings/ChurchArchGate/Meshes/PH_ChurchArchGate_Mid_01.PH_ChurchArchGate_Mid_01,PH_ChurchArchGate_Mid_01,StaticMesh,占位/白盒/破碎测试
SilverPalace/Content/ArtRes/EnvRes/OpenWorld/PeerageDistrict/PlaceHolder/Buildings/ChurchArchGate/Meshes/PH_ChurchArchGate_Ornament_01.PH_ChurchArchGate_Ornament_01,PH_ChurchArchGate_Ornament_01,StaticMesh,占位/白盒/破碎测试
SilverPalace/Content/ArtRes/EnvRes/OpenWorld/PeerageDistrict/PlaceHolder/Buildings/ChurchArchGate/Meshes/PH_ChurchArchPillar_Main_01.PH_ChurchArchPillar_Main_01,PH_ChurchArchPillar_Main_01,StaticMesh,占位/白盒/破碎测试
SilverPalace/Content/ArtRes/EnvRes/OpenWorld/PeerageDistrict/PlaceHolder/Buildings/ChurchBase/PH_Church02_HighWall_07.PH_Church02_HighWall_07,PH_Church02_HighWall_07,StaticMesh,占位/白盒/破碎测试
SilverPalace/Content/ArtRes/EnvRes/OpenWorld/PeerageDistrict/PlaceHolder/Buildings/ChurchInterior/PH_ChuruchInt_Chandler_A_01.PH_ChuruchInt_Chandler_A_01,PH_ChuruchInt_Chandler_A_01,StaticMesh,占位/白盒/破碎测试
SilverPalace/Content/ArtRes/EnvRes/OpenWorld/PeerageDistrict/PlaceHolder/Buildings/ChurchInterior/PH_ChuruchInt_Door_A_01.PH_ChuruchInt_Door_A_01,PH_ChuruchInt_Door_A_01,StaticMesh,占位/白盒/破碎测试
SilverPalace/Content/ArtRes/EnvRes/OpenWorld/PeerageDistrict/PlaceHolder/Buildings/ChurchInterior/PH_ChuruchInt_GroundFloorCornerPillarDesign_A_01.PH_ChuruchInt_GroundFloorCornerPillarDesign_A_01,PH_ChuruchInt_GroundFloorCornerPillarDesign_A_01,StaticMesh,占位/白盒/破碎测试
SilverPalace/Content/ArtRes/EnvRes/OpenWorld/PeerageDistrict/PlaceHolder/Buildings/ChurchInterior/PH_ChuruchInt_Middlestage_A_03.PH_ChuruchInt_Middlestage_A_03,PH_ChuruchInt_Middlestage_A_03,StaticMesh,占位/白盒/破碎测试
SilverPalace/Content/ArtRes/EnvRes/OpenWorld/PeerageDistrict/PlaceHolder/Buildings/CommChurchRuins/Meshes/PH_PD_PCGBLDN_CommChurchRuins_Wall_400X50X600_Mid_Damaged_01.PH_PD_PCGBLDN_CommChurchRuins_Wall_400X50X600_Mid_Damaged_01,PH_PD_PCGBLDN_CommChurchRuins_Wall_400X50X600_Mid_Damaged_01,StaticMesh,占位/白盒/破碎测试
SilverPalace/Content/ArtRes/EnvRes/OpenWorld/PeerageDistrict/PlaceHolder/Buildings/CommChurchRuins/Meshes/PH_PD_PCGBLDN_CommChurchRuins_Wall_400X50X600_Mid_Damaged_02.PH_PD_PCGBLDN_CommChurchRuins_Wall_400X50X600_Mid_Damaged_02,PH_PD_PCGBLDN_CommChurchRuins_Wall_400X50X600_Mid_Damaged_02,StaticMesh,占位/白盒/破碎测试
SilverPalace/Content/ArtRes/EnvRes/OpenWorld/PeerageDistrict/PlaceHolder/Buildings/CommChurchRuins/Meshes/PH_PD_PCGBLDN_CommChurchRuins_Wall_400X50X600_Mid_Damaged_03.PH_PD_PCGBLDN_CommChurchRuins_Wall_400X50X600_Mid_Damaged_03,PH_PD_PCGBLDN_CommChurchRuins_Wall_400X50X600_Mid_Damaged_03,StaticMesh,占位/白盒/破碎测试
SilverPalace/Content/ArtRes/EnvRes/OpenWorld/PeerageDistrict/PlaceHolder/Buildings/CompanyWarehouse/PH_CompanyWarehouse_Box_A01.PH_CompanyWarehouse_Box_A01,PH_CompanyWarehouse_Box_A01,StaticMesh,占位/白盒/破碎测试
SilverPalace/Content/ArtRes/EnvRes/OpenWorld/PeerageDistrict/PlaceHolder/Buildings/CompanyWarehouse/PH_CompanyWarehouse_Box_A02.PH_CompanyWarehouse_Box_A02,PH_CompanyWarehouse_Box_A02,StaticMesh,占位/白盒/破碎测试
SilverPalace/Content/ArtRes/EnvRes/OpenWorld/PeerageDistrict/PlaceHolder/Buildings/CompanyWarehouse/PH_CompanyWarehouse_Box_B01.PH_CompanyWarehouse_Box_B01,PH_CompanyWarehouse_Box_B01,StaticMesh,占位/白盒/破碎测试
SilverPalace/Content/ArtRes/EnvRes/OpenWorld/PeerageDistrict/PlaceHolder/Buildings/CompanyWarehouse/PH_CompanyWarehouse_Box_B02.PH_CompanyWarehouse_Box_B02,PH_CompanyWarehouse_Box_B02,StaticMesh,占位/白盒/破碎测试
SilverPalace/Content/ArtRes/EnvRes/OpenWorld/PeerageDistrict/PlaceHolder/Buildings/CompanyWarehouse/PH_CompanyWarehouse_Box_C01.PH_CompanyWarehouse_Box_C01,PH_CompanyWarehouse_Box_C01,StaticMesh,占位/白盒/破碎测试
SilverPalace/Content/ArtRes/EnvRes/OpenWorld/PeerageDistrict/PlaceHolder/Buildings/CompanyWarehouse/PH_CompanyWarehouse_Box_D01.PH_CompanyWarehouse_Box_D01,PH_CompanyWarehouse_Box_D01,StaticMesh,占位/白盒/破碎测试
SilverPalace/Content/ArtRes/EnvRes/OpenWorld/PeerageDistrict/PlaceHolder/Buildings/CompanyWarehouse/PH_CompanyWarehouse_Chandelier_A01.PH_CompanyWarehouse_Chandelier_A01,PH_CompanyWarehouse_Chandelier_A01,StaticMesh,占位/白盒/破碎测试
SilverPalace/Content/ArtRes/EnvRes/OpenWorld/PeerageDistrict/PlaceHolder/Buildings/CompanyWarehouse/PH_CompanyWarehouse_Elevator_A01.PH_CompanyWarehouse_Elevator_A01,PH_CompanyWarehouse_Elevator_A01,StaticMesh,占位/白盒/破碎测试
SilverPalace/Content/ArtRes/EnvRes/OpenWorld/PeerageDistrict/PlaceHolder/Buildings/CompanyWarehouse/PH_CompanyWarehouse_Elevator_A02.PH_CompanyWarehouse_Elevator_A02,PH_CompanyWarehouse_Elevator_A02,StaticMesh,占位/白盒/破碎测试
SilverPalace/Content/ArtRes/EnvRes/OpenWorld/PeerageDistrict/PlaceHolder/Buildings/CompanyWarehouse/PH_CompanyWarehouse_Export_A01.PH_CompanyWarehouse_Export_A01,PH_CompanyWarehouse_Export_A01,StaticMesh,占位/白盒/破碎测试
SilverPalace/Content/ArtRes/EnvRes/OpenWorld/PeerageDistrict/PlaceHolder/Buildings/CompanyWarehouse/PH_CompanyWarehouse_FakeDoor_A01.PH_CompanyWarehouse_FakeDoor_A01,PH_CompanyWarehouse_FakeDoor_A01,StaticMesh,占位/白盒/破碎测试
SilverPalace/Content/ArtRes/EnvRes/OpenWorld/PeerageDistrict/PlaceHolder/Buildings/CompanyWarehouse/PH_CompanyWarehouse_Guardrail_A01.PH_CompanyWarehouse_Guardrail_A01,PH_CompanyWarehouse_Guardrail_A01,StaticMesh,占位/白盒/破碎测试
SilverPalace/Content/ArtRes/EnvRes/OpenWorld/PeerageDistrict/PlaceHolder/Buildings/CompanyWarehouse/PH_CompanyWarehouse_Guardrail_A02.PH_CompanyWarehouse_Guardrail_A02,PH_CompanyWarehouse_Guardrail_A02,StaticMesh,占位/白盒/破碎测试
SilverPalace/Content/ArtRes/EnvRes/OpenWorld/PeerageDistrict/PlaceHolder/Buildings/CompanyWarehouse/PH_CompanyWarehouse_IronGate_A01.PH_CompanyWarehouse_IronGate_A01,PH_CompanyWarehouse_IronGate_A01,StaticMesh,占位/白盒/破碎测试
SilverPalace/Content/ArtRes/EnvRes/OpenWorld/PeerageDistrict/PlaceHolder/Buildings/CompanyWarehouse/PH_CompanyWarehouse_IronGate_A02.PH_CompanyWarehouse_IronGate_A02,PH_CompanyWarehouse_IronGate_A02,StaticMesh,占位/白盒/破碎测试
SilverPalace/Content/ArtRes/EnvRes/OpenWorld/PeerageDistrict/PlaceHolder/Buildings/CompanyWarehouse/PH_CompanyWarehouse_MainBeam_A01.PH_CompanyWarehouse_MainBeam_A01,PH_CompanyWarehouse_MainBeam_A01,StaticMesh,占位/白盒/破碎测试
SilverPalace/Content/ArtRes/EnvRes/OpenWorld/PeerageDistrict/PlaceHolder/Buildings/CompanyWarehouse/PH_CompanyWarehouse_MainBeam_A03.PH_CompanyWarehouse_MainBeam_A03,PH_CompanyWarehouse_MainBeam_A03,StaticMesh,占位/白盒/破碎测试
SilverPalace/Content/ArtRes/EnvRes/OpenWorld/PeerageDistrict/PlaceHolder/Buildings/CompanyWarehouse/PH_CompanyWarehouse_Platform_A01.PH_CompanyWarehouse_Platform_A01,PH_CompanyWarehouse_Platform_A01,StaticMesh,占位/白盒/破碎测试
SilverPalace/Content/ArtRes/EnvRes/OpenWorld/PeerageDistrict/PlaceHolder/Buildings/CompanyWarehouse/PH_CompanyWarehouse_Shelf_A01.PH_CompanyWarehouse_Shelf_A01,PH_CompanyWarehouse_Shelf_A01,StaticMesh,占位/白盒/破碎测试
SilverPalace/Content/ArtRes/EnvRes/OpenWorld/PeerageDistrict/PlaceHolder/Buildings/CompanyWarehouse/PH_CompanyWarehouse_Shelf_A02.PH_CompanyWarehouse_Shelf_A02,PH_CompanyWarehouse_Shelf_A02,StaticMesh,占位/白盒/破碎测试
SilverPalace/Content/ArtRes/EnvRes/OpenWorld/PeerageDistrict/PlaceHolder/Buildings/CompanyWarehouse/PH_CompanyWarehouse_Stairwell_A01.PH_CompanyWarehouse_Stairwell_A01,PH_CompanyWarehouse_Stairwell_A01,StaticMesh,占位/白盒/破碎测试
SilverPalace/Content/ArtRes/EnvRes/OpenWorld/PeerageDistrict/PlaceHolder/Buildings/CompanyWarehouse/PH_CompanyWarehouse_Stairwell_A02.PH_CompanyWarehouse_Stairwell_A02,PH_CompanyWarehouse_Stairwell_A02,StaticMesh,占位/白盒/破碎测试
SilverPalace/Content/ArtRes/EnvRes/OpenWorld/PeerageDistrict/PlaceHolder/Buildings/CompanyWarehouse/PH_CompanyWarehouse_StructuralWall_A01.PH_CompanyWarehouse_StructuralWall_A01,PH_CompanyWarehouse_StructuralWall_A01,StaticMesh,占位/白盒/破碎测试
SilverPalace/Content/ArtRes/EnvRes/OpenWorld/PeerageDistrict/PlaceHolder/Buildings/CompanyWarehouse/PH_CompanyWarehouse_StructuralWall_A02.PH_CompanyWarehouse_StructuralWall_A02,PH_CompanyWarehouse_StructuralWall_A02,StaticMesh,占位/白盒/破碎测试
SilverPalace/Content/ArtRes/EnvRes/OpenWorld/PeerageDistrict/PlaceHolder/Buildings/CompanyWarehouse/PH_CompanyWarehouse_Ventilator_A01.PH_CompanyWarehouse_Ventilator_A01,PH_CompanyWarehouse_Ventilator_A01,StaticMesh,占位/白盒/破碎测试
SilverPalace/Content/ArtRes/EnvRes/OpenWorld/PeerageDistrict/PlaceHolder/Buildings/CompanyWarehouse/PH_CompanyWarehouse_Wall_Lamp_A01.PH_CompanyWarehouse_Wall_Lamp_A01,PH_CompanyWarehouse_Wall_Lamp_A01,StaticMesh,占位/白盒/破碎测试
SilverPalace/Content/ArtRes/EnvRes/OpenWorld/PeerageDistrict/PlaceHolder/Buildings/CompanyWarehouse/PH_CompanyWarehouse_Window_A01.PH_CompanyWarehouse_Window_A01,PH_CompanyWarehouse_Window_A01,StaticMesh,占位/白盒/破碎测试
SilverPalace/Content/ArtRes/EnvRes/OpenWorld/PeerageDistrict/PlaceHolder/Buildings/CompanyWarehouse/PH_PD_BLDN_CompanyWarehouse_Building_A02.PH_PD_BLDN_CompanyWarehouse_Building_A02,PH_PD_BLDN_CompanyWarehouse_Building_A02,StaticMesh,占位/白盒/破碎测试
SilverPalace/Content/ArtRes/EnvRes/OpenWorld/PeerageDistrict/PlaceHolder/Buildings/CompanyWarehouse/PH_PD_BLDN_CompanyWarehouse_Building_A03.PH_PD_BLDN_CompanyWarehouse_Building_A03,PH_PD_BLDN_CompanyWarehouse_Building_A03,StaticMesh,占位/白盒/破碎测试
SilverPalace/Content/ArtRes/EnvRes/OpenWorld/PeerageDistrict/PlaceHolder/Buildings/CompanyWarehouse/PH_PD_BLDN_CompanyWarehouse_Building_B01.PH_PD_BLDN_CompanyWarehouse_Building_B01,PH_PD_BLDN_CompanyWarehouse_Building_B01,StaticMesh,占位/白盒/破碎测试
SilverPalace/Content/ArtRes/EnvRes/OpenWorld/PeerageDistrict/PlaceHolder/Buildings/CompanyWarehouse/PH_PD_BLDN_CompanyWarehouse_Building_B02.PH_PD_BLDN_CompanyWarehouse_Building_B02,PH_PD_BLDN_CompanyWarehouse_Building_B02,StaticMesh,占位/白盒/破碎测试
SilverPalace/Content/ArtRes/EnvRes/OpenWorld/PeerageDistrict/PlaceHolder/Buildings/CompanyWarehouse/PH_PD_BLDN_CompanyWarehouse_Building_B03.PH_PD_BLDN_CompanyWarehouse_Building_B03,PH_PD_BLDN_CompanyWarehouse_Building_B03,StaticMesh,占位/白盒/破碎测试
SilverPalace/Content/ArtRes/EnvRes/OpenWorld/PeerageDistrict/PlaceHolder/Buildings/CompanyWarehouse/PH_PD_BLDN_CompanyWarehouse_Building_PH_PD_BLDN_CompanyWarehouse_Building_001.PH_PD_BLDN_CompanyWarehouse_Building_PH_PD_BLDN_CompanyWarehouse_Building_001,PH_PD_BLDN_CompanyWarehouse_Building_PH_PD_BLDN_CompanyWarehouse_Building_001,StaticMesh,占位/白盒/破碎测试
SilverPalace/Content/ArtRes/EnvRes/OpenWorld/PeerageDistrict/PlaceHolder/Buildings/CompanyWarehouse/PH_PD_BLDN_CompanyWarehouse_Building_PH_PD_BLDN_CompanyWarehouse_Building_002.PH_PD_BLDN_CompanyWarehouse_Building_PH_PD_BLDN_CompanyWarehouse_Building_002,PH_PD_BLDN_CompanyWarehouse_Building_PH_PD_BLDN_CompanyWarehouse_Building_002,StaticMesh,占位/白盒/破碎测试
SilverPalace/Content/ArtRes/EnvRes/OpenWorld/PeerageDistrict/PlaceHolder/Buildings/CompanyWarehouse/PH_PD_BLDN_CompanyWarehouse_Building_PH_PD_BLDN_CompanyWarehouse_Building_003.PH_PD_BLDN_CompanyWarehouse_Building_PH_PD_BLDN_CompanyWarehouse_Building_003,PH_PD_BLDN_CompanyWarehouse_Building_PH_PD_BLDN_CompanyWarehouse_Building_003,StaticMesh,占位/白盒/破碎测试
SilverPalace/Content/ArtRes/EnvRes/OpenWorld/PeerageDistrict/PlaceHolder/Buildings/CompanyWarehouse/PH_PD_BLDN_CompanyWarehouse_Building_PH_PD_BLDN_CompanyWarehouse_Building_004.PH_PD_BLDN_CompanyWarehouse_Building_PH_PD_BLDN_CompanyWarehouse_Building_004,PH_PD_BLDN_CompanyWarehouse_Building_PH_PD_BLDN_CompanyWarehouse_Building_004,StaticMesh,占位/白盒/破碎测试
SilverPalace/Content/ArtRes/EnvRes/OpenWorld/PeerageDistrict/PlaceHolder/Buildings/CompanyWarehouse/PH_PD_BLDN_CompanyWarehouse_Building_PH_PD_BLDN_CompanyWarehouse_Building_005.PH_PD_BLDN_CompanyWarehouse_Building_PH_PD_BLDN_CompanyWarehouse_Building_005,PH_PD_BLDN_CompanyWarehouse_Building_PH_PD_BLDN_CompanyWarehouse_Building_005,StaticMesh,占位/白盒/破碎测试
SilverPalace/Content/ArtRes/EnvRes/OpenWorld/PeerageDistrict/PlaceHolder/Buildings/CompanyWarehouse/PH_PD_BLDN_CompanyWarehouse_Building_PH_PD_BLDN_CompanyWarehouse_Building_007.PH_PD_BLDN_CompanyWarehouse_Building_PH_PD_BLDN_CompanyWarehouse_Building_007,PH_PD_BLDN_CompanyWarehouse_Building_PH_PD_BLDN_CompanyWarehouse_Building_007,StaticMesh,占位/白盒/破碎测试
SilverPalace/Content/ArtRes/EnvRes/OpenWorld/PeerageDistrict/PlaceHolder/Buildings/CompanyWarehouse/PH_PD_BLDN_CompanyWarehouse_Building_PH_PD_BLDN_CompanyWarehouse_Building_008.PH_PD_BLDN_CompanyWarehouse_Building_PH_PD_BLDN_CompanyWarehouse_Building_008,PH_PD_BLDN_CompanyWarehouse_Building_PH_PD_BLDN_CompanyWarehouse_Building_008,StaticMesh,占位/白盒/破碎测试
SilverPalace/Content/ArtRes/EnvRes/OpenWorld/PeerageDistrict/PlaceHolder/Buildings/CompanyWarehouse/PH_PD_BLDN_CompanyWarehouse_Building_PH_PD_BLDN_CompanyWarehouse_Building_009.PH_PD_BLDN_CompanyWarehouse_Building_PH_PD_BLDN_CompanyWarehouse_Building_009,PH_PD_BLDN_CompanyWarehouse_Building_PH_PD_BLDN_CompanyWarehouse_Building_009,StaticMesh,占位/白盒/破碎测试
SilverPalace/Content/ArtRes/EnvRes/OpenWorld/PeerageDistrict/PlaceHolder/Buildings/CompanyWarehouse/PH_PD_BLDN_CompanyWarehouse_Building_PH_PD_BLDN_CompanyWarehouse_Building_010.PH_PD_BLDN_CompanyWarehouse_Building_PH_PD_BLDN_CompanyWarehouse_Building_010,PH_PD_BLDN_CompanyWarehouse_Building_PH_PD_BLDN_CompanyWarehouse_Building_010,StaticMesh,占位/白盒/破碎测试
SilverPalace/Content/ArtRes/EnvRes/OpenWorld/PeerageDistrict/PlaceHolder/Buildings/CompanyWarehouse/PH_PD_BLDN_CompanyWarehouse_Building_PH_PD_BLDN_CompanyWarehouse_Building_011.PH_PD_BLDN_CompanyWarehouse_Building_PH_PD_BLDN_CompanyWarehouse_Building_011,PH_PD_BLDN_CompanyWarehouse_Building_PH_PD_BLDN_CompanyWarehouse_Building_011,StaticMesh,占位/白盒/破碎测试
SilverPalace/Content/ArtRes/EnvRes/OpenWorld/PeerageDistrict/PlaceHolder/Buildings/CompanyWarehouse/PH_PD_BLDN_CompanyWarehouse_Building_PH_PD_BLDN_CompanyWarehouse_Building_012.PH_PD_BLDN_CompanyWarehouse_Building_PH_PD_BLDN_CompanyWarehouse_Building_012,PH_PD_BLDN_CompanyWarehouse_Building_PH_PD_BLDN_CompanyWarehouse_Building_012,StaticMesh,占位/白盒/破碎测试
SilverPalace/Content/ArtRes/EnvRes/OpenWorld/PeerageDistrict/PlaceHolder/Buildings/CompanyWarehouse/PH_PD_BLDN_CompanyWarehouse_Building_PH_PD_BLDN_CompanyWarehouse_Building_013.PH_PD_BLDN_CompanyWarehouse_Building_PH_PD_BLDN_CompanyWarehouse_Building_013,PH_PD_BLDN_CompanyWarehouse_Building_PH_PD_BLDN_CompanyWarehouse_Building_013,StaticMesh,占位/白盒/破碎测试
SilverPalace/Content/ArtRes/EnvRes/OpenWorld/PeerageDistrict/PlaceHolder/Buildings/CompanyWarehouse/PH_PD_BLDN_CompanyWarehouse_Building_PH_PD_BLDN_CompanyWarehouse_Building_014.PH_PD_BLDN_CompanyWarehouse_Building_PH_PD_BLDN_CompanyWarehouse_Building_014,PH_PD_BLDN_CompanyWarehouse_Building_PH_PD_BLDN_CompanyWarehouse_Building_014,StaticMesh,占位/白盒/破碎测试
SilverPalace/Content/ArtRes/EnvRes/OpenWorld/PeerageDistrict/PlaceHolder/Buildings/CompanyWarehouse/PH_PD_BLDN_CompanyWarehouse_Building_PH_PD_BLDN_CompanyWarehouse_Building_015.PH_PD_BLDN_CompanyWarehouse_Building_PH_PD_BLDN_CompanyWarehouse_Building_015,PH_PD_BLDN_CompanyWarehouse_Building_PH_PD_BLDN_CompanyWarehouse_Building_015,StaticMesh,占位/白盒/破碎测试
SilverPalace/Content/ArtRes/EnvRes/OpenWorld/PeerageDistrict/PlaceHolder/Buildings/CompanyWarehouse/PH_PD_BLDN_CompanyWarehouse_Building_PH_PD_BLDN_CompanyWarehouse_Building_016.PH_PD_BLDN_CompanyWarehouse_Building_PH_PD_BLDN_CompanyWarehouse_Building_016,PH_PD_BLDN_CompanyWarehouse_Building_PH_PD_BLDN_CompanyWarehouse_Building_016,StaticMesh,占位/白盒/破碎测试
SilverPalace/Content/ArtRes/EnvRes/OpenWorld/PeerageDistrict/PlaceHolder/Buildings/CompanyWarehouse/PH_PD_BLDN_CompanyWarehouse_Building_PH_PD_BLDN_CompanyWarehouse_Building_017.PH_PD_BLDN_CompanyWarehouse_Building_PH_PD_BLDN_CompanyWarehouse_Building_017,PH_PD_BLDN_CompanyWarehouse_Building_PH_PD_BLDN_CompanyWarehouse_Building_017,StaticMesh,占位/白盒/破碎测试
SilverPalace/Content/ArtRes/EnvRes/OpenWorld/PeerageDistrict/PlaceHolder/Buildings/Corridor/PH_Corridor_Stone_01.PH_Corridor_Stone_01,PH_Corridor_Stone_01,StaticMesh,占位/白盒/破碎测试
SilverPalace/Content/ArtRes/EnvRes/OpenWorld/PeerageDistrict/PlaceHolder/Buildings/Corridor/PH_Corridor_Stone_02.PH_Corridor_Stone_02,PH_Corridor_Stone_02,StaticMesh,占位/白盒/破碎测试
SilverPalace/Content/ArtRes/EnvRes/OpenWorld/PeerageDistrict/PlaceHolder/Buildings/Corridor/PH_Corridor_Stone_03.PH_Corridor_Stone_03,PH_Corridor_Stone_03,StaticMesh,占位/白盒/破碎测试
SilverPalace/Content/ArtRes/EnvRes/OpenWorld/PeerageDistrict/PlaceHolder/Buildings/Corridor/PH_Corridor_Stone_04.PH_Corridor_Stone_04,PH_Corridor_Stone_04,StaticMesh,占位/白盒/破碎测试
SilverPalace/Content/ArtRes/EnvRes/OpenWorld/PeerageDistrict/PlaceHolder/Buildings/Corridor/PH_Corridor_Stone_05.PH_Corridor_Stone_05,PH_Corridor_Stone_05,StaticMesh,占位/白盒/破碎测试
SilverPalace/Content/ArtRes/EnvRes/OpenWorld/PeerageDistrict/PlaceHolder/Buildings/Corridor/PH_Corridor_Stone_05a.PH_Corridor_Stone_05a,PH_Corridor_Stone_05a,StaticMesh,占位/白盒/破碎测试
SilverPalace/Content/ArtRes/EnvRes/OpenWorld/PeerageDistrict/PlaceHolder/Buildings/Corridor/PH_Corridor_Stone_05b.PH_Corridor_Stone_05b,PH_Corridor_Stone_05b,StaticMesh,占位/白盒/破碎测试
SilverPalace/Content/ArtRes/EnvRes/OpenWorld/PeerageDistrict/PlaceHolder/Buildings/Corridor/PH_Corridor_Stone_06.PH_Corridor_Stone_06,PH_Corridor_Stone_06,StaticMesh,占位/白盒/破碎测试
SilverPalace/Content/ArtRes/EnvRes/OpenWorld/PeerageDistrict/PlaceHolder/Buildings/Corridor/PH_Trim_Bottom_Stone_01.PH_Trim_Bottom_Stone_01,PH_Trim_Bottom_Stone_01,StaticMesh,占位/白盒/破碎测试
SilverPalace/Content/ArtRes/EnvRes/OpenWorld/PeerageDistrict/PlaceHolder/Buildings/Corridor/PH_Trim_Middle_Stone_01.PH_Trim_Middle_Stone_01,PH_Trim_Middle_Stone_01,StaticMesh,占位/白盒/破碎测试
SilverPalace/Content/ArtRes/EnvRes/OpenWorld/PeerageDistrict/PlaceHolder/Buildings/Corridor/PH_Trim_Top_Stone_01.PH_Trim_Top_Stone_01,PH_Trim_Top_Stone_01,StaticMesh,占位/白盒/破碎测试
SilverPalace/Content/ArtRes/EnvRes/OpenWorld/PeerageDistrict/PlaceHolder/Buildings/CrossGarden/PH_CrossGarden_04.PH_CrossGarden_04,PH_CrossGarden_04,StaticMesh,占位/白盒/破碎测试
SilverPalace/Content/ArtRes/EnvRes/OpenWorld/PeerageDistrict/PlaceHolder/Buildings/Dun_Room/PH_Dun_Room_Door_03.PH_Dun_Room_Door_03,PH_Dun_Room_Door_03,StaticMesh,占位/白盒/破碎测试
SilverPalace/Content/ArtRes/EnvRes/OpenWorld/PeerageDistrict/PlaceHolder/Buildings/Dun_Room/PH_Dun_Room_Railing_02.PH_Dun_Room_Railing_02,PH_Dun_Room_Railing_02,StaticMesh,占位/白盒/破碎测试
SilverPalace/Content/ArtRes/EnvRes/OpenWorld/PeerageDistrict/PlaceHolder/Buildings/Dun_Room/PH_Dun_Room_Stairs_01.PH_Dun_Room_Stairs_01,PH_Dun_Room_Stairs_01,StaticMesh,占位/白盒/破碎测试
SilverPalace/Content/ArtRes/EnvRes/OpenWorld/PeerageDistrict/PlaceHolder/Buildings/Dun_Room/PH_Dun_Room_Stairs_03.PH_Dun_Room_Stairs_03,PH_Dun_Room_Stairs_03,StaticMesh,占位/白盒/破碎测试
SilverPalace/Content/ArtRes/EnvRes/OpenWorld/PeerageDistrict/PlaceHolder/Buildings/Dun_Room/PH_Dun_Room_Wall_02.PH_Dun_Room_Wall_02,PH_Dun_Room_Wall_02,StaticMesh,占位/白盒/破碎测试
SilverPalace/Content/ArtRes/EnvRes/OpenWorld/PeerageDistrict/PlaceHolder/Buildings/Dun_Room/PH_Dun_Room_Wall_03.PH_Dun_Room_Wall_03,PH_Dun_Room_Wall_03,StaticMesh,占位/白盒/破碎测试
SilverPalace/Content/ArtRes/EnvRes/OpenWorld/PeerageDistrict/PlaceHolder/Buildings/Dun_Room/PH_Dun_Room_Wall_07.PH_Dun_Room_Wall_07,PH_Dun_Room_Wall_07,StaticMesh,占位/白盒/破碎测试
SilverPalace/Content/ArtRes/EnvRes/OpenWorld/PeerageDistrict/PlaceHolder/Buildings/Dun_Room/PH_Dun_Room_Window_05.PH_Dun_Room_Window_05,PH_Dun_Room_Window_05,StaticMesh,占位/白盒/破碎测试
SilverPalace/Content/ArtRes/EnvRes/OpenWorld/PeerageDistrict/PlaceHolder/Buildings/Factory/Bright/PH_Factory_Bright_Arch_03B.PH_Factory_Bright_Arch_03B,PH_Factory_Bright_Arch_03B,StaticMesh,占位/白盒/破碎测试
SilverPalace/Content/ArtRes/EnvRes/OpenWorld/PeerageDistrict/PlaceHolder/Buildings/Factory/Corridor/PH_Factory_Corridor_Door_02A.PH_Factory_Corridor_Door_02A,PH_Factory_Corridor_Door_02A,StaticMesh,占位/白盒/破碎测试
SilverPalace/Content/ArtRes/EnvRes/OpenWorld/PeerageDistrict/PlaceHolder/Buildings/Factory/Corridor/PH_Factory_Corridor_Wall_Trim_01A.PH_Factory_Corridor_Wall_Trim_01A,PH_Factory_Corridor_Wall_Trim_01A,StaticMesh,占位/白盒/破碎测试
SilverPalace/Content/ArtRes/EnvRes/OpenWorld/PeerageDistrict/PlaceHolder/Buildings/Factory/Corridor/PH_Factory_Corridor_Wall_Trim_02A.PH_Factory_Corridor_Wall_Trim_02A,PH_Factory_Corridor_Wall_Trim_02A,StaticMesh,占位/白盒/破碎测试
SilverPalace/Content/ArtRes/EnvRes/OpenWorld/PeerageDistrict/PlaceHolder/Buildings/Factory/Dark/PH_Factory_Dark_ControlPanel_01A.PH_Factory_Dark_ControlPanel_01A,PH_Factory_Dark_ControlPanel_01A,StaticMesh,占位/白盒/破碎测试
SilverPalace/Content/ArtRes/EnvRes/OpenWorld/PeerageDistrict/PlaceHolder/Buildings/Factory/Dark/PH_Factory_Dark_OreSand_Large.PH_Factory_Dark_OreSand_Large,PH_Factory_Dark_OreSand_Large,StaticMesh,占位/白盒/破碎测试
SilverPalace/Content/ArtRes/EnvRes/OpenWorld/PeerageDistrict/PlaceHolder/Buildings/Factory/Dark/PH_Factory_Dark_OreSand_Medium.PH_Factory_Dark_OreSand_Medium,PH_Factory_Dark_OreSand_Medium,StaticMesh,占位/白盒/破碎测试
SilverPalace/Content/ArtRes/EnvRes/OpenWorld/PeerageDistrict/PlaceHolder/Buildings/Factory/Dark/PH_Factory_Dark_Wall_Pilaster_01A.PH_Factory_Dark_Wall_Pilaster_01A,PH_Factory_Dark_Wall_Pilaster_01A,StaticMesh,占位/白盒/破碎测试
SilverPalace/Content/ArtRes/EnvRes/OpenWorld/PeerageDistrict/PlaceHolder/Buildings/Factory/Office/PH_Factory_Office_Clock_02A.PH_Factory_Office_Clock_02A,PH_Factory_Office_Clock_02A,StaticMesh,占位/白盒/破碎测试
SilverPalace/Content/ArtRes/EnvRes/OpenWorld/PeerageDistrict/PlaceHolder/Buildings/Factory/Office/PH_Factory_Office_Clothes_01A.PH_Factory_Office_Clothes_01A,PH_Factory_Office_Clothes_01A,StaticMesh,占位/白盒/破碎测试
SilverPalace/Content/ArtRes/EnvRes/OpenWorld/PeerageDistrict/PlaceHolder/Buildings/Factory/Office/PH_Factory_Office_Clothes_Hook_01A.PH_Factory_Office_Clothes_Hook_01A,PH_Factory_Office_Clothes_Hook_01A,StaticMesh,占位/白盒/破碎测试
SilverPalace/Content/ArtRes/EnvRes/OpenWorld/PeerageDistrict/PlaceHolder/Buildings/Factory/Office/PH_Factory_Office_Electric_Fan_02A.PH_Factory_Office_Electric_Fan_02A,PH_Factory_Office_Electric_Fan_02A,StaticMesh,占位/白盒/破碎测试
SilverPalace/Content/ArtRes/EnvRes/OpenWorld/PeerageDistrict/PlaceHolder/Buildings/Factory/Office/PH_Factory_Office_Hourglass_01A.PH_Factory_Office_Hourglass_01A,PH_Factory_Office_Hourglass_01A,StaticMesh,占位/白盒/破碎测试
SilverPalace/Content/ArtRes/EnvRes/OpenWorld/PeerageDistrict/PlaceHolder/Buildings/Factory/Office/PH_Factory_Office_Medication_Table_01A.PH_Factory_Office_Medication_Table_01A,PH_Factory_Office_Medication_Table_01A,StaticMesh,占位/白盒/破碎测试
SilverPalace/Content/ArtRes/EnvRes/OpenWorld/PeerageDistrict/PlaceHolder/Buildings/Factory/Office/PH_Factory_Office_Message_Wall_01A.PH_Factory_Office_Message_Wall_01A,PH_Factory_Office_Message_Wall_01A,StaticMesh,占位/白盒/破碎测试
SilverPalace/Content/ArtRes/EnvRes/OpenWorld/PeerageDistrict/PlaceHolder/Buildings/FlowerHouse/PH_Flowerhouse_01_1F_Inside/PH_Flowerhouse_01_1F_Stairs.PH_Flowerhouse_01_1F_Stairs,PH_Flowerhouse_01_1F_Stairs,StaticMesh,占位/白盒/破碎测试
SilverPalace/Content/ArtRes/EnvRes/OpenWorld/PeerageDistrict/PlaceHolder/Buildings/FlowerHouse/PH_Flowerhouse_01_3F/PH_Flowerhouse_01_3F_Handdrail_A01_02.PH_Flowerhouse_01_3F_Handdrail_A01_02,PH_Flowerhouse_01_3F_Handdrail_A01_02,StaticMesh,占位/白盒/破碎测试
SilverPalace/Content/ArtRes/EnvRes/OpenWorld/PeerageDistrict/PlaceHolder/Buildings/GulliverStreet/TheaterStage/PH_PD_BLDN_OperaHouse_Sculpture_01A.PH_PD_BLDN_OperaHouse_Sculpture_01A,PH_PD_BLDN_OperaHouse_Sculpture_01A,StaticMesh,占位/白盒/破碎测试
SilverPalace/Content/ArtRes/EnvRes/OpenWorld/PeerageDistrict/PlaceHolder/Buildings/GulliverStreet/TheaterStage/PH_PD_BLDN_OperaHouse_Sculpture_02A.PH_PD_BLDN_OperaHouse_Sculpture_02A,PH_PD_BLDN_OperaHouse_Sculpture_02A,StaticMesh,占位/白盒/破碎测试
SilverPalace/Content/ArtRes/EnvRes/OpenWorld/PeerageDistrict/PlaceHolder/Buildings/HeartsArrows/PH_HeartsArrowsQuadric_03.PH_HeartsArrowsQuadric_03,PH_HeartsArrowsQuadric_03,StaticMesh,占位/白盒/破碎测试
SilverPalace/Content/ArtRes/EnvRes/OpenWorld/PeerageDistrict/PlaceHolder/Buildings/HeartsArrows/PH_HeartsArrowsQuadric_29.PH_HeartsArrowsQuadric_29,PH_HeartsArrowsQuadric_29,StaticMesh,占位/白盒/破碎测试
SilverPalace/Content/ArtRes/EnvRes/OpenWorld/PeerageDistrict/PlaceHolder/Buildings/HygieiaMedical/PH_HygieiaMedical_Metal_03.PH_HygieiaMedical_Metal_03,PH_HygieiaMedical_Metal_03,StaticMesh,占位/白盒/破碎测试
SilverPalace/Content/ArtRes/EnvRes/OpenWorld/PeerageDistrict/PlaceHolder/Buildings/HygieiaMedical/PH_HygieiaMedical_Phone_01.PH_HygieiaMedical_Phone_01,PH_HygieiaMedical_Phone_01,StaticMesh,占位/白盒/破碎测试
SilverPalace/Content/ArtRes/EnvRes/OpenWorld/PeerageDistrict/PlaceHolder/Buildings/HygieiaMedical/PH_HygieiaMedical_Table_01.PH_HygieiaMedical_Table_01,PH_HygieiaMedical_Table_01,StaticMesh,占位/白盒/破碎测试
SilverPalace/Content/ArtRes/EnvRes/OpenWorld/PeerageDistrict/PlaceHolder/Buildings/HygieiaMedical/PH_HygieiaMedical_Table_02.PH_HygieiaMedical_Table_02,PH_HygieiaMedical_Table_02,StaticMesh,占位/白盒/破碎测试
SilverPalace/Content/ArtRes/EnvRes/OpenWorld/PeerageDistrict/PlaceHolder/Buildings/JangshenClub/PH_JangshenClub_01A.PH_JangshenClub_01A,PH_JangshenClub_01A,StaticMesh,占位/白盒/破碎测试
SilverPalace/Content/ArtRes/EnvRes/OpenWorld/PeerageDistrict/PlaceHolder/Buildings/JangshenClub/PH_JangshenClub_Corner_Top_01.PH_JangshenClub_Corner_Top_01,PH_JangshenClub_Corner_Top_01,StaticMesh,占位/白盒/破碎测试
SilverPalace/Content/ArtRes/EnvRes/OpenWorld/PeerageDistrict/PlaceHolder/Buildings/JangshenClub/PH_JangshenClub_Corner_Wall_01.PH_JangshenClub_Corner_Wall_01,PH_JangshenClub_Corner_Wall_01,StaticMesh,占位/白盒/破碎测试
SilverPalace/Content/ArtRes/EnvRes/OpenWorld/PeerageDistrict/PlaceHolder/Buildings/JangshenClub/PH_JangshenClub_Corner_Wall_02.PH_JangshenClub_Corner_Wall_02,PH_JangshenClub_Corner_Wall_02,StaticMesh,占位/白盒/破碎测试
SilverPalace/Content/ArtRes/EnvRes/OpenWorld/PeerageDistrict/PlaceHolder/Buildings/JangshenClub/PH_JangshenClub_Curtains_Fabric_01.PH_JangshenClub_Curtains_Fabric_01,PH_JangshenClub_Curtains_Fabric_01,StaticMesh,占位/白盒/破碎测试
SilverPalace/Content/ArtRes/EnvRes/OpenWorld/PeerageDistrict/PlaceHolder/Buildings/JangshenClub/PH_JangshenClub_Curtains_Fabric_02A.PH_JangshenClub_Curtains_Fabric_02A,PH_JangshenClub_Curtains_Fabric_02A,StaticMesh,占位/白盒/破碎测试
SilverPalace/Content/ArtRes/EnvRes/OpenWorld/PeerageDistrict/PlaceHolder/Buildings/JangshenClub/PH_JangshenClub_Curtains_Fabric_03A.PH_JangshenClub_Curtains_Fabric_03A,PH_JangshenClub_Curtains_Fabric_03A,StaticMesh,占位/白盒/破碎测试
SilverPalace/Content/ArtRes/EnvRes/OpenWorld/PeerageDistrict/PlaceHolder/Buildings/JangshenClub/PH_JangshenClub_Floor_01.PH_JangshenClub_Floor_01,PH_JangshenClub_Floor_01,StaticMesh,占位/白盒/破碎测试
SilverPalace/Content/ArtRes/EnvRes/OpenWorld/PeerageDistrict/PlaceHolder/Buildings/JangshenClub/PH_JangshenClub_Floor_01A.PH_JangshenClub_Floor_01A,PH_JangshenClub_Floor_01A,StaticMesh,占位/白盒/破碎测试
SilverPalace/Content/ArtRes/EnvRes/OpenWorld/PeerageDistrict/PlaceHolder/Buildings/JangshenClub/PH_JangshenClub_Light_01.PH_JangshenClub_Light_01,PH_JangshenClub_Light_01,StaticMesh,占位/白盒/破碎测试
SilverPalace/Content/ArtRes/EnvRes/OpenWorld/PeerageDistrict/PlaceHolder/Buildings/JangshenClub/PH_JangshenClub_Light_01A.PH_JangshenClub_Light_01A,PH_JangshenClub_Light_01A,StaticMesh,占位/白盒/破碎测试
SilverPalace/Content/ArtRes/EnvRes/OpenWorld/PeerageDistrict/PlaceHolder/Buildings/JangshenClub/PH_JangshenClub_Pillar_01.PH_JangshenClub_Pillar_01,PH_JangshenClub_Pillar_01,StaticMesh,占位/白盒/破碎测试
SilverPalace/Content/ArtRes/EnvRes/OpenWorld/PeerageDistrict/PlaceHolder/Buildings/JangshenClub/PH_JangshenClub_Pillar_02.PH_JangshenClub_Pillar_02,PH_JangshenClub_Pillar_02,StaticMesh,占位/白盒/破碎测试
SilverPalace/Content/ArtRes/EnvRes/OpenWorld/PeerageDistrict/PlaceHolder/Buildings/JangshenClub/PH_JangshenClub_Table_01A.PH_JangshenClub_Table_01A,PH_JangshenClub_Table_01A,StaticMesh,占位/白盒/破碎测试
SilverPalace/Content/ArtRes/EnvRes/OpenWorld/PeerageDistrict/PlaceHolder/Buildings/JangshenClub/PH_JangshenClub_Top_01.PH_JangshenClub_Top_01,PH_JangshenClub_Top_01,StaticMesh,占位/白盒/破碎测试
SilverPalace/Content/ArtRes/EnvRes/OpenWorld/PeerageDistrict/PlaceHolder/Buildings/JangshenClub/PH_JangshenClub_Wall_01.PH_JangshenClub_Wall_01,PH_JangshenClub_Wall_01,StaticMesh,占位/白盒/破碎测试
SilverPalace/Content/ArtRes/EnvRes/OpenWorld/PeerageDistrict/PlaceHolder/Buildings/JangshenClub/PH_JangshenClub_Wall_02.PH_JangshenClub_Wall_02,PH_JangshenClub_Wall_02,StaticMesh,占位/白盒/破碎测试
SilverPalace/Content/ArtRes/EnvRes/OpenWorld/PeerageDistrict/PlaceHolder/Buildings/JangshenClub/PH_JangshenClub_Wall_03.PH_JangshenClub_Wall_03,PH_JangshenClub_Wall_03,StaticMesh,占位/白盒/破碎测试
SilverPalace/Content/ArtRes/EnvRes/OpenWorld/PeerageDistrict/PlaceHolder/Buildings/KnightCamp/PH_KnightCamp_Sword_01A.PH_KnightCamp_Sword_01A,PH_KnightCamp_Sword_01A,StaticMesh,占位/白盒/破碎测试
SilverPalace/Content/ArtRes/EnvRes/OpenWorld/PeerageDistrict/PlaceHolder/Buildings/MidsummerNightsBar/PH_MidsummerNightsBar_light_03.PH_MidsummerNightsBar_light_03,PH_MidsummerNightsBar_light_03,StaticMesh,占位/白盒/破碎测试
SilverPalace/Content/ArtRes/EnvRes/OpenWorld/PeerageDistrict/PlaceHolder/Buildings/MidsummerNightsBar/PH_MidsummerNightsBar_piano_01.PH_MidsummerNightsBar_piano_01,PH_MidsummerNightsBar_piano_01,StaticMesh,占位/白盒/破碎测试
SilverPalace/Content/ArtRes/EnvRes/OpenWorld/PeerageDistrict/PlaceHolder/Buildings/MidsummerNightsBar/PH_MidsummerNightsBar_piano_02.PH_MidsummerNightsBar_piano_02,PH_MidsummerNightsBar_piano_02,StaticMesh,占位/白盒/破碎测试
SilverPalace/Content/ArtRes/EnvRes/OpenWorld/PeerageDistrict/PlaceHolder/Buildings/MidsummerNightsBar/PH_MidsummerNightsBar_Spotlight_01.PH_MidsummerNightsBar_Spotlight_01,PH_MidsummerNightsBar_Spotlight_01,StaticMesh,占位/白盒/破碎测试
SilverPalace/Content/ArtRes/EnvRes/OpenWorld/PeerageDistrict/PlaceHolder/Buildings/MidsummerNightsBar/PH_MidsummerNightsBar_table_01.PH_MidsummerNightsBar_table_01,PH_MidsummerNightsBar_table_01,StaticMesh,占位/白盒/破碎测试
SilverPalace/Content/ArtRes/EnvRes/OpenWorld/PeerageDistrict/PlaceHolder/Buildings/MidsummerNightsBar/PH_MidsummerNightsBar_table_02.PH_MidsummerNightsBar_table_02,PH_MidsummerNightsBar_table_02,StaticMesh,占位/白盒/破碎测试
SilverPalace/Content/ArtRes/EnvRes/OpenWorld/PeerageDistrict/PlaceHolder/Buildings/MidsummerNightsBar/PH_MidsummerNightsBar_table_03.PH_MidsummerNightsBar_table_03,PH_MidsummerNightsBar_table_03,StaticMesh,占位/白盒/破碎测试
SilverPalace/Content/ArtRes/EnvRes/OpenWorld/PeerageDistrict/PlaceHolder/Buildings/Monastery/PH_Monastery_Building_01.PH_Monastery_Building_01,PH_Monastery_Building_01,StaticMesh,占位/白盒/破碎测试
SilverPalace/Content/ArtRes/EnvRes/OpenWorld/PeerageDistrict/PlaceHolder/Buildings/Monastery/PH_Monastery_Candle_01.PH_Monastery_Candle_01,PH_Monastery_Candle_01,StaticMesh,占位/白盒/破碎测试
SilverPalace/Content/ArtRes/EnvRes/OpenWorld/PeerageDistrict/PlaceHolder/Buildings/Monastery/PH_Monastery_Candle_03.PH_Monastery_Candle_03,PH_Monastery_Candle_03,StaticMesh,占位/白盒/破碎测试
SilverPalace/Content/ArtRes/EnvRes/OpenWorld/PeerageDistrict/PlaceHolder/Buildings/Monastery/PH_Monastery_Debris_01.PH_Monastery_Debris_01,PH_Monastery_Debris_01,StaticMesh,占位/白盒/破碎测试
SilverPalace/Content/ArtRes/EnvRes/OpenWorld/PeerageDistrict/PlaceHolder/Buildings/PierreKitchen/PH_PierreKitchen_Prop_05.PH_PierreKitchen_Prop_05,PH_PierreKitchen_Prop_05,StaticMesh,占位/白盒/破碎测试
SilverPalace/Content/ArtRes/EnvRes/OpenWorld/PeerageDistrict/PlaceHolder/Buildings/PierreKitchen/PH_PierreKitchen_Prop_10.PH_PierreKitchen_Prop_10,PH_PierreKitchen_Prop_10,StaticMesh,占位/白盒/破碎测试
SilverPalace/Content/ArtRes/EnvRes/OpenWorld/PeerageDistrict/PlaceHolder/Buildings/PierreKitchen/PH_PierreKitchen_Prop_13.PH_PierreKitchen_Prop_13,PH_PierreKitchen_Prop_13,StaticMesh,占位/白盒/破碎测试
SilverPalace/Content/ArtRes/EnvRes/OpenWorld/PeerageDistrict/PlaceHolder/Buildings/PierreKitchen/PH_PierreKitchen_Prop_16.PH_PierreKitchen_Prop_16,PH_PierreKitchen_Prop_16,StaticMesh,占位/白盒/破碎测试
SilverPalace/Content/ArtRes/EnvRes/OpenWorld/PeerageDistrict/PlaceHolder/Buildings/Preston/Fence/PH_Fence_long_01.PH_Fence_long_01,PH_Fence_long_01,StaticMesh,占位/白盒/破碎测试
SilverPalace/Content/ArtRes/EnvRes/OpenWorld/PeerageDistrict/PlaceHolder/Buildings/Preston/Fence/PH_Fence_short_01.PH_Fence_short_01,PH_Fence_short_01,StaticMesh,占位/白盒/破碎测试
SilverPalace/Content/ArtRes/EnvRes/OpenWorld/PeerageDistrict/PlaceHolder/Buildings/Preston/GuardBooth/PH_GuardBooth_01.PH_GuardBooth_01,PH_GuardBooth_01,StaticMesh,占位/白盒/破碎测试
SilverPalace/Content/ArtRes/EnvRes/OpenWorld/PeerageDistrict/PlaceHolder/Buildings/Preston/Indoor/PH_Preston_Cornice_01.PH_Preston_Cornice_01,PH_Preston_Cornice_01,StaticMesh,占位/白盒/破碎测试
SilverPalace/Content/ArtRes/EnvRes/OpenWorld/PeerageDistrict/PlaceHolder/Buildings/Preston/Indoor/PH_Preston_Cornice_02.PH_Preston_Cornice_02,PH_Preston_Cornice_02,StaticMesh,占位/白盒/破碎测试
SilverPalace/Content/ArtRes/EnvRes/OpenWorld/PeerageDistrict/PlaceHolder/Buildings/Preston/Indoor/PH_Preston_Cornice_03.PH_Preston_Cornice_03,PH_Preston_Cornice_03,StaticMesh,占位/白盒/破碎测试
SilverPalace/Content/ArtRes/EnvRes/OpenWorld/PeerageDistrict/PlaceHolder/Buildings/Preston/Indoor/PH_Preston_Fireplace_01.PH_Preston_Fireplace_01,PH_Preston_Fireplace_01,StaticMesh,占位/白盒/破碎测试
SilverPalace/Content/ArtRes/EnvRes/OpenWorld/PeerageDistrict/PlaceHolder/Buildings/Preston/Indoor/PH_Preston_light_01.PH_Preston_light_01,PH_Preston_light_01,StaticMesh,占位/白盒/破碎测试
SilverPalace/Content/ArtRes/EnvRes/OpenWorld/PeerageDistrict/PlaceHolder/Buildings/Preston/Indoor/PH_Preston_light_02.PH_Preston_light_02,PH_Preston_light_02,StaticMesh,占位/白盒/破碎测试
SilverPalace/Content/ArtRes/EnvRes/OpenWorld/PeerageDistrict/PlaceHolder/Buildings/Preston/Indoor/PH_Preston_mirror_01.PH_Preston_mirror_01,PH_Preston_mirror_01,StaticMesh,占位/白盒/破碎测试
SilverPalace/Content/ArtRes/EnvRes/OpenWorld/PeerageDistrict/PlaceHolder/Buildings/Preston/Indoor/PH_Preston_pillar_01.PH_Preston_pillar_01,PH_Preston_pillar_01,StaticMesh,占位/白盒/破碎测试
SilverPalace/Content/ArtRes/EnvRes/OpenWorld/PeerageDistrict/PlaceHolder/Buildings/Preston/Indoor/PH_Preston_pillar_02.PH_Preston_pillar_02,PH_Preston_pillar_02,StaticMesh,占位/白盒/破碎测试
SilverPalace/Content/ArtRes/EnvRes/OpenWorld/PeerageDistrict/PlaceHolder/Buildings/Preston/Indoor/PH_Preston_table_02.PH_Preston_table_02,PH_Preston_table_02,StaticMesh,占位/白盒/破碎测试
SilverPalace/Content/ArtRes/EnvRes/OpenWorld/PeerageDistrict/PlaceHolder/Buildings/Preston/Indoor/PH_Preston_wall_02.PH_Preston_wall_02,PH_Preston_wall_02,StaticMesh,占位/白盒/破碎测试
SilverPalace/Content/ArtRes/EnvRes/OpenWorld/PeerageDistrict/PlaceHolder/Buildings/Preston/Indoor/PH_Preston_wall_03.PH_Preston_wall_03,PH_Preston_wall_03,StaticMesh,占位/白盒/破碎测试
SilverPalace/Content/ArtRes/EnvRes/OpenWorld/PeerageDistrict/PlaceHolder/Buildings/Preston/Indoor/PH_Preston_wall_04.PH_Preston_wall_04,PH_Preston_wall_04,StaticMesh,占位/白盒/破碎测试
SilverPalace/Content/ArtRes/EnvRes/OpenWorld/PeerageDistrict/PlaceHolder/Buildings/Preston/Indoor/PH_Preston_wall_05.PH_Preston_wall_05,PH_Preston_wall_05,StaticMesh,占位/白盒/破碎测试
SilverPalace/Content/ArtRes/EnvRes/OpenWorld/PeerageDistrict/PlaceHolder/Buildings/Preston/Lunarius_Villa/Lunarius_Yard/Pavilion/PH_Lunarius_Yard_Pavilion_Finial_01.PH_Lunarius_Yard_Pavilion_Finial_01,PH_Lunarius_Yard_Pavilion_Finial_01,StaticMesh,占位/白盒/破碎测试
SilverPalace/Content/ArtRes/EnvRes/OpenWorld/PeerageDistrict/PlaceHolder/Buildings/Preston/Lunarius_Villa/Lunarius_Yard/Pavilion/PH_Lunarius_Yard_Pavilion_Guardrail_01.PH_Lunarius_Yard_Pavilion_Guardrail_01,PH_Lunarius_Yard_Pavilion_Guardrail_01,StaticMesh,占位/白盒/破碎测试
SilverPalace/Content/ArtRes/EnvRes/OpenWorld/PeerageDistrict/PlaceHolder/Buildings/Preston/Lunarius_Villa/Lunarius_Yard/Pavilion/PH_Lunarius_Yard_Pavilion_Guardrail_02.PH_Lunarius_Yard_Pavilion_Guardrail_02,PH_Lunarius_Yard_Pavilion_Guardrail_02,StaticMesh,占位/白盒/破碎测试
SilverPalace/Content/ArtRes/EnvRes/OpenWorld/PeerageDistrict/PlaceHolder/Buildings/Preston/Lunarius_Villa/Lunarius_Yard/Pavilion/PH_Lunarius_Yard_Pavilion_Guardrail_03.PH_Lunarius_Yard_Pavilion_Guardrail_03,PH_Lunarius_Yard_Pavilion_Guardrail_03,StaticMesh,占位/白盒/破碎测试
SilverPalace/Content/ArtRes/EnvRes/OpenWorld/PeerageDistrict/PlaceHolder/Buildings/Preston/Lunarius_Villa/Lunarius_Yard/Pavilion/PH_Lunarius_Yard_Pavilion_LadderBeam_01.PH_Lunarius_Yard_Pavilion_LadderBeam_01,PH_Lunarius_Yard_Pavilion_LadderBeam_01,StaticMesh,占位/白盒/破碎测试
SilverPalace/Content/ArtRes/EnvRes/OpenWorld/PeerageDistrict/PlaceHolder/Buildings/Preston/Lunarius_Villa/Lunarius_Yard/Pavilion/PH_Lunarius_Yard_Pavilion_Pillar_01.PH_Lunarius_Yard_Pavilion_Pillar_01,PH_Lunarius_Yard_Pavilion_Pillar_01,StaticMesh,占位/白盒/破碎测试
SilverPalace/Content/ArtRes/EnvRes/OpenWorld/PeerageDistrict/PlaceHolder/Buildings/Preston/Lunarius_Villa/Lunarius_Yard/Pavilion/PH_Lunarius_Yard_Pavilion_Roof_01.PH_Lunarius_Yard_Pavilion_Roof_01,PH_Lunarius_Yard_Pavilion_Roof_01,StaticMesh,占位/白盒/破碎测试
SilverPalace/Content/ArtRes/EnvRes/OpenWorld/PeerageDistrict/PlaceHolder/Buildings/Preston/Lunarius_Villa/Lunarius_Yard/Pavilion/PH_Lunarius_Yard_Pavilion_Surface_01.PH_Lunarius_Yard_Pavilion_Surface_01,PH_Lunarius_Yard_Pavilion_Surface_01,StaticMesh,占位/白盒/破碎测试
SilverPalace/Content/ArtRes/EnvRes/OpenWorld/PeerageDistrict/PlaceHolder/Buildings/Preston/Lunarius_Villa/Lunarius_Yard/Pavilion/PH_Lunarius_Yard_Pavilion_Wall_01.PH_Lunarius_Yard_Pavilion_Wall_01,PH_Lunarius_Yard_Pavilion_Wall_01,StaticMesh,占位/白盒/破碎测试
SilverPalace/Content/ArtRes/EnvRes/OpenWorld/PeerageDistrict/PlaceHolder/Buildings/Preston/Lunarius_Villa/Lunarius_Yard/Pavilion/PH_Lunarius_Yard_Pavilion_Wall_02.PH_Lunarius_Yard_Pavilion_Wall_02,PH_Lunarius_Yard_Pavilion_Wall_02,StaticMesh,占位/白盒/破碎测试
SilverPalace/Content/ArtRes/EnvRes/OpenWorld/PeerageDistrict/PlaceHolder/Buildings/Preston/Lunarius_Villa/Lunarius_Yard/Pavilion/PH_Lunarius_Yard_Pavilion_Wall_03.PH_Lunarius_Yard_Pavilion_Wall_03,PH_Lunarius_Yard_Pavilion_Wall_03,StaticMesh,占位/白盒/破碎测试
SilverPalace/Content/ArtRes/EnvRes/OpenWorld/PeerageDistrict/PlaceHolder/Buildings/Preston/Lunarius_Villa/Lunarius_Yard/Pavilion/PH_Lunarius_Yard_Pavilion_Wall_04.PH_Lunarius_Yard_Pavilion_Wall_04,PH_Lunarius_Yard_Pavilion_Wall_04,StaticMesh,占位/白盒/破碎测试
SilverPalace/Content/ArtRes/EnvRes/OpenWorld/PeerageDistrict/PlaceHolder/Buildings/Preston/Lunarius_Villa/Lunarius_Yard/Pergola/PH_Lunarius_Yard_Pergola_01.PH_Lunarius_Yard_Pergola_01,PH_Lunarius_Yard_Pergola_01,StaticMesh,占位/白盒/破碎测试
SilverPalace/Content/ArtRes/EnvRes/OpenWorld/PeerageDistrict/PlaceHolder/Buildings/Preston/Lunarius_Villa/Lunarius_Yard/Pergola/PH_Lunarius_Yard_Pergola_02.PH_Lunarius_Yard_Pergola_02,PH_Lunarius_Yard_Pergola_02,StaticMesh,占位/白盒/破碎测试
SilverPalace/Content/ArtRes/EnvRes/OpenWorld/PeerageDistrict/PlaceHolder/Buildings/Preston/Lunarius_Villa/Lunarius_Yard/Pergola/PH_Lunarius_Yard_Pergola_03.PH_Lunarius_Yard_Pergola_03,PH_Lunarius_Yard_Pergola_03,StaticMesh,占位/白盒/破碎测试
SilverPalace/Content/ArtRes/EnvRes/OpenWorld/PeerageDistrict/PlaceHolder/Buildings/Preston/Lunarius_Villa/Lunarius_Yard/Yard_Generic/PH_Yard_Generic_Door_01.PH_Yard_Generic_Door_01,PH_Yard_Generic_Door_01,StaticMesh,占位/白盒/破碎测试
SilverPalace/Content/ArtRes/EnvRes/OpenWorld/PeerageDistrict/PlaceHolder/Buildings/Preston/Lunarius_Villa/Lunarius_Yard/Yard_Generic/PH_Yard_Generic_Door_02.PH_Yard_Generic_Door_02,PH_Yard_Generic_Door_02,StaticMesh,占位/白盒/破碎测试
SilverPalace/Content/ArtRes/EnvRes/OpenWorld/PeerageDistrict/PlaceHolder/Buildings/Preston/Lunarius_Villa/Lunarius_Yard/Yard_Generic/PH_Yard_Generic_Floortiles_01.PH_Yard_Generic_Floortiles_01,PH_Yard_Generic_Floortiles_01,StaticMesh,占位/白盒/破碎测试
SilverPalace/Content/ArtRes/EnvRes/OpenWorld/PeerageDistrict/PlaceHolder/Buildings/Preston/Lunarius_Villa/Lunarius_Yard/Yard_Generic/PH_Yard_Generic_Floortiles_02.PH_Yard_Generic_Floortiles_02,PH_Yard_Generic_Floortiles_02,StaticMesh,占位/白盒/破碎测试
SilverPalace/Content/ArtRes/EnvRes/OpenWorld/PeerageDistrict/PlaceHolder/Buildings/Preston/Lunarius_Villa/Lunarius_Yard/Yard_Generic/PH_Yard_Generic_Floortiles_03.PH_Yard_Generic_Floortiles_03,PH_Yard_Generic_Floortiles_03,StaticMesh,占位/白盒/破碎测试
SilverPalace/Content/ArtRes/EnvRes/OpenWorld/PeerageDistrict/PlaceHolder/Buildings/Preston/Lunarius_Villa/Lunarius_Yard/Yard_Generic/PH_Yard_Generic_Floortiles_04.PH_Yard_Generic_Floortiles_04,PH_Yard_Generic_Floortiles_04,StaticMesh,占位/白盒/破碎测试
SilverPalace/Content/ArtRes/EnvRes/OpenWorld/PeerageDistrict/PlaceHolder/Buildings/Preston/Lunarius_Villa/Lunarius_Yard/Yard_Generic/PH_Yard_Generic_Floortiles_05.PH_Yard_Generic_Floortiles_05,PH_Yard_Generic_Floortiles_05,StaticMesh,占位/白盒/破碎测试
SilverPalace/Content/ArtRes/EnvRes/OpenWorld/PeerageDistrict/PlaceHolder/Buildings/Preston/Lunarius_Villa/Lunarius_Yard/Yard_Generic/PH_Yard_Generic_Floortiles_06.PH_Yard_Generic_Floortiles_06,PH_Yard_Generic_Floortiles_06,StaticMesh,占位/白盒/破碎测试
SilverPalace/Content/ArtRes/EnvRes/OpenWorld/PeerageDistrict/PlaceHolder/Buildings/Preston/Lunarius_Villa/Lunarius_Yard/Yard_Generic/PH_Yard_Generic_Floortiles_07.PH_Yard_Generic_Floortiles_07,PH_Yard_Generic_Floortiles_07,StaticMesh,占位/白盒/破碎测试
SilverPalace/Content/ArtRes/EnvRes/OpenWorld/PeerageDistrict/PlaceHolder/Buildings/Preston/Lunarius_Villa/Lunarius_Yard/Yard_Generic/PH_Yard_Generic_Floortiles_08.PH_Yard_Generic_Floortiles_08,PH_Yard_Generic_Floortiles_08,StaticMesh,占位/白盒/破碎测试
SilverPalace/Content/ArtRes/EnvRes/OpenWorld/PeerageDistrict/PlaceHolder/Buildings/Preston/Lunarius_Villa/Lunarius_Yard/Yard_Generic/PH_Yard_Generic_Floortiles_09.PH_Yard_Generic_Floortiles_09,PH_Yard_Generic_Floortiles_09,StaticMesh,占位/白盒/破碎测试
SilverPalace/Content/ArtRes/EnvRes/OpenWorld/PeerageDistrict/PlaceHolder/Buildings/Preston/Lunarius_Villa/Lunarius_Yard/Yard_Generic/PH_Yard_Generic_Fountain_01.PH_Yard_Generic_Fountain_01,PH_Yard_Generic_Fountain_01,StaticMesh,占位/白盒/破碎测试
SilverPalace/Content/ArtRes/EnvRes/OpenWorld/PeerageDistrict/PlaceHolder/Buildings/Preston/Lunarius_Villa/Lunarius_Yard/Yard_Generic/PH_Yard_Generic_Merge_Wood_01.PH_Yard_Generic_Merge_Wood_01,PH_Yard_Generic_Merge_Wood_01,StaticMesh,占位/白盒/破碎测试
SilverPalace/Content/ArtRes/EnvRes/OpenWorld/PeerageDistrict/PlaceHolder/Buildings/Preston/Lunarius_Villa/Lunarius_Yard/Yard_Generic/PH_Yard_Generic_parterre_01.PH_Yard_Generic_parterre_01,PH_Yard_Generic_parterre_01,StaticMesh,占位/白盒/破碎测试
SilverPalace/Content/ArtRes/EnvRes/OpenWorld/PeerageDistrict/PlaceHolder/Buildings/Preston/Lunarius_Villa/Lunarius_Yard/Yard_Generic/PH_Yard_Generic_parterre_02.PH_Yard_Generic_parterre_02,PH_Yard_Generic_parterre_02,StaticMesh,占位/白盒/破碎测试
SilverPalace/Content/ArtRes/EnvRes/OpenWorld/PeerageDistrict/PlaceHolder/Buildings/Preston/Lunarius_Villa/Lunarius_Yard/Yard_Generic/PH_Yard_Generic_parterre_03.PH_Yard_Generic_parterre_03,PH_Yard_Generic_parterre_03,StaticMesh,占位/白盒/破碎测试
SilverPalace/Content/ArtRes/EnvRes/OpenWorld/PeerageDistrict/PlaceHolder/Buildings/Preston/Lunarius_Villa/Lunarius_Yard/Yard_Generic/PH_Yard_Generic_Plant_01.PH_Yard_Generic_Plant_01,PH_Yard_Generic_Plant_01,StaticMesh,占位/白盒/破碎测试
SilverPalace/Content/ArtRes/EnvRes/OpenWorld/PeerageDistrict/PlaceHolder/Buildings/Preston/Lunarius_Villa/Lunarius_Yard/Yard_Generic/PH_Yard_Generic_Statue_01.PH_Yard_Generic_Statue_01,PH_Yard_Generic_Statue_01,StaticMesh,占位/白盒/破碎测试
SilverPalace/Content/ArtRes/EnvRes/OpenWorld/PeerageDistrict/PlaceHolder/Buildings/Preston/Lunarius_Villa/Lunarius_Yard/Yard_Generic/PH_Yard_Generic_Statue_02.PH_Yard_Generic_Statue_02,PH_Yard_Generic_Statue_02,StaticMesh,占位/白盒/破碎测试
SilverPalace/Content/ArtRes/EnvRes/OpenWorld/PeerageDistrict/PlaceHolder/Buildings/Preston/Lunarius_Villa/Lunarius_Yard/Yard_Generic/PH_Yard_Generic_StreetLamp_01.PH_Yard_Generic_StreetLamp_01,PH_Yard_Generic_StreetLamp_01,StaticMesh,占位/白盒/破碎测试
SilverPalace/Content/ArtRes/EnvRes/OpenWorld/PeerageDistrict/PlaceHolder/Buildings/Preston/Lunarius_Villa/Lunarius_Yard/Yard_Generic/PH_Yard_Generic_Surface_01.PH_Yard_Generic_Surface_01,PH_Yard_Generic_Surface_01,StaticMesh,占位/白盒/破碎测试
SilverPalace/Content/ArtRes/EnvRes/OpenWorld/PeerageDistrict/PlaceHolder/Buildings/Preston/Lunarius_Villa/Lunarius_Yard/Yard_Generic/PH_Yard_Generic_Surface_02.PH_Yard_Generic_Surface_02,PH_Yard_Generic_Surface_02,StaticMesh,占位/白盒/破碎测试
SilverPalace/Content/ArtRes/EnvRes/OpenWorld/PeerageDistrict/PlaceHolder/Buildings/Preston/Lunarius_Villa/Lunarius_Yard/Yard_Generic/PH_Yard_Generic_Table_02.PH_Yard_Generic_Table_02,PH_Yard_Generic_Table_02,StaticMesh,占位/白盒/破碎测试
SilverPalace/Content/ArtRes/EnvRes/OpenWorld/PeerageDistrict/PlaceHolder/Buildings/Preston/Lunarius_Villa/Lunarius_Yard/Yard_Generic/PH_Yard_Generic_Trim_01.PH_Yard_Generic_Trim_01,PH_Yard_Generic_Trim_01,StaticMesh,占位/白盒/破碎测试
SilverPalace/Content/ArtRes/EnvRes/OpenWorld/PeerageDistrict/PlaceHolder/Buildings/Preston/Lunarius_Villa/Lunarius_Yard/Yard_Generic/PH_Yard_Generic_Wall_01.PH_Yard_Generic_Wall_01,PH_Yard_Generic_Wall_01,StaticMesh,占位/白盒/破碎测试
SilverPalace/Content/ArtRes/EnvRes/OpenWorld/PeerageDistrict/PlaceHolder/Buildings/Preston/Lunarius_Villa/Lunarius_Yard/Yard_Generic/PH_Yard_Generic_Wall_03.PH_Yard_Generic_Wall_03,PH_Yard_Generic_Wall_03,StaticMesh,占位/白盒/破碎测试
SilverPalace/Content/ArtRes/EnvRes/OpenWorld/PeerageDistrict/PlaceHolder/Buildings/Preston/Lunarius_Villa/Lunarius_Yard/Yard_Generic/PH_Yard_Generic_Wall_Pillar_01.PH_Yard_Generic_Wall_Pillar_01,PH_Yard_Generic_Wall_Pillar_01,StaticMesh,占位/白盒/破碎测试
SilverPalace/Content/ArtRes/EnvRes/OpenWorld/PeerageDistrict/PlaceHolder/Buildings/Preston/Lunarius_Villa/Lunarius_Yard/Yard_Generic/PH_Yard_Generic_Wall_Railing_01.PH_Yard_Generic_Wall_Railing_01,PH_Yard_Generic_Wall_Railing_01,StaticMesh,占位/白盒/破碎测试
SilverPalace/Content/ArtRes/EnvRes/OpenWorld/PeerageDistrict/PlaceHolder/Buildings/Preston/Lunarius_Villa/Lunarius_Yard/Yard_Generic/PH_Yard_Generic_Wall_Sculp_01.PH_Yard_Generic_Wall_Sculp_01,PH_Yard_Generic_Wall_Sculp_01,StaticMesh,占位/白盒/破碎测试
SilverPalace/Content/ArtRes/EnvRes/OpenWorld/PeerageDistrict/PlaceHolder/Buildings/Preston/Lunarius_Villa/Lunarius_Yard/Yard_Generic/PH_Yard_Generic_WoodenFrame_01.PH_Yard_Generic_WoodenFrame_01,PH_Yard_Generic_WoodenFrame_01,StaticMesh,占位/白盒/破碎测试
SilverPalace/Content/ArtRes/EnvRes/OpenWorld/PeerageDistrict/PlaceHolder/Buildings/Preston/OldEmbassy/ClockTower/PH_ClockTower_01.PH_ClockTower_01,PH_ClockTower_01,StaticMesh,占位/白盒/破碎测试
SilverPalace/Content/ArtRes/EnvRes/OpenWorld/PeerageDistrict/PlaceHolder/Buildings/Preston/OldEmbassy/Dungeon/PH_Gen_Prop_Shelf_IronCage_A_IronChain_Metal_02.PH_Gen_Prop_Shelf_IronCage_A_IronChain_Metal_02,PH_Gen_Prop_Shelf_IronCage_A_IronChain_Metal_02,StaticMesh,占位/白盒/破碎测试
SilverPalace/Content/ArtRes/EnvRes/OpenWorld/PeerageDistrict/PlaceHolder/Buildings/Preston/OldEmbassy/Dungeon/PH_OldEmbassy_Dungeon_HiddenDoor_01.PH_OldEmbassy_Dungeon_HiddenDoor_01,PH_OldEmbassy_Dungeon_HiddenDoor_01,StaticMesh,占位/白盒/破碎测试
SilverPalace/Content/ArtRes/EnvRes/OpenWorld/PeerageDistrict/PlaceHolder/Buildings/Preston/OldEmbassy/EmbassyBuilding/PH_OldEmbassy_Window_05.PH_OldEmbassy_Window_05,PH_OldEmbassy_Window_05,StaticMesh,占位/白盒/破碎测试
SilverPalace/Content/ArtRes/EnvRes/OpenWorld/PeerageDistrict/PlaceHolder/Buildings/Preston/OldEmbassy/EmbassyInterior/PH_EmbassyInterior_A_Decorate_01.PH_EmbassyInterior_A_Decorate_01,PH_EmbassyInterior_A_Decorate_01,StaticMesh,占位/白盒/破碎测试
SilverPalace/Content/ArtRes/EnvRes/OpenWorld/PeerageDistrict/PlaceHolder/Buildings/Preston/OldEmbassy/EmbassyInterior/PH_EmbassyInterior_A_Decorate_02.PH_EmbassyInterior_A_Decorate_02,PH_EmbassyInterior_A_Decorate_02,StaticMesh,占位/白盒/破碎测试
SilverPalace/Content/ArtRes/EnvRes/OpenWorld/PeerageDistrict/PlaceHolder/Buildings/Preston/OldEmbassy/EmbassyInterior/PH_EmbassyInterior_A_Decorate_03.PH_EmbassyInterior_A_Decorate_03,PH_EmbassyInterior_A_Decorate_03,StaticMesh,占位/白盒/破碎测试
SilverPalace/Content/ArtRes/EnvRes/OpenWorld/PeerageDistrict/PlaceHolder/Buildings/Preston/OldEmbassy/EmbassyInterior/PH_EmbassyInterior_A_Pair_01.PH_EmbassyInterior_A_Pair_01,PH_EmbassyInterior_A_Pair_01,StaticMesh,占位/白盒/破碎测试
SilverPalace/Content/ArtRes/EnvRes/OpenWorld/PeerageDistrict/PlaceHolder/Buildings/Preston/OldEmbassy/EmbassyInterior/PH_EmbassyInterior_A_Pair_02.PH_EmbassyInterior_A_Pair_02,PH_EmbassyInterior_A_Pair_02,StaticMesh,占位/白盒/破碎测试
SilverPalace/Content/ArtRes/EnvRes/OpenWorld/PeerageDistrict/PlaceHolder/Buildings/Preston/OldEmbassy/EmbassyInterior/PH_EmbassyInterior_A_Pair_03.PH_EmbassyInterior_A_Pair_03,PH_EmbassyInterior_A_Pair_03,StaticMesh,占位/白盒/破碎测试
SilverPalace/Content/ArtRes/EnvRes/OpenWorld/PeerageDistrict/PlaceHolder/Buildings/Preston/OldEmbassy/EmbassyInterior/PH_EmbassyInterior_A_Pair_04.PH_EmbassyInterior_A_Pair_04,PH_EmbassyInterior_A_Pair_04,StaticMesh,占位/白盒/破碎测试
SilverPalace/Content/ArtRes/EnvRes/OpenWorld/PeerageDistrict/PlaceHolder/Buildings/Preston/OldEmbassy/EmbassyInterior/PH_EmbassyInterior_A_Pair_05.PH_EmbassyInterior_A_Pair_05,PH_EmbassyInterior_A_Pair_05,StaticMesh,占位/白盒/破碎测试
SilverPalace/Content/ArtRes/EnvRes/OpenWorld/PeerageDistrict/PlaceHolder/Buildings/Preston/OldEmbassy/EmbassyInterior/PH_EmbassyInterior_A_Pillar_01.PH_EmbassyInterior_A_Pillar_01,PH_EmbassyInterior_A_Pillar_01,StaticMesh,占位/白盒/破碎测试
SilverPalace/Content/ArtRes/EnvRes/OpenWorld/PeerageDistrict/PlaceHolder/Buildings/Preston/OldEmbassy/EmbassyInterior/PH_EmbassyInterior_A_Pillar_02.PH_EmbassyInterior_A_Pillar_02,PH_EmbassyInterior_A_Pillar_02,StaticMesh,占位/白盒/破碎测试
SilverPalace/Content/ArtRes/EnvRes/OpenWorld/PeerageDistrict/PlaceHolder/Buildings/Preston/OldEmbassy/EmbassyInterior/PH_EmbassyInterior_A_Pillar_04.PH_EmbassyInterior_A_Pillar_04,PH_EmbassyInterior_A_Pillar_04,StaticMesh,占位/白盒/破碎测试
SilverPalace/Content/ArtRes/EnvRes/OpenWorld/PeerageDistrict/PlaceHolder/Buildings/Preston/OldEmbassy/EmbassyInterior/PH_EmbassyInterior_A_Pillar_05.PH_EmbassyInterior_A_Pillar_05,PH_EmbassyInterior_A_Pillar_05,StaticMesh,占位/白盒/破碎测试
SilverPalace/Content/ArtRes/EnvRes/OpenWorld/PeerageDistrict/PlaceHolder/Buildings/Preston/OldEmbassy/EmbassyInterior/PH_EmbassyInterior_A_Stair_02.PH_EmbassyInterior_A_Stair_02,PH_EmbassyInterior_A_Stair_02,StaticMesh,占位/白盒/破碎测试
SilverPalace/Content/ArtRes/EnvRes/OpenWorld/PeerageDistrict/PlaceHolder/Buildings/Preston/OldEmbassy/EmbassyInterior/PH_EmbassyInterior_A_Wall_01.PH_EmbassyInterior_A_Wall_01,PH_EmbassyInterior_A_Wall_01,StaticMesh,占位/白盒/破碎测试
SilverPalace/Content/ArtRes/EnvRes/OpenWorld/PeerageDistrict/PlaceHolder/Buildings/Preston/OldEmbassy/EmbassyInterior/PH_EmbassyInterior_A_Wall_02.PH_EmbassyInterior_A_Wall_02,PH_EmbassyInterior_A_Wall_02,StaticMesh,占位/白盒/破碎测试
SilverPalace/Content/ArtRes/EnvRes/OpenWorld/PeerageDistrict/PlaceHolder/Buildings/Preston/OldEmbassy/EmbassyInterior/PH_EmbassyInterior_A_Wall_03.PH_EmbassyInterior_A_Wall_03,PH_EmbassyInterior_A_Wall_03,StaticMesh,占位/白盒/破碎测试
SilverPalace/Content/ArtRes/EnvRes/OpenWorld/PeerageDistrict/PlaceHolder/Buildings/Preston/OldEmbassy/EmbassyInterior/PH_EmbassyInterior_A_Wall_04.PH_EmbassyInterior_A_Wall_04,PH_EmbassyInterior_A_Wall_04,StaticMesh,占位/白盒/破碎测试
SilverPalace/Content/ArtRes/EnvRes/OpenWorld/PeerageDistrict/PlaceHolder/Buildings/Preston/OldEmbassy/EmbassyInterior/PH_EmbassyInterior_A_Wall_05.PH_EmbassyInterior_A_Wall_05,PH_EmbassyInterior_A_Wall_05,StaticMesh,占位/白盒/破碎测试
SilverPalace/Content/ArtRes/EnvRes/OpenWorld/PeerageDistrict/PlaceHolder/Buildings/Preston/OldEmbassy/EmbassyInterior/PH_EmbassyInterior_A_Wall_06.PH_EmbassyInterior_A_Wall_06,PH_EmbassyInterior_A_Wall_06,StaticMesh,占位/白盒/破碎测试
SilverPalace/Content/ArtRes/EnvRes/OpenWorld/PeerageDistrict/PlaceHolder/Buildings/Preston/OldEmbassy/EmbassyInterior/PH_EmbassyInterior_A_Wall_07.PH_EmbassyInterior_A_Wall_07,PH_EmbassyInterior_A_Wall_07,StaticMesh,占位/白盒/破碎测试
SilverPalace/Content/ArtRes/EnvRes/OpenWorld/PeerageDistrict/PlaceHolder/Buildings/Preston/OldEmbassy/EmbassyInterior/PH_EmbassyInterior_A_Wall_08.PH_EmbassyInterior_A_Wall_08,PH_EmbassyInterior_A_Wall_08,StaticMesh,占位/白盒/破碎测试
SilverPalace/Content/ArtRes/EnvRes/OpenWorld/PeerageDistrict/PlaceHolder/Buildings/Preston/OldEmbassy/EmbassyInterior/PH_EmbassyInterior_A_Wall_09.PH_EmbassyInterior_A_Wall_09,PH_EmbassyInterior_A_Wall_09,StaticMesh,占位/白盒/破碎测试
SilverPalace/Content/ArtRes/EnvRes/OpenWorld/PeerageDistrict/PlaceHolder/Buildings/Preston/OldEmbassy/EmbassyInterior/PH_EmbassyInterior_A_Wall_10.PH_EmbassyInterior_A_Wall_10,PH_EmbassyInterior_A_Wall_10,StaticMesh,占位/白盒/破碎测试
SilverPalace/Content/ArtRes/EnvRes/OpenWorld/PeerageDistrict/PlaceHolder/Buildings/Preston/OldEmbassy/EmbassyInterior/PH_EmbassyInterior_A_Wall_11.PH_EmbassyInterior_A_Wall_11,PH_EmbassyInterior_A_Wall_11,StaticMesh,占位/白盒/破碎测试
SilverPalace/Content/ArtRes/EnvRes/OpenWorld/PeerageDistrict/PlaceHolder/Buildings/Preston/OldEmbassy/EmbassyInterior/PH_EmbassyInterior_A_Wall_12.PH_EmbassyInterior_A_Wall_12,PH_EmbassyInterior_A_Wall_12,StaticMesh,占位/白盒/破碎测试
SilverPalace/Content/ArtRes/EnvRes/OpenWorld/PeerageDistrict/PlaceHolder/Buildings/Preston/OldEmbassy/EmbassyInterior/PH_EmbassyInterior_A_Wall_13.PH_EmbassyInterior_A_Wall_13,PH_EmbassyInterior_A_Wall_13,StaticMesh,占位/白盒/破碎测试
SilverPalace/Content/ArtRes/EnvRes/OpenWorld/PeerageDistrict/PlaceHolder/Buildings/Preston/OldEmbassy/EmbassyInterior/PH_EmbassyInterior_Carpet_A_01.PH_EmbassyInterior_Carpet_A_01,PH_EmbassyInterior_Carpet_A_01,StaticMesh,占位/白盒/破碎测试
SilverPalace/Content/ArtRes/EnvRes/OpenWorld/PeerageDistrict/PlaceHolder/Buildings/Preston/OldEmbassy/EmbassyInterior/PH_EmbassyInterior_Fence_B_01.PH_EmbassyInterior_Fence_B_01,PH_EmbassyInterior_Fence_B_01,StaticMesh,占位/白盒/破碎测试
SilverPalace/Content/ArtRes/EnvRes/OpenWorld/PeerageDistrict/PlaceHolder/Buildings/Preston/OldEmbassy/EmbassyInterior/PH_EmbassyInterior_Fence_B_02.PH_EmbassyInterior_Fence_B_02,PH_EmbassyInterior_Fence_B_02,StaticMesh,占位/白盒/破碎测试
SilverPalace/Content/ArtRes/EnvRes/OpenWorld/PeerageDistrict/PlaceHolder/Buildings/Preston/OldEmbassy/EmbassyLounge/PH_EmbassyLounge_Carpet_01.PH_EmbassyLounge_Carpet_01,PH_EmbassyLounge_Carpet_01,StaticMesh,占位/白盒/破碎测试
SilverPalace/Content/ArtRes/EnvRes/OpenWorld/PeerageDistrict/PlaceHolder/Buildings/Preston/OldEmbassy/EmbassyLounge/PH_EmbassyLounge_Carpet_02.PH_EmbassyLounge_Carpet_02,PH_EmbassyLounge_Carpet_02,StaticMesh,占位/白盒/破碎测试
SilverPalace/Content/ArtRes/EnvRes/OpenWorld/PeerageDistrict/PlaceHolder/Buildings/Preston/OldEmbassy/EmbassyLounge/PH_EmbassyLounge_Ceiling_01.PH_EmbassyLounge_Ceiling_01,PH_EmbassyLounge_Ceiling_01,StaticMesh,占位/白盒/破碎测试
SilverPalace/Content/ArtRes/EnvRes/OpenWorld/PeerageDistrict/PlaceHolder/Buildings/Preston/OldEmbassy/EmbassyLounge/PH_EmbassyLounge_Ceiling_02.PH_EmbassyLounge_Ceiling_02,PH_EmbassyLounge_Ceiling_02,StaticMesh,占位/白盒/破碎测试
SilverPalace/Content/ArtRes/EnvRes/OpenWorld/PeerageDistrict/PlaceHolder/Buildings/Preston/OldEmbassy/EmbassyLounge/PH_EmbassyLounge_Door_01.PH_EmbassyLounge_Door_01,PH_EmbassyLounge_Door_01,StaticMesh,占位/白盒/破碎测试
SilverPalace/Content/ArtRes/EnvRes/OpenWorld/PeerageDistrict/PlaceHolder/Buildings/Preston/OldEmbassy/EmbassyLounge/PH_EmbassyLounge_Pillar_01.PH_EmbassyLounge_Pillar_01,PH_EmbassyLounge_Pillar_01,StaticMesh,占位/白盒/破碎测试
SilverPalace/Content/ArtRes/EnvRes/OpenWorld/PeerageDistrict/PlaceHolder/Buildings/Preston/OldEmbassy/EmbassyLounge/PH_EmbassyLounge_Sculpture_01.PH_EmbassyLounge_Sculpture_01,PH_EmbassyLounge_Sculpture_01,StaticMesh,占位/白盒/破碎测试
SilverPalace/Content/ArtRes/EnvRes/OpenWorld/PeerageDistrict/PlaceHolder/Buildings/Preston/OldEmbassy/EmbassyLounge/PH_EmbassyLounge_Wall_01.PH_EmbassyLounge_Wall_01,PH_EmbassyLounge_Wall_01,StaticMesh,占位/白盒/破碎测试
SilverPalace/Content/ArtRes/EnvRes/OpenWorld/PeerageDistrict/PlaceHolder/Buildings/Preston/OldEmbassy/EmbassyLounge/PH_EmbassyLounge_Wall_02.PH_EmbassyLounge_Wall_02,PH_EmbassyLounge_Wall_02,StaticMesh,占位/白盒/破碎测试
SilverPalace/Content/ArtRes/EnvRes/OpenWorld/PeerageDistrict/PlaceHolder/Buildings/Preston/OldEmbassy/EmbassyLounge/PH_EmbassyLounge_Wall_03.PH_EmbassyLounge_Wall_03,PH_EmbassyLounge_Wall_03,StaticMesh,占位/白盒/破碎测试
SilverPalace/Content/ArtRes/EnvRes/OpenWorld/PeerageDistrict/PlaceHolder/Buildings/Preston/OldEmbassy/EmbassyLounge/PH_EmbassyLounge_Wall_04.PH_EmbassyLounge_Wall_04,PH_EmbassyLounge_Wall_04,StaticMesh,占位/白盒/破碎测试
SilverPalace/Content/ArtRes/EnvRes/OpenWorld/PeerageDistrict/PlaceHolder/Buildings/Preston/OldEmbassy/EmbassyOffice/PH_EmbassyOffice_01.PH_EmbassyOffice_01,PH_EmbassyOffice_01,StaticMesh,占位/白盒/破碎测试
SilverPalace/Content/ArtRes/EnvRes/OpenWorld/PeerageDistrict/PlaceHolder/Buildings/Preston/OldEmbassy/EmbassyOffice/PH_EmbassyOffice_02.PH_EmbassyOffice_02,PH_EmbassyOffice_02,StaticMesh,占位/白盒/破碎测试
SilverPalace/Content/ArtRes/EnvRes/OpenWorld/PeerageDistrict/PlaceHolder/Buildings/Preston/OldEmbassy/EmbassyOffice/PH_EmbassyOffice_03.PH_EmbassyOffice_03,PH_EmbassyOffice_03,StaticMesh,占位/白盒/破碎测试
SilverPalace/Content/ArtRes/EnvRes/OpenWorld/PeerageDistrict/PlaceHolder/Buildings/Preston/OldEmbassy/EmbassyOffice/PH_EmbassyOffice_04.PH_EmbassyOffice_04,PH_EmbassyOffice_04,StaticMesh,占位/白盒/破碎测试
SilverPalace/Content/ArtRes/EnvRes/OpenWorld/PeerageDistrict/PlaceHolder/Buildings/Preston/OldEmbassy/EmbassyOffice/PH_EmbassyOffice_05.PH_EmbassyOffice_05,PH_EmbassyOffice_05,StaticMesh,占位/白盒/破碎测试
SilverPalace/Content/ArtRes/EnvRes/OpenWorld/PeerageDistrict/PlaceHolder/Buildings/Preston/OldEmbassy/EmbassyReferenceRoom/PH_EmbassyReferenceRoom_Cabinet_A_01.PH_EmbassyReferenceRoom_Cabinet_A_01,PH_EmbassyReferenceRoom_Cabinet_A_01,StaticMesh,占位/白盒/破碎测试
SilverPalace/Content/ArtRes/EnvRes/OpenWorld/PeerageDistrict/PlaceHolder/Buildings/Preston/OldEmbassy/EmbassyReferenceRoom/PH_EmbassyReferenceRoom_Cabinet_A_02.PH_EmbassyReferenceRoom_Cabinet_A_02,PH_EmbassyReferenceRoom_Cabinet_A_02,StaticMesh,占位/白盒/破碎测试
SilverPalace/Content/ArtRes/EnvRes/OpenWorld/PeerageDistrict/PlaceHolder/Buildings/Preston/OldEmbassy/EmbassyReferenceRoom/PH_EmbassyReferenceRoom_CabinetDoor_A_01.PH_EmbassyReferenceRoom_CabinetDoor_A_01,PH_EmbassyReferenceRoom_CabinetDoor_A_01,StaticMesh,占位/白盒/破碎测试
SilverPalace/Content/ArtRes/EnvRes/OpenWorld/PeerageDistrict/PlaceHolder/Buildings/Preston/OldEmbassy/EmbassyReferenceRoom/PH_EmbassyReferenceRoom_Ceilling_A_01.PH_EmbassyReferenceRoom_Ceilling_A_01,PH_EmbassyReferenceRoom_Ceilling_A_01,StaticMesh,占位/白盒/破碎测试
SilverPalace/Content/ArtRes/EnvRes/OpenWorld/PeerageDistrict/PlaceHolder/Buildings/Preston/OldEmbassy/EmbassyReferenceRoom/PH_EmbassyReferenceRoom_Ladder_01.PH_EmbassyReferenceRoom_Ladder_01,PH_EmbassyReferenceRoom_Ladder_01,StaticMesh,占位/白盒/破碎测试
SilverPalace/Content/ArtRes/EnvRes/OpenWorld/PeerageDistrict/PlaceHolder/Buildings/Preston/OldEmbassy/EmbassyReferenceRoom/PH_EmbassyReferenceRoom_Pillar_01.PH_EmbassyReferenceRoom_Pillar_01,PH_EmbassyReferenceRoom_Pillar_01,StaticMesh,占位/白盒/破碎测试
SilverPalace/Content/ArtRes/EnvRes/OpenWorld/PeerageDistrict/PlaceHolder/Buildings/Preston/OldEmbassy/EmbassyReferenceRoom/PH_EmbassyReferenceRoom_Table_A_01.PH_EmbassyReferenceRoom_Table_A_01,PH_EmbassyReferenceRoom_Table_A_01,StaticMesh,占位/白盒/破碎测试
SilverPalace/Content/ArtRes/EnvRes/OpenWorld/PeerageDistrict/PlaceHolder/Buildings/Preston/OldEmbassy/EmbassyReferenceRoom/PH_EmbassyReferenceRoom_Wall_01.PH_EmbassyReferenceRoom_Wall_01,PH_EmbassyReferenceRoom_Wall_01,StaticMesh,占位/白盒/破碎测试
SilverPalace/Content/ArtRes/EnvRes/OpenWorld/PeerageDistrict/PlaceHolder/Buildings/Preston/OldEmbassy/EmbassyReferenceRoom/PH_EmbassyReferenceRoom_Wall_02.PH_EmbassyReferenceRoom_Wall_02,PH_EmbassyReferenceRoom_Wall_02,StaticMesh,占位/白盒/破碎测试
SilverPalace/Content/ArtRes/EnvRes/OpenWorld/PeerageDistrict/PlaceHolder/Buildings/Preston/OldEmbassy/EmbassyReferenceRoom/PH_EmbassyReferenceRoom_Wall_03.PH_EmbassyReferenceRoom_Wall_03,PH_EmbassyReferenceRoom_Wall_03,StaticMesh,占位/白盒/破碎测试
SilverPalace/Content/ArtRes/EnvRes/OpenWorld/PeerageDistrict/PlaceHolder/Buildings/Preston/OldEmbassy/EmbassyReferenceRoom/PH_EmbassyReferenceRoom_Wall_04.PH_EmbassyReferenceRoom_Wall_04,PH_EmbassyReferenceRoom_Wall_04,StaticMesh,占位/白盒/破碎测试
SilverPalace/Content/ArtRes/EnvRes/OpenWorld/PeerageDistrict/PlaceHolder/Buildings/Preston/OldEmbassy/EmbassyReferenceRoom/PH_EmbassyReferenceRoom_Wall_05.PH_EmbassyReferenceRoom_Wall_05,PH_EmbassyReferenceRoom_Wall_05,StaticMesh,占位/白盒/破碎测试
SilverPalace/Content/ArtRes/EnvRes/OpenWorld/PeerageDistrict/PlaceHolder/Buildings/Preston/Pergola/PH_Pergola_frame_01.PH_Pergola_frame_01,PH_Pergola_frame_01,StaticMesh,占位/白盒/破碎测试
SilverPalace/Content/ArtRes/EnvRes/OpenWorld/PeerageDistrict/PlaceHolder/Buildings/Preston/Pergola/PH_Pergola_frame_02.PH_Pergola_frame_02,PH_Pergola_frame_02,StaticMesh,占位/白盒/破碎测试
SilverPalace/Content/ArtRes/EnvRes/OpenWorld/PeerageDistrict/PlaceHolder/Buildings/Preston/Pergola/PH_Pergola_frame_03.PH_Pergola_frame_03,PH_Pergola_frame_03,StaticMesh,占位/白盒/破碎测试
SilverPalace/Content/ArtRes/EnvRes/OpenWorld/PeerageDistrict/PlaceHolder/Buildings/Preston/Pergola/PH_Pergola_frame_04.PH_Pergola_frame_04,PH_Pergola_frame_04,StaticMesh,占位/白盒/破碎测试
SilverPalace/Content/ArtRes/EnvRes/OpenWorld/PeerageDistrict/PlaceHolder/Buildings/Preston/Pergola/PH_Pergola_frame_05.PH_Pergola_frame_05,PH_Pergola_frame_05,StaticMesh,占位/白盒/破碎测试
SilverPalace/Content/ArtRes/EnvRes/OpenWorld/PeerageDistrict/PlaceHolder/Buildings/Preston/Pergola/PH_Pergola_frame_06.PH_Pergola_frame_06,PH_Pergola_frame_06,StaticMesh,占位/白盒/破碎测试
SilverPalace/Content/ArtRes/EnvRes/OpenWorld/PeerageDistrict/PlaceHolder/Buildings/Preston/Pergola/PH_Pergola_frame_07.PH_Pergola_frame_07,PH_Pergola_frame_07,StaticMesh,占位/白盒/破碎测试
SilverPalace/Content/ArtRes/EnvRes/OpenWorld/PeerageDistrict/PlaceHolder/Buildings/Preston/Pergola/PH_Pergola_frame_08.PH_Pergola_frame_08,PH_Pergola_frame_08,StaticMesh,占位/白盒/破碎测试
SilverPalace/Content/ArtRes/EnvRes/OpenWorld/PeerageDistrict/PlaceHolder/Buildings/Preston/RedWineEstate/PH_RedWineEstate_01.PH_RedWineEstate_01,PH_RedWineEstate_01,StaticMesh,占位/白盒/破碎测试
SilverPalace/Content/ArtRes/EnvRes/OpenWorld/PeerageDistrict/PlaceHolder/Buildings/Preston/RedWineEstate/PH_RedWineEstate_02.PH_RedWineEstate_02,PH_RedWineEstate_02,StaticMesh,占位/白盒/破碎测试
SilverPalace/Content/ArtRes/EnvRes/OpenWorld/PeerageDistrict/PlaceHolder/Buildings/Preston/RedWineEstate/PH_RedWineEstate_Door_01.PH_RedWineEstate_Door_01,PH_RedWineEstate_Door_01,StaticMesh,占位/白盒/破碎测试
SilverPalace/Content/ArtRes/EnvRes/OpenWorld/PeerageDistrict/PlaceHolder/Buildings/Preston/Teakiosk/PH_Teakiosk_pillar_01.PH_Teakiosk_pillar_01,PH_Teakiosk_pillar_01,StaticMesh,占位/白盒/破碎测试
SilverPalace/Content/ArtRes/EnvRes/OpenWorld/PeerageDistrict/PlaceHolder/Buildings/Preston/Teakiosk/PH_Teakiosk_roof_01.PH_Teakiosk_roof_01,PH_Teakiosk_roof_01,StaticMesh,占位/白盒/破碎测试
SilverPalace/Content/ArtRes/EnvRes/OpenWorld/PeerageDistrict/PlaceHolder/Buildings/Preston/Underground/Boos/PH_Underground_CinthyaHous_Boss_Ground_01.PH_Underground_CinthyaHous_Boss_Ground_01,PH_Underground_CinthyaHous_Boss_Ground_01,StaticMesh,占位/白盒/破碎测试
SilverPalace/Content/ArtRes/EnvRes/OpenWorld/PeerageDistrict/PlaceHolder/Buildings/Preston/Underground/Boos/PH_Underground_CinthyaHous_Boss_Pillar_01.PH_Underground_CinthyaHous_Boss_Pillar_01,PH_Underground_CinthyaHous_Boss_Pillar_01,StaticMesh,占位/白盒/破碎测试
SilverPalace/Content/ArtRes/EnvRes/OpenWorld/PeerageDistrict/PlaceHolder/Buildings/Preston/Underground/Boos/PH_Underground_CinthyaHous_Boss_Pillar_02.PH_Underground_CinthyaHous_Boss_Pillar_02,PH_Underground_CinthyaHous_Boss_Pillar_02,StaticMesh,占位/白盒/破碎测试
SilverPalace/Content/ArtRes/EnvRes/OpenWorld/PeerageDistrict/PlaceHolder/Buildings/Preston/Underground/Boos/PH_Underground_CinthyaHous_Boss_Pillar_03.PH_Underground_CinthyaHous_Boss_Pillar_03,PH_Underground_CinthyaHous_Boss_Pillar_03,StaticMesh,占位/白盒/破碎测试
SilverPalace/Content/ArtRes/EnvRes/OpenWorld/PeerageDistrict/PlaceHolder/Buildings/Preston/Underground/Boos/PH_Underground_CinthyaHous_Boss_Pillar_04.PH_Underground_CinthyaHous_Boss_Pillar_04,PH_Underground_CinthyaHous_Boss_Pillar_04,StaticMesh,占位/白盒/破碎测试
SilverPalace/Content/ArtRes/EnvRes/OpenWorld/PeerageDistrict/PlaceHolder/Buildings/Preston/Underground/Boos/PH_Underground_CinthyaHous_Boss_Pillar_04a.PH_Underground_CinthyaHous_Boss_Pillar_04a,PH_Underground_CinthyaHous_Boss_Pillar_04a,StaticMesh,占位/白盒/破碎测试
SilverPalace/Content/ArtRes/EnvRes/OpenWorld/PeerageDistrict/PlaceHolder/Buildings/Preston/Underground/Boos/PH_Underground_CinthyaHous_Boss_Pillar_05.PH_Underground_CinthyaHous_Boss_Pillar_05,PH_Underground_CinthyaHous_Boss_Pillar_05,StaticMesh,占位/白盒/破碎测试
SilverPalace/Content/ArtRes/EnvRes/OpenWorld/PeerageDistrict/PlaceHolder/Buildings/Preston/Underground/Boos/PH_Underground_CinthyaHous_Boss_Top_01.PH_Underground_CinthyaHous_Boss_Top_01,PH_Underground_CinthyaHous_Boss_Top_01,StaticMesh,占位/白盒/破碎测试
SilverPalace/Content/ArtRes/EnvRes/OpenWorld/PeerageDistrict/PlaceHolder/Buildings/Preston/Underground/Boos/PH_Underground_CinthyaHous_Boss_Top_02.PH_Underground_CinthyaHous_Boss_Top_02,PH_Underground_CinthyaHous_Boss_Top_02,StaticMesh,占位/白盒/破碎测试
SilverPalace/Content/ArtRes/EnvRes/OpenWorld/PeerageDistrict/PlaceHolder/Buildings/Preston/Underground/Boos/PH_Underground_CinthyaHous_Boss_Wall_01.PH_Underground_CinthyaHous_Boss_Wall_01,PH_Underground_CinthyaHous_Boss_Wall_01,StaticMesh,占位/白盒/破碎测试
SilverPalace/Content/ArtRes/EnvRes/OpenWorld/PeerageDistrict/PlaceHolder/Buildings/Preston/Underground/Boos/PH_Underground_CinthyaHous_Boss_Wall_02.PH_Underground_CinthyaHous_Boss_Wall_02,PH_Underground_CinthyaHous_Boss_Wall_02,StaticMesh,占位/白盒/破碎测试
SilverPalace/Content/ArtRes/EnvRes/OpenWorld/PeerageDistrict/PlaceHolder/Buildings/Preston/Underground/Boos/PH_Underground_CinthyaHous_Boss_Wall_03.PH_Underground_CinthyaHous_Boss_Wall_03,PH_Underground_CinthyaHous_Boss_Wall_03,StaticMesh,占位/白盒/破碎测试
SilverPalace/Content/ArtRes/EnvRes/OpenWorld/PeerageDistrict/PlaceHolder/Buildings/Preston/Underground/Boos/PH_Underground_CinthyaHous_Boss_Wall_04.PH_Underground_CinthyaHous_Boss_Wall_04,PH_Underground_CinthyaHous_Boss_Wall_04,StaticMesh,占位/白盒/破碎测试
SilverPalace/Content/ArtRes/EnvRes/OpenWorld/PeerageDistrict/PlaceHolder/Buildings/Preston/Underground/Boos/PH_Underground_CinthyaHous_Boss_Wall_05.PH_Underground_CinthyaHous_Boss_Wall_05,PH_Underground_CinthyaHous_Boss_Wall_05,StaticMesh,占位/白盒/破碎测试
SilverPalace/Content/ArtRes/EnvRes/OpenWorld/PeerageDistrict/PlaceHolder/Buildings/Preston/Underground/Tunnel/PH_Underground_CinthyaHous_tunnel_Connector_01.PH_Underground_CinthyaHous_tunnel_Connector_01,PH_Underground_CinthyaHous_tunnel_Connector_01,StaticMesh,占位/白盒/破碎测试
SilverPalace/Content/ArtRes/EnvRes/OpenWorld/PeerageDistrict/PlaceHolder/Buildings/Preston/Underground/Tunnel/PH_Underground_CinthyaHous_tunnel_Gate_01.PH_Underground_CinthyaHous_tunnel_Gate_01,PH_Underground_CinthyaHous_tunnel_Gate_01,StaticMesh,占位/白盒/破碎测试
SilverPalace/Content/ArtRes/EnvRes/OpenWorld/PeerageDistrict/PlaceHolder/Buildings/Preston/Underground/Tunnel/PH_Underground_CinthyaHous_tunnel_Gate_02.PH_Underground_CinthyaHous_tunnel_Gate_02,PH_Underground_CinthyaHous_tunnel_Gate_02,StaticMesh,占位/白盒/破碎测试
SilverPalace/Content/ArtRes/EnvRes/OpenWorld/PeerageDistrict/PlaceHolder/Buildings/Preston/Underground/Tunnel/PH_Underground_CinthyaHous_tunnel_Ground_02.PH_Underground_CinthyaHous_tunnel_Ground_02,PH_Underground_CinthyaHous_tunnel_Ground_02,StaticMesh,占位/白盒/破碎测试
SilverPalace/Content/ArtRes/EnvRes/OpenWorld/PeerageDistrict/PlaceHolder/Buildings/Preston/Underground/Tunnel/PH_Underground_CinthyaHous_tunnel_Ground_03.PH_Underground_CinthyaHous_tunnel_Ground_03,PH_Underground_CinthyaHous_tunnel_Ground_03,StaticMesh,占位/白盒/破碎测试
SilverPalace/Content/ArtRes/EnvRes/OpenWorld/PeerageDistrict/PlaceHolder/Buildings/Preston/Underground/Tunnel/PH_Underground_CinthyaHous_tunnel_Wall_01.PH_Underground_CinthyaHous_tunnel_Wall_01,PH_Underground_CinthyaHous_tunnel_Wall_01,StaticMesh,占位/白盒/破碎测试
SilverPalace/Content/ArtRes/EnvRes/OpenWorld/PeerageDistrict/PlaceHolder/Buildings/Preston/Underground/Tunnel/PH_Underground_CinthyaHous_tunnel_Wall_02.PH_Underground_CinthyaHous_tunnel_Wall_02,PH_Underground_CinthyaHous_tunnel_Wall_02,StaticMesh,占位/白盒/破碎测试
SilverPalace/Content/ArtRes/EnvRes/OpenWorld/PeerageDistrict/PlaceHolder/Buildings/Preston/Underground/Tunnel/PH_Underground_CinthyaHous_tunnel_Wall_03.PH_Underground_CinthyaHous_tunnel_Wall_03,PH_Underground_CinthyaHous_tunnel_Wall_03,StaticMesh,占位/白盒/破碎测试
SilverPalace/Content/ArtRes/EnvRes/OpenWorld/PeerageDistrict/PlaceHolder/Buildings/Preston/Underground/Tunnel/PH_Underground_CinthyaHous_tunnel_Wall_04.PH_Underground_CinthyaHous_tunnel_Wall_04,PH_Underground_CinthyaHous_tunnel_Wall_04,StaticMesh,占位/白盒/破碎测试
SilverPalace/Content/ArtRes/EnvRes/OpenWorld/PeerageDistrict/PlaceHolder/Buildings/Preston/Underground/Tunnel/PH_Underground_CinthyaHous_tunnel_Wall_05.PH_Underground_CinthyaHous_tunnel_Wall_05,PH_Underground_CinthyaHous_tunnel_Wall_05,StaticMesh,占位/白盒/破碎测试
SilverPalace/Content/ArtRes/EnvRes/OpenWorld/PeerageDistrict/PlaceHolder/Buildings/Preston/Underground/Tunnel/PH_Underground_CinthyaHous_tunnel_Wall_06.PH_Underground_CinthyaHous_tunnel_Wall_06,PH_Underground_CinthyaHous_tunnel_Wall_06,StaticMesh,占位/白盒/破碎测试
SilverPalace/Content/ArtRes/EnvRes/OpenWorld/PeerageDistrict/PlaceHolder/Buildings/Preston/Underground/Tunnel/PH_Underground_CinthyaHous_tunnel_Wall_08.PH_Underground_CinthyaHous_tunnel_Wall_08,PH_Underground_CinthyaHous_tunnel_Wall_08,StaticMesh,占位/白盒/破碎测试
SilverPalace/Content/ArtRes/EnvRes/OpenWorld/PeerageDistrict/PlaceHolder/Buildings/Shops/SolferinoBranch/PH_SolferinoBranch_Birdcage_01.PH_SolferinoBranch_Birdcage_01,PH_SolferinoBranch_Birdcage_01,StaticMesh,占位/白盒/破碎测试
SilverPalace/Content/ArtRes/EnvRes/OpenWorld/PeerageDistrict/PlaceHolder/Buildings/Shops/SolferinoBranch/PH_SolferinoBranch_buliding_09.PH_SolferinoBranch_buliding_09,PH_SolferinoBranch_buliding_09,StaticMesh,占位/白盒/破碎测试
SilverPalace/Content/ArtRes/EnvRes/OpenWorld/PeerageDistrict/PlaceHolder/Buildings/Shops/SolferinoBranch/PH_SolferinoBranch_buliding_10.PH_SolferinoBranch_buliding_10,PH_SolferinoBranch_buliding_10,StaticMesh,占位/白盒/破碎测试
SilverPalace/Content/ArtRes/EnvRes/OpenWorld/PeerageDistrict/PlaceHolder/Buildings/Shops/SolferinoBranch/PH_SolferinoBranch_Cabinet_02.PH_SolferinoBranch_Cabinet_02,PH_SolferinoBranch_Cabinet_02,StaticMesh,占位/白盒/破碎测试
SilverPalace/Content/ArtRes/EnvRes/OpenWorld/PeerageDistrict/PlaceHolder/Buildings/Shops/SolferinoBranch/PH_SolferinoBranch_Cabinet_06.PH_SolferinoBranch_Cabinet_06,PH_SolferinoBranch_Cabinet_06,StaticMesh,占位/白盒/破碎测试
SilverPalace/Content/ArtRes/EnvRes/OpenWorld/PeerageDistrict/PlaceHolder/Buildings/Shops/SolferinoBranch/PH_SolferinoBranch_Cabinet_07.PH_SolferinoBranch_Cabinet_07,PH_SolferinoBranch_Cabinet_07,StaticMesh,占位/白盒/破碎测试
SilverPalace/Content/ArtRes/EnvRes/OpenWorld/PeerageDistrict/PlaceHolder/Buildings/Shops/SolferinoBranch/PH_SolferinoBranch_Cabinet_08.PH_SolferinoBranch_Cabinet_08,PH_SolferinoBranch_Cabinet_08,StaticMesh,占位/白盒/破碎测试
SilverPalace/Content/ArtRes/EnvRes/OpenWorld/PeerageDistrict/PlaceHolder/Buildings/Shops/SolferinoBranch/PH_SolferinoBranch_Hat_01.PH_SolferinoBranch_Hat_01,PH_SolferinoBranch_Hat_01,StaticMesh,占位/白盒/破碎测试
SilverPalace/Content/ArtRes/EnvRes/OpenWorld/PeerageDistrict/PlaceHolder/Buildings/Shops/SolferinoBranch/PH_SolferinoBranch_Hat_02.PH_SolferinoBranch_Hat_02,PH_SolferinoBranch_Hat_02,StaticMesh,占位/白盒/破碎测试
SilverPalace/Content/ArtRes/EnvRes/OpenWorld/PeerageDistrict/PlaceHolder/Buildings/Shops/SolferinoBranch/PH_SolferinoBranch_Mirror_01.PH_SolferinoBranch_Mirror_01,PH_SolferinoBranch_Mirror_01,StaticMesh,占位/白盒/破碎测试
SilverPalace/Content/ArtRes/EnvRes/OpenWorld/PeerageDistrict/PlaceHolder/Buildings/Shops/SolferinoBranch/PH_SolferinoBranch_Photo_01.PH_SolferinoBranch_Photo_01,PH_SolferinoBranch_Photo_01,StaticMesh,占位/白盒/破碎测试
SilverPalace/Content/ArtRes/EnvRes/OpenWorld/PeerageDistrict/PlaceHolder/Buildings/Shops/SolferinoBranch/PH_SolferinoBranch_Screen_02.PH_SolferinoBranch_Screen_02,PH_SolferinoBranch_Screen_02,StaticMesh,占位/白盒/破碎测试
SilverPalace/Content/ArtRes/EnvRes/OpenWorld/PeerageDistrict/PlaceHolder/Buildings/Shops/SolferinoBranch/PH_SolferinoBranch_Shelf_01.PH_SolferinoBranch_Shelf_01,PH_SolferinoBranch_Shelf_01,StaticMesh,占位/白盒/破碎测试
SilverPalace/Content/ArtRes/EnvRes/OpenWorld/PeerageDistrict/PlaceHolder/Buildings/Shops/SolferinoBranch/PH_SolferinoBranch_Shoerack_02.PH_SolferinoBranch_Shoerack_02,PH_SolferinoBranch_Shoerack_02,StaticMesh,占位/白盒/破碎测试
SilverPalace/Content/ArtRes/EnvRes/OpenWorld/PeerageDistrict/PlaceHolder/Buildings/Shops/SolferinoBranch/PH_SolferinoBranch_Shoes_01.PH_SolferinoBranch_Shoes_01,PH_SolferinoBranch_Shoes_01,StaticMesh,占位/白盒/破碎测试
SilverPalace/Content/ArtRes/EnvRes/OpenWorld/PeerageDistrict/PlaceHolder/Buildings/Shops/SolferinoBranch/PH_SolferinoBranch_Shoes_02.PH_SolferinoBranch_Shoes_02,PH_SolferinoBranch_Shoes_02,StaticMesh,占位/白盒/破碎测试
SilverPalace/Content/ArtRes/EnvRes/OpenWorld/PeerageDistrict/PlaceHolder/Buildings/Shops/SolferinoBranch/PH_SolferinoBranch_Table_04.PH_SolferinoBranch_Table_04,PH_SolferinoBranch_Table_04,StaticMesh,占位/白盒/破碎测试
SilverPalace/Content/ArtRes/EnvRes/OpenWorld/PeerageDistrict/PlaceHolder/Buildings/Shops/SolferinoBranch/PH_SolferinoBranch_Umbrellastand_01.PH_SolferinoBranch_Umbrellastand_01,PH_SolferinoBranch_Umbrellastand_01,StaticMesh,占位/白盒/破碎测试
SilverPalace/Content/ArtRes/EnvRes/OpenWorld/PeerageDistrict/PlaceHolder/Buildings/Shops/SolferinoBranch/PH_SolferinoBranch_Vase_02.PH_SolferinoBranch_Vase_02,PH_SolferinoBranch_Vase_02,StaticMesh,占位/白盒/破碎测试
SilverPalace/Content/ArtRes/EnvRes/OpenWorld/PeerageDistrict/PlaceHolder/Buildings/Shops/SolferinoBranch/PH_SolferinoBranch_Woodenframe_01.PH_SolferinoBranch_Woodenframe_01,PH_SolferinoBranch_Woodenframe_01,StaticMesh,占位/白盒/破碎测试
SilverPalace/Content/ArtRes/EnvRes/OpenWorld/PeerageDistrict/PlaceHolder/Buildings/SilverBirchBallroom/PH_Gen_SilverBirchBallroom_Roof_01.PH_Gen_SilverBirchBallroom_Roof_01,PH_Gen_SilverBirchBallroom_Roof_01,StaticMesh,占位/白盒/破碎测试
SilverPalace/Content/ArtRes/EnvRes/OpenWorld/PeerageDistrict/PlaceHolder/Buildings/SilverBirchBallroom/PH_Gen_SilverBirchBallroom_Roof_02.PH_Gen_SilverBirchBallroom_Roof_02,PH_Gen_SilverBirchBallroom_Roof_02,StaticMesh,占位/白盒/破碎测试
SilverPalace/Content/ArtRes/EnvRes/OpenWorld/PeerageDistrict/PlaceHolder/Buildings/SilverBirchBallroom/PH_Gen_SilverBirchBallroom_Roof_03.PH_Gen_SilverBirchBallroom_Roof_03,PH_Gen_SilverBirchBallroom_Roof_03,StaticMesh,占位/白盒/破碎测试
SilverPalace/Content/ArtRes/EnvRes/OpenWorld/PeerageDistrict/PlaceHolder/Buildings/SilverBirchBallroom/PH_Gen_SilverBirchBallroom_Roof_04.PH_Gen_SilverBirchBallroom_Roof_04,PH_Gen_SilverBirchBallroom_Roof_04,StaticMesh,占位/白盒/破碎测试
SilverPalace/Content/ArtRes/EnvRes/OpenWorld/PeerageDistrict/PlaceHolder/Buildings/SilverBirchBallroom/PH_Gen_SilverBirchBallroom_Roof_05.PH_Gen_SilverBirchBallroom_Roof_05,PH_Gen_SilverBirchBallroom_Roof_05,StaticMesh,占位/白盒/破碎测试
SilverPalace/Content/ArtRes/EnvRes/OpenWorld/PeerageDistrict/PlaceHolder/Buildings/SilverBirchBallroom/PH_SilverBirchBallroom_01.PH_SilverBirchBallroom_01,PH_SilverBirchBallroom_01,StaticMesh,占位/白盒/破碎测试
SilverPalace/Content/ArtRes/EnvRes/OpenWorld/PeerageDistrict/PlaceHolder/Buildings/SilverBirchBallroom/PH_SilverBirchBallroom_02.PH_SilverBirchBallroom_02,PH_SilverBirchBallroom_02,StaticMesh,占位/白盒/破碎测试
SilverPalace/Content/ArtRes/EnvRes/OpenWorld/PeerageDistrict/PlaceHolder/Buildings/SoullessOne/PH_SoullessOne_Reef_01.PH_SoullessOne_Reef_01,PH_SoullessOne_Reef_01,StaticMesh,占位/白盒/破碎测试
SilverPalace/Content/ArtRes/EnvRes/OpenWorld/PeerageDistrict/PlaceHolder/Buildings/SoullessOne/PH_SoullessOne_Reef_02.PH_SoullessOne_Reef_02,PH_SoullessOne_Reef_02,StaticMesh,占位/白盒/破碎测试
SilverPalace/Content/ArtRes/EnvRes/OpenWorld/PeerageDistrict/PlaceHolder/Buildings/SoullessOne/PH_SoullessOne_Reef_03.PH_SoullessOne_Reef_03,PH_SoullessOne_Reef_03,StaticMesh,占位/白盒/破碎测试
SilverPalace/Content/ArtRes/EnvRes/OpenWorld/PeerageDistrict/PlaceHolder/Buildings/SoullessOne/PH_SoullessOne_Reef_04.PH_SoullessOne_Reef_04,PH_SoullessOne_Reef_04,StaticMesh,占位/白盒/破碎测试
SilverPalace/Content/ArtRes/EnvRes/OpenWorld/PeerageDistrict/PlaceHolder/Buildings/SoullessOne/PH_SoullessOne_Reef_05.PH_SoullessOne_Reef_05,PH_SoullessOne_Reef_05,StaticMesh,占位/白盒/破碎测试
SilverPalace/Content/ArtRes/EnvRes/OpenWorld/PeerageDistrict/PlaceHolder/Buildings/SoullessOne/PH_SoullessOne_Reef_06.PH_SoullessOne_Reef_06,PH_SoullessOne_Reef_06,StaticMesh,占位/白盒/破碎测试
SilverPalace/Content/ArtRes/EnvRes/OpenWorld/PeerageDistrict/PlaceHolder/Buildings/SundayLounge/SM_PD_Prop_SundayLounge_PhotoFrame_01.SM_PD_Prop_SundayLounge_PhotoFrame_01,SM_PD_Prop_SundayLounge_PhotoFrame_01,StaticMesh,占位/白盒/破碎测试
SilverPalace/Content/ArtRes/EnvRes/OpenWorld/PeerageDistrict/PlaceHolder/Buildings/TheOldCuriosityShopBranch/PH_TheOldCuriosityShopBranch_Clock_01.PH_TheOldCuriosityShopBranch_Clock_01,PH_TheOldCuriosityShopBranch_Clock_01,StaticMesh,占位/白盒/破碎测试
SilverPalace/Content/ArtRes/EnvRes/OpenWorld/PeerageDistrict/PlaceHolder/Buildings/TheOldCuriosityShopBranch/PH_TheOldCuriosityShopBranch_Jar_03.PH_TheOldCuriosityShopBranch_Jar_03,PH_TheOldCuriosityShopBranch_Jar_03,StaticMesh,占位/白盒/破碎测试
SilverPalace/Content/ArtRes/EnvRes/OpenWorld/PeerageDistrict/PlaceHolder/Buildings/TheOldCuriosityShopBranch/PH_TheOldCuriosityShopBranch_Plant_01.PH_TheOldCuriosityShopBranch_Plant_01,PH_TheOldCuriosityShopBranch_Plant_01,StaticMesh,占位/白盒/破碎测试
SilverPalace/Content/ArtRes/EnvRes/OpenWorld/PeerageDistrict/PlaceHolder/Buildings/ThePrime/PH_ThePrime_In_A_Cabinet_Wood_01.PH_ThePrime_In_A_Cabinet_Wood_01,PH_ThePrime_In_A_Cabinet_Wood_01,StaticMesh,占位/白盒/破碎测试
SilverPalace/Content/ArtRes/EnvRes/OpenWorld/PeerageDistrict/PlaceHolder/Buildings/Tower/PH_Building_FacotryTower_01.PH_Building_FacotryTower_01,PH_Building_FacotryTower_01,StaticMesh,占位/白盒/破碎测试
SilverPalace/Content/ArtRes/EnvRes/OpenWorld/PeerageDistrict/PlaceHolder/Buildings/Tower/PH_Building_FacotryTower_02.PH_Building_FacotryTower_02,PH_Building_FacotryTower_02,StaticMesh,占位/白盒/破碎测试
SilverPalace/Content/ArtRes/EnvRes/OpenWorld/PeerageDistrict/PlaceHolder/Buildings/TrafficHub/PH_BoveyStreet_Cone01.PH_BoveyStreet_Cone01,PH_BoveyStreet_Cone01,StaticMesh,占位/白盒/破碎测试
SilverPalace/Content/ArtRes/EnvRes/OpenWorld/PeerageDistrict/PlaceHolder/Buildings/TrafficHub/PH_BoveyStreet_Drum01.PH_BoveyStreet_Drum01,PH_BoveyStreet_Drum01,StaticMesh,占位/白盒/破碎测试
SilverPalace/Content/ArtRes/EnvRes/OpenWorld/PeerageDistrict/PlaceHolder/Buildings/TrafficHub/PH_BoveyStreet_Trashbag01.PH_BoveyStreet_Trashbag01,PH_BoveyStreet_Trashbag01,StaticMesh,占位/白盒/破碎测试
SilverPalace/Content/ArtRes/EnvRes/OpenWorld/PeerageDistrict/PlaceHolder/Buildings/TrafficHub/PH_BoveyStreet_Trashbox01.PH_BoveyStreet_Trashbox01,PH_BoveyStreet_Trashbox01,StaticMesh,占位/白盒/破碎测试
SilverPalace/Content/ArtRes/EnvRes/OpenWorld/PeerageDistrict/PlaceHolder/Buildings/TrafficHub/PH_Dock_01.PH_Dock_01,PH_Dock_01,StaticMesh,占位/白盒/破碎测试
SilverPalace/Content/ArtRes/EnvRes/OpenWorld/PeerageDistrict/PlaceHolder/Buildings/TrafficHub/PH_Dock_02.PH_Dock_02,PH_Dock_02,StaticMesh,占位/白盒/破碎测试
SilverPalace/Content/ArtRes/EnvRes/OpenWorld/PeerageDistrict/PlaceHolder/Buildings/TrafficHub/PH_Dock_07.PH_Dock_07,PH_Dock_07,StaticMesh,占位/白盒/破碎测试
SilverPalace/Content/ArtRes/EnvRes/OpenWorld/PeerageDistrict/PlaceHolder/Buildings/TrafficHub/PH_Dock_08.PH_Dock_08,PH_Dock_08,StaticMesh,占位/白盒/破碎测试
SilverPalace/Content/ArtRes/EnvRes/OpenWorld/PeerageDistrict/PlaceHolder/Buildings/Train_Dungeon/PH_Train_bar_01.PH_Train_bar_01,PH_Train_bar_01,StaticMesh,占位/白盒/破碎测试
SilverPalace/Content/ArtRes/EnvRes/OpenWorld/PeerageDistrict/PlaceHolder/Buildings/Train_Dungeon/PH_Train_Cage_01.PH_Train_Cage_01,PH_Train_Cage_01,StaticMesh,占位/白盒/破碎测试
SilverPalace/Content/ArtRes/EnvRes/OpenWorld/PeerageDistrict/PlaceHolder/Buildings/Train_Dungeon/PH_Train_Cage_02.PH_Train_Cage_02,PH_Train_Cage_02,StaticMesh,占位/白盒/破碎测试
SilverPalace/Content/ArtRes/EnvRes/OpenWorld/PeerageDistrict/PlaceHolder/Buildings/Train_Dungeon/PH_Train_Cage_03.PH_Train_Cage_03,PH_Train_Cage_03,StaticMesh,占位/白盒/破碎测试
SilverPalace/Content/ArtRes/EnvRes/OpenWorld/PeerageDistrict/PlaceHolder/Buildings/Train_Dungeon/PH_Train_carriage_01.PH_Train_carriage_01,PH_Train_carriage_01,StaticMesh,占位/白盒/破碎测试
SilverPalace/Content/ArtRes/EnvRes/OpenWorld/PeerageDistrict/PlaceHolder/Buildings/Train_Dungeon/PH_Train_carriage_02.PH_Train_carriage_02,PH_Train_carriage_02,StaticMesh,占位/白盒/破碎测试
SilverPalace/Content/ArtRes/EnvRes/OpenWorld/PeerageDistrict/PlaceHolder/Buildings/Train_Dungeon/PH_Train_carriage_03.PH_Train_carriage_03,PH_Train_carriage_03,StaticMesh,占位/白盒/破碎测试
SilverPalace/Content/ArtRes/EnvRes/OpenWorld/PeerageDistrict/PlaceHolder/Buildings/Train_Dungeon/PH_Train_carriage_04.PH_Train_carriage_04,PH_Train_carriage_04,StaticMesh,占位/白盒/破碎测试
SilverPalace/Content/ArtRes/EnvRes/OpenWorld/PeerageDistrict/PlaceHolder/Buildings/Train_Dungeon/PH_Train_carriage_05.PH_Train_carriage_05,PH_Train_carriage_05,StaticMesh,占位/白盒/破碎测试
SilverPalace/Content/ArtRes/EnvRes/OpenWorld/PeerageDistrict/PlaceHolder/Buildings/Train_Dungeon/PH_Train_carriage_out_01.PH_Train_carriage_out_01,PH_Train_carriage_out_01,StaticMesh,占位/白盒/破碎测试
SilverPalace/Content/ArtRes/EnvRes/OpenWorld/PeerageDistrict/PlaceHolder/Buildings/Train_Dungeon/PH_Train_carriage_out_02.PH_Train_carriage_out_02,PH_Train_carriage_out_02,StaticMesh,占位/白盒/破碎测试
SilverPalace/Content/ArtRes/EnvRes/OpenWorld/PeerageDistrict/PlaceHolder/Buildings/Train_Dungeon/PH_Train_carriage_out_03.PH_Train_carriage_out_03,PH_Train_carriage_out_03,StaticMesh,占位/白盒/破碎测试
SilverPalace/Content/ArtRes/EnvRes/OpenWorld/PeerageDistrict/PlaceHolder/Buildings/Train_Dungeon/PH_Train_carriage_out_05.PH_Train_carriage_out_05,PH_Train_carriage_out_05,StaticMesh,占位/白盒/破碎测试
SilverPalace/Content/ArtRes/EnvRes/OpenWorld/PeerageDistrict/PlaceHolder/Buildings/Train_Dungeon/PH_Train_Cloth_01.PH_Train_Cloth_01,PH_Train_Cloth_01,StaticMesh,占位/白盒/破碎测试
SilverPalace/Content/ArtRes/EnvRes/OpenWorld/PeerageDistrict/PlaceHolder/Buildings/Train_Dungeon/PH_Train_Cloth_02.PH_Train_Cloth_02,PH_Train_Cloth_02,StaticMesh,占位/白盒/破碎测试
SilverPalace/Content/ArtRes/EnvRes/OpenWorld/PeerageDistrict/PlaceHolder/Buildings/Train_Dungeon/PH_Train_Cloth_03.PH_Train_Cloth_03,PH_Train_Cloth_03,StaticMesh,占位/白盒/破碎测试
SilverPalace/Content/ArtRes/EnvRes/OpenWorld/PeerageDistrict/PlaceHolder/Buildings/Train_Dungeon/PH_Train_Cloth_04.PH_Train_Cloth_04,PH_Train_Cloth_04,StaticMesh,占位/白盒/破碎测试
SilverPalace/Content/ArtRes/EnvRes/OpenWorld/PeerageDistrict/PlaceHolder/Buildings/Train_Dungeon/PH_Train_curtain_02.PH_Train_curtain_02,PH_Train_curtain_02,StaticMesh,占位/白盒/破碎测试
SilverPalace/Content/ArtRes/EnvRes/OpenWorld/PeerageDistrict/PlaceHolder/Buildings/Train_Dungeon/PH_Train_Diningcar_01.PH_Train_Diningcar_01,PH_Train_Diningcar_01,StaticMesh,占位/白盒/破碎测试
SilverPalace/Content/ArtRes/EnvRes/OpenWorld/PeerageDistrict/PlaceHolder/Buildings/Train_Dungeon/PH_Train_door_01.PH_Train_door_01,PH_Train_door_01,StaticMesh,占位/白盒/破碎测试
SilverPalace/Content/ArtRes/EnvRes/OpenWorld/PeerageDistrict/PlaceHolder/Buildings/Train_Dungeon/PH_Train_Largesuitcase_01.PH_Train_Largesuitcase_01,PH_Train_Largesuitcase_01,StaticMesh,占位/白盒/破碎测试
SilverPalace/Content/ArtRes/EnvRes/OpenWorld/PeerageDistrict/PlaceHolder/Buildings/Train_Dungeon/PH_Train_Largesuitcase_02.PH_Train_Largesuitcase_02,PH_Train_Largesuitcase_02,StaticMesh,占位/白盒/破碎测试
SilverPalace/Content/ArtRes/EnvRes/OpenWorld/PeerageDistrict/PlaceHolder/Buildings/Train_Dungeon/PH_Train_Largesuitcase_03.PH_Train_Largesuitcase_03,PH_Train_Largesuitcase_03,StaticMesh,占位/白盒/破碎测试
SilverPalace/Content/ArtRes/EnvRes/OpenWorld/PeerageDistrict/PlaceHolder/Buildings/Train_Dungeon/PH_Train_Largesuitcase_04.PH_Train_Largesuitcase_04,PH_Train_Largesuitcase_04,StaticMesh,占位/白盒/破碎测试
SilverPalace/Content/ArtRes/EnvRes/OpenWorld/PeerageDistrict/PlaceHolder/Buildings/Train_Dungeon/PH_Train_Mediumsizedbox_01.PH_Train_Mediumsizedbox_01,PH_Train_Mediumsizedbox_01,StaticMesh,占位/白盒/破碎测试
SilverPalace/Content/ArtRes/EnvRes/OpenWorld/PeerageDistrict/PlaceHolder/Buildings/Train_Dungeon/PH_Train_Mediumsizedbox_02.PH_Train_Mediumsizedbox_02,PH_Train_Mediumsizedbox_02,StaticMesh,占位/白盒/破碎测试
SilverPalace/Content/ArtRes/EnvRes/OpenWorld/PeerageDistrict/PlaceHolder/Buildings/Train_Dungeon/PH_Train_Mediumsizedbox_03.PH_Train_Mediumsizedbox_03,PH_Train_Mediumsizedbox_03,StaticMesh,占位/白盒/破碎测试
SilverPalace/Content/ArtRes/EnvRes/OpenWorld/PeerageDistrict/PlaceHolder/Buildings/Train_Dungeon/PH_Train_Mediumsizedbox_04.PH_Train_Mediumsizedbox_04,PH_Train_Mediumsizedbox_04,StaticMesh,占位/白盒/破碎测试
SilverPalace/Content/ArtRes/EnvRes/OpenWorld/PeerageDistrict/PlaceHolder/Buildings/Train_Dungeon/PH_Train_Piano_01.PH_Train_Piano_01,PH_Train_Piano_01,StaticMesh,占位/白盒/破碎测试
SilverPalace/Content/ArtRes/EnvRes/OpenWorld/PeerageDistrict/PlaceHolder/Buildings/Train_Dungeon/PH_Train_Rope_01.PH_Train_Rope_01,PH_Train_Rope_01,StaticMesh,占位/白盒/破碎测试
SilverPalace/Content/ArtRes/EnvRes/OpenWorld/PeerageDistrict/PlaceHolder/Buildings/Train_Dungeon/PH_Train_rope_02.PH_Train_rope_02,PH_Train_rope_02,StaticMesh,占位/白盒/破碎测试
SilverPalace/Content/ArtRes/EnvRes/OpenWorld/PeerageDistrict/PlaceHolder/Buildings/Train_Dungeon/PH_Train_rope_03.PH_Train_rope_03,PH_Train_rope_03,StaticMesh,占位/白盒/破碎测试
SilverPalace/Content/ArtRes/EnvRes/OpenWorld/PeerageDistrict/PlaceHolder/Buildings/Train_Dungeon/PH_Train_rope_04.PH_Train_rope_04,PH_Train_rope_04,StaticMesh,占位/白盒/破碎测试
SilverPalace/Content/ArtRes/EnvRes/OpenWorld/PeerageDistrict/PlaceHolder/Buildings/Train_Dungeon/PH_Train_Shelf_01.PH_Train_Shelf_01,PH_Train_Shelf_01,StaticMesh,占位/白盒/破碎测试
SilverPalace/Content/ArtRes/EnvRes/OpenWorld/PeerageDistrict/PlaceHolder/Buildings/Train_Dungeon/PH_Train_Shelf_02.PH_Train_Shelf_02,PH_Train_Shelf_02,StaticMesh,占位/白盒/破碎测试
SilverPalace/Content/ArtRes/EnvRes/OpenWorld/PeerageDistrict/PlaceHolder/Buildings/Train_Dungeon/PH_Train_Shelf_03.PH_Train_Shelf_03,PH_Train_Shelf_03,StaticMesh,占位/白盒/破碎测试
SilverPalace/Content/ArtRes/EnvRes/OpenWorld/PeerageDistrict/PlaceHolder/Buildings/Train_Dungeon/PH_Train_shell_01.PH_Train_shell_01,PH_Train_shell_01,StaticMesh,占位/白盒/破碎测试
SilverPalace/Content/ArtRes/EnvRes/OpenWorld/PeerageDistrict/PlaceHolder/Buildings/Train_Dungeon/PH_Train_Smallsuitcase_01.PH_Train_Smallsuitcase_01,PH_Train_Smallsuitcase_01,StaticMesh,占位/白盒/破碎测试
SilverPalace/Content/ArtRes/EnvRes/OpenWorld/PeerageDistrict/PlaceHolder/Buildings/Train_Dungeon/PH_Train_Smallsuitcase_02.PH_Train_Smallsuitcase_02,PH_Train_Smallsuitcase_02,StaticMesh,占位/白盒/破碎测试
SilverPalace/Content/ArtRes/EnvRes/OpenWorld/PeerageDistrict/PlaceHolder/Buildings/Train_Dungeon/PH_Train_Smallsuitcase_04.PH_Train_Smallsuitcase_04,PH_Train_Smallsuitcase_04,StaticMesh,占位/白盒/破碎测试
SilverPalace/Content/ArtRes/EnvRes/OpenWorld/PeerageDistrict/PlaceHolder/Buildings/Train_Dungeon/PH_Train_Violin_01.PH_Train_Violin_01,PH_Train_Violin_01,StaticMesh,占位/白盒/破碎测试
SilverPalace/Content/ArtRes/EnvRes/OpenWorld/PeerageDistrict/PlaceHolder/Buildings/Train_Dungeon/PH_Train_Violin_02.PH_Train_Violin_02,PH_Train_Violin_02,StaticMesh,占位/白盒/破碎测试
SilverPalace/Content/ArtRes/EnvRes/OpenWorld/PeerageDistrict/PlaceHolder/Buildings/Villa/Preston/Meshes/PH_Gen_BLDN_PrestonVilla_Curb_01.PH_Gen_BLDN_PrestonVilla_Curb_01,PH_Gen_BLDN_PrestonVilla_Curb_01,StaticMesh,占位/白盒/破碎测试
SilverPalace/Content/ArtRes/EnvRes/OpenWorld/PeerageDistrict/PlaceHolder/Buildings/Villa/Preston/Meshes/PH_Gen_BLDN_PrestonVilla_Curb_02.PH_Gen_BLDN_PrestonVilla_Curb_02,PH_Gen_BLDN_PrestonVilla_Curb_02,StaticMesh,占位/白盒/破碎测试
SilverPalace/Content/ArtRes/EnvRes/OpenWorld/PeerageDistrict/PlaceHolder/Buildings/Villa/Preston/Meshes/PH_Gen_BLDN_PrestonVilla_Curb_03.PH_Gen_BLDN_PrestonVilla_Curb_03,PH_Gen_BLDN_PrestonVilla_Curb_03,StaticMesh,占位/白盒/破碎测试
SilverPalace/Content/ArtRes/EnvRes/OpenWorld/PeerageDistrict/PlaceHolder/Buildings/Villa/Preston/Meshes/PH_Gen_BLDN_PrestonVilla_Door_01_6m.PH_Gen_BLDN_PrestonVilla_Door_01_6m,PH_Gen_BLDN_PrestonVilla_Door_01_6m,StaticMesh,占位/白盒/破碎测试
SilverPalace/Content/ArtRes/EnvRes/OpenWorld/PeerageDistrict/PlaceHolder/Buildings/Villa/Preston/Meshes/PH_Gen_BLDN_PrestonVilla_Door_02_6m.PH_Gen_BLDN_PrestonVilla_Door_02_6m,PH_Gen_BLDN_PrestonVilla_Door_02_6m,StaticMesh,占位/白盒/破碎测试
SilverPalace/Content/ArtRes/EnvRes/OpenWorld/PeerageDistrict/PlaceHolder/Buildings/Villa/Preston/Meshes/PH_Gen_BLDN_PrestonVilla_Door_04_6m.PH_Gen_BLDN_PrestonVilla_Door_04_6m,PH_Gen_BLDN_PrestonVilla_Door_04_6m,StaticMesh,占位/白盒/破碎测试
SilverPalace/Content/ArtRes/EnvRes/OpenWorld/PeerageDistrict/PlaceHolder/Buildings/Villa/Preston/Meshes/PH_Gen_BLDN_PrestonVilla_Doorway_01.PH_Gen_BLDN_PrestonVilla_Doorway_01,PH_Gen_BLDN_PrestonVilla_Doorway_01,StaticMesh,占位/白盒/破碎测试
SilverPalace/Content/ArtRes/EnvRes/OpenWorld/PeerageDistrict/PlaceHolder/Buildings/Villa/Preston/Meshes/PH_Gen_BLDN_PrestonVilla_Fence_01.PH_Gen_BLDN_PrestonVilla_Fence_01,PH_Gen_BLDN_PrestonVilla_Fence_01,StaticMesh,占位/白盒/破碎测试
SilverPalace/Content/ArtRes/EnvRes/OpenWorld/PeerageDistrict/PlaceHolder/Buildings/Villa/Preston/Meshes/PH_Gen_BLDN_PrestonVilla_Fence_02.PH_Gen_BLDN_PrestonVilla_Fence_02,PH_Gen_BLDN_PrestonVilla_Fence_02,StaticMesh,占位/白盒/破碎测试
SilverPalace/Content/ArtRes/EnvRes/OpenWorld/PeerageDistrict/PlaceHolder/Buildings/Villa/Preston/Meshes/PH_Gen_BLDN_PrestonVilla_Fence_03.PH_Gen_BLDN_PrestonVilla_Fence_03,PH_Gen_BLDN_PrestonVilla_Fence_03,StaticMesh,占位/白盒/破碎测试
SilverPalace/Content/ArtRes/EnvRes/OpenWorld/PeerageDistrict/PlaceHolder/Buildings/Villa/Preston/Meshes/PH_Gen_BLDN_PrestonVilla_Foundation_Base.PH_Gen_BLDN_PrestonVilla_Foundation_Base,PH_Gen_BLDN_PrestonVilla_Foundation_Base,StaticMesh,占位/白盒/破碎测试
SilverPalace/Content/ArtRes/EnvRes/OpenWorld/PeerageDistrict/PlaceHolder/Buildings/Villa/Preston/Meshes/PH_Gen_BLDN_PrestonVilla_FrontWindow_01.PH_Gen_BLDN_PrestonVilla_FrontWindow_01,PH_Gen_BLDN_PrestonVilla_FrontWindow_01,StaticMesh,占位/白盒/破碎测试
SilverPalace/Content/ArtRes/EnvRes/OpenWorld/PeerageDistrict/PlaceHolder/Buildings/Villa/Preston/Meshes/PH_Gen_BLDN_PrestonVilla_Pillar_01.PH_Gen_BLDN_PrestonVilla_Pillar_01,PH_Gen_BLDN_PrestonVilla_Pillar_01,StaticMesh,占位/白盒/破碎测试
SilverPalace/Content/ArtRes/EnvRes/OpenWorld/PeerageDistrict/PlaceHolder/Buildings/Villa/Preston/Meshes/PH_Gen_BLDN_PrestonVilla_Pillar_02.PH_Gen_BLDN_PrestonVilla_Pillar_02,PH_Gen_BLDN_PrestonVilla_Pillar_02,StaticMesh,占位/白盒/破碎测试
SilverPalace/Content/ArtRes/EnvRes/OpenWorld/PeerageDistrict/PlaceHolder/Buildings/Villa/Preston/Meshes/PH_Gen_BLDN_PrestonVilla_Pillar_03.PH_Gen_BLDN_PrestonVilla_Pillar_03,PH_Gen_BLDN_PrestonVilla_Pillar_03,StaticMesh,占位/白盒/破碎测试
SilverPalace/Content/ArtRes/EnvRes/OpenWorld/PeerageDistrict/PlaceHolder/Buildings/Villa/Preston/Meshes/PH_Gen_BLDN_PrestonVilla_Pillar_04.PH_Gen_BLDN_PrestonVilla_Pillar_04,PH_Gen_BLDN_PrestonVilla_Pillar_04,StaticMesh,占位/白盒/破碎测试
SilverPalace/Content/ArtRes/EnvRes/OpenWorld/PeerageDistrict/PlaceHolder/Buildings/Villa/Preston/Meshes/PH_Gen_BLDN_PrestonVilla_Roof_03.PH_Gen_BLDN_PrestonVilla_Roof_03,PH_Gen_BLDN_PrestonVilla_Roof_03,StaticMesh,占位/白盒/破碎测试
SilverPalace/Content/ArtRes/EnvRes/OpenWorld/PeerageDistrict/PlaceHolder/Buildings/Villa/Preston/Meshes/PH_Gen_BLDN_PrestonVilla_Roof_04.PH_Gen_BLDN_PrestonVilla_Roof_04,PH_Gen_BLDN_PrestonVilla_Roof_04,StaticMesh,占位/白盒/破碎测试
SilverPalace/Content/ArtRes/EnvRes/OpenWorld/PeerageDistrict/PlaceHolder/Buildings/Villa/Preston/Meshes/PH_Gen_BLDN_PrestonVilla_Roof_B_03.PH_Gen_BLDN_PrestonVilla_Roof_B_03,PH_Gen_BLDN_PrestonVilla_Roof_B_03,StaticMesh,占位/白盒/破碎测试
SilverPalace/Content/ArtRes/EnvRes/OpenWorld/PeerageDistrict/PlaceHolder/Buildings/Villa/Preston/Meshes/PH_Gen_BLDN_PrestonVilla_Slab_01.PH_Gen_BLDN_PrestonVilla_Slab_01,PH_Gen_BLDN_PrestonVilla_Slab_01,StaticMesh,占位/白盒/破碎测试
SilverPalace/Content/ArtRes/EnvRes/OpenWorld/PeerageDistrict/PlaceHolder/Buildings/Villa/Preston/Meshes/PH_Gen_BLDN_PrestonVilla_Slab_Roof.PH_Gen_BLDN_PrestonVilla_Slab_Roof,PH_Gen_BLDN_PrestonVilla_Slab_Roof,StaticMesh,占位/白盒/破碎测试
SilverPalace/Content/ArtRes/EnvRes/OpenWorld/PeerageDistrict/PlaceHolder/Buildings/Villa/Preston/Meshes/PH_Gen_BLDN_PrestonVilla_Steeple_01.PH_Gen_BLDN_PrestonVilla_Steeple_01,PH_Gen_BLDN_PrestonVilla_Steeple_01,StaticMesh,占位/白盒/破碎测试
SilverPalace/Content/ArtRes/EnvRes/OpenWorld/PeerageDistrict/PlaceHolder/Buildings/Villa/Preston/Meshes/PH_Gen_BLDN_PrestonVilla_Tower_01.PH_Gen_BLDN_PrestonVilla_Tower_01,PH_Gen_BLDN_PrestonVilla_Tower_01,StaticMesh,占位/白盒/破碎测试
SilverPalace/Content/ArtRes/EnvRes/OpenWorld/PeerageDistrict/PlaceHolder/Buildings/Villa/Preston/Meshes/PH_Gen_BLDN_PrestonVilla_Tower_02.PH_Gen_BLDN_PrestonVilla_Tower_02,PH_Gen_BLDN_PrestonVilla_Tower_02,StaticMesh,占位/白盒/破碎测试
SilverPalace/Content/ArtRes/EnvRes/OpenWorld/PeerageDistrict/PlaceHolder/Buildings/Villa/Preston/Meshes/PH_Gen_BLDN_PrestonVilla_Wall_01_5m.PH_Gen_BLDN_PrestonVilla_Wall_01_5m,PH_Gen_BLDN_PrestonVilla_Wall_01_5m,StaticMesh,占位/白盒/破碎测试
SilverPalace/Content/ArtRes/EnvRes/OpenWorld/PeerageDistrict/PlaceHolder/Buildings/Villa/Preston/Meshes/PH_Gen_BLDN_PrestonVilla_Wall_01_6m.PH_Gen_BLDN_PrestonVilla_Wall_01_6m,PH_Gen_BLDN_PrestonVilla_Wall_01_6m,StaticMesh,占位/白盒/破碎测试
SilverPalace/Content/ArtRes/EnvRes/OpenWorld/PeerageDistrict/PlaceHolder/Buildings/Villa/Preston/Meshes/PH_Gen_BLDN_PrestonVilla_Wall_03_5m.PH_Gen_BLDN_PrestonVilla_Wall_03_5m,PH_Gen_BLDN_PrestonVilla_Wall_03_5m,StaticMesh,占位/白盒/破碎测试
SilverPalace/Content/ArtRes/EnvRes/OpenWorld/PeerageDistrict/PlaceHolder/Buildings/Villa/Preston/Meshes/PH_Gen_BLDN_PrestonVilla_Window_A_5m.PH_Gen_BLDN_PrestonVilla_Window_A_5m,PH_Gen_BLDN_PrestonVilla_Window_A_5m,StaticMesh,占位/白盒/破碎测试
SilverPalace/Content/ArtRes/EnvRes/OpenWorld/PeerageDistrict/PlaceHolder/Buildings/Villa/Preston/Meshes/PH_Gen_BLDN_PrestonVilla_Window_A_6m.PH_Gen_BLDN_PrestonVilla_Window_A_6m,PH_Gen_BLDN_PrestonVilla_Window_A_6m,StaticMesh,占位/白盒/破碎测试
SilverPalace/Content/ArtRes/EnvRes/OpenWorld/PeerageDistrict/PlaceHolder/Buildings/Villa/Preston/Meshes/PH_Gen_BLDN_PrestonVilla_Window_Large_6m.PH_Gen_BLDN_PrestonVilla_Window_Large_6m,PH_Gen_BLDN_PrestonVilla_Window_Large_6m,StaticMesh,占位/白盒/破碎测试
SilverPalace/Content/ArtRes/EnvRes/OpenWorld/PeerageDistrict/PlaceHolder/Buildings/Villa/Preston/Meshes/PH_Gen_BLDN_PrestonVilla_Window_Large_6m_inner.PH_Gen_BLDN_PrestonVilla_Window_Large_6m_inner,PH_Gen_BLDN_PrestonVilla_Window_Large_6m_inner,StaticMesh,占位/白盒/破碎测试
SilverPalace/Content/ArtRes/EnvRes/OpenWorld/PeerageDistrict/PlaceHolder/Buildings/Villa/Preston/Meshes/PH_Gen_BLDN_PrestonVilla_Window_Small.PH_Gen_BLDN_PrestonVilla_Window_Small,PH_Gen_BLDN_PrestonVilla_Window_Small,StaticMesh,占位/白盒/破碎测试
SilverPalace/Content/ArtRes/EnvRes/OpenWorld/PeerageDistrict/PlaceHolder/Buildings/Villa/Preston/Meshes/PH_Gen_BLDN_PrestonVilla_Window_Special_02.PH_Gen_BLDN_PrestonVilla_Window_Special_02,PH_Gen_BLDN_PrestonVilla_Window_Special_02,StaticMesh,占位/白盒/破碎测试
SilverPalace/Content/ArtRes/EnvRes/OpenWorld/PeerageDistrict/PlaceHolder/Buildings/ViolaHotelInterior/Meshes/PD_AnimalBone.PD_AnimalBone,PD_AnimalBone,StaticMesh,占位/白盒/破碎测试
SilverPalace/Content/ArtRes/EnvRes/OpenWorld/PeerageDistrict/PlaceHolder/Buildings/ViolaHotelInterior/Meshes/PD_Bed.PD_Bed,PD_Bed,StaticMesh,占位/白盒/破碎测试
SilverPalace/Content/ArtRes/EnvRes/OpenWorld/PeerageDistrict/PlaceHolder/Buildings/ViolaHotelInterior/Meshes/PD_BedChair.PD_BedChair,PD_BedChair,StaticMesh,占位/白盒/破碎测试
SilverPalace/Content/ArtRes/EnvRes/OpenWorld/PeerageDistrict/PlaceHolder/Buildings/ViolaHotelInterior/Meshes/PD_Bottle.PD_Bottle,PD_Bottle,StaticMesh,占位/白盒/破碎测试
SilverPalace/Content/ArtRes/EnvRes/OpenWorld/PeerageDistrict/PlaceHolder/Buildings/ViolaHotelInterior/Meshes/PD_Carpet.PD_Carpet,PD_Carpet,StaticMesh,占位/白盒/破碎测试
SilverPalace/Content/ArtRes/EnvRes/OpenWorld/PeerageDistrict/PlaceHolder/Buildings/ViolaHotelInterior/Meshes/PD_Crystal.PD_Crystal,PD_Crystal,StaticMesh,占位/白盒/破碎测试
SilverPalace/Content/ArtRes/EnvRes/OpenWorld/PeerageDistrict/PlaceHolder/Buildings/ViolaHotelInterior/Meshes/PD_Shroud.PD_Shroud,PD_Shroud,StaticMesh,占位/白盒/破碎测试
SilverPalace/Content/ArtRes/EnvRes/OpenWorld/PeerageDistrict/PlaceHolder/Buildings/ViolaHotelInterior/Meshes/PD_Statue.PD_Statue,PD_Statue,StaticMesh,占位/白盒/破碎测试
SilverPalace/Content/ArtRes/EnvRes/OpenWorld/PeerageDistrict/PlaceHolder/Buildings/ViolaHotelInterior/Meshes/PD_Tablecloth.PD_Tablecloth,PD_Tablecloth,StaticMesh,占位/白盒/破碎测试
SilverPalace/Content/ArtRes/EnvRes/OpenWorld/PeerageDistrict/PlaceHolder/Buildings/ViolaHotelInterior/Meshes/PD_TreasureChest.PD_TreasureChest,PD_TreasureChest,StaticMesh,占位/白盒/破碎测试
SilverPalace/Content/ArtRes/EnvRes/OpenWorld/PeerageDistrict/PlaceHolder/Buildings/ViolaHotelInterior/Meshes/PD_Vase.PD_Vase,PD_Vase,StaticMesh,占位/白盒/破碎测试
SilverPalace/Content/ArtRes/EnvRes/OpenWorld/PeerageDistrict/PlaceHolder/Buildings/ViolaHotelInterior/Meshes/PD_ViolaHotelInterior_Ceiling_200X200X30.PD_ViolaHotelInterior_Ceiling_200X200X30,PD_ViolaHotelInterior_Ceiling_200X200X30,StaticMesh,占位/白盒/破碎测试
SilverPalace/Content/ArtRes/EnvRes/OpenWorld/PeerageDistrict/PlaceHolder/Buildings/ViolaHotelInterior/Meshes/PD_ViolaHotelInterior_Door.PD_ViolaHotelInterior_Door,PD_ViolaHotelInterior_Door,StaticMesh,占位/白盒/破碎测试
SilverPalace/Content/ArtRes/EnvRes/OpenWorld/PeerageDistrict/PlaceHolder/Buildings/ViolaHotelInterior/Meshes/PD_ViolaHotelInterior_DoorFrame.PD_ViolaHotelInterior_DoorFrame,PD_ViolaHotelInterior_DoorFrame,StaticMesh,占位/白盒/破碎测试
SilverPalace/Content/ArtRes/EnvRes/OpenWorld/PeerageDistrict/PlaceHolder/Buildings/ViolaHotelInterior/Meshes/PD_ViolaHotelInterior_Pillar_45X35X436.PD_ViolaHotelInterior_Pillar_45X35X436,PD_ViolaHotelInterior_Pillar_45X35X436,StaticMesh,占位/白盒/破碎测试
SilverPalace/Content/ArtRes/EnvRes/OpenWorld/PeerageDistrict/PlaceHolder/Buildings/ViolaHotelInterior/Meshes/PD_ViolaHotelInterior_Pillar_45X35X436_Corner.PD_ViolaHotelInterior_Pillar_45X35X436_Corner,PD_ViolaHotelInterior_Pillar_45X35X436_Corner,StaticMesh,占位/白盒/破碎测试
SilverPalace/Content/ArtRes/EnvRes/OpenWorld/PeerageDistrict/PlaceHolder/Buildings/ViolaHotelInterior/Meshes/PD_ViolaHotelInterior_Wall_100X11X436.PD_ViolaHotelInterior_Wall_100X11X436,PD_ViolaHotelInterior_Wall_100X11X436,StaticMesh,占位/白盒/破碎测试
SilverPalace/Content/ArtRes/EnvRes/OpenWorld/PeerageDistrict/PlaceHolder/Buildings/ViolaHotelInterior/Meshes/PD_ViolaHotelInterior_Wall_200X11X436.PD_ViolaHotelInterior_Wall_200X11X436,PD_ViolaHotelInterior_Wall_200X11X436,StaticMesh,占位/白盒/破碎测试
SilverPalace/Content/ArtRes/EnvRes/OpenWorld/PeerageDistrict/PlaceHolder/Buildings/ViolaHotelInterior/Meshes/PD_ViolaHotelInterior_Wall_200X11X436_Door.PD_ViolaHotelInterior_Wall_200X11X436_Door,PD_ViolaHotelInterior_Wall_200X11X436_Door,StaticMesh,占位/白盒/破碎测试
SilverPalace/Content/ArtRes/EnvRes/OpenWorld/PeerageDistrict/PlaceHolder/Buildings/ViolaHotelInterior/Meshes/PD_ViolaHotelInterior_Wall_200X11X436_Window.PD_ViolaHotelInterior_Wall_200X11X436_Window,PD_ViolaHotelInterior_Wall_200X11X436_Window,StaticMesh,占位/白盒/破碎测试
SilverPalace/Content/ArtRes/EnvRes/OpenWorld/PeerageDistrict/PlaceHolder/Buildings/ViolaHotelInterior/Meshes/PD_ViolaHotelInterior_Wall_400X11X436.PD_ViolaHotelInterior_Wall_400X11X436,PD_ViolaHotelInterior_Wall_400X11X436,StaticMesh,占位/白盒/破碎测试
SilverPalace/Content/ArtRes/EnvRes/OpenWorld/PeerageDistrict/PlaceHolder/Buildings/ViolaHotelInterior/Meshes/PD_ViolaHotelInterior_Window_Curtain_Close.PD_ViolaHotelInterior_Window_Curtain_Close,PD_ViolaHotelInterior_Window_Curtain_Close,StaticMesh,占位/白盒/破碎测试
SilverPalace/Content/ArtRes/EnvRes/OpenWorld/PeerageDistrict/PlaceHolder/Buildings/ViolaHotelInterior/Meshes/PD_ViolaHotelInterior_Window_Curtain_Open.PD_ViolaHotelInterior_Window_Curtain_Open,PD_ViolaHotelInterior_Window_Curtain_Open,StaticMesh,占位/白盒/破碎测试
SilverPalace/Content/ArtRes/EnvRes/OpenWorld/PeerageDistrict/PlaceHolder/Constellation/SM_PH_CharShow_Constellation_02.SM_PH_CharShow_Constellation_02,SM_PH_CharShow_Constellation_02,StaticMesh,占位/白盒/破碎测试
SilverPalace/Content/ArtRes/EnvRes/OpenWorld/PeerageDistrict/PlaceHolder/Constellation/SM_PH_CharShow_Constellation_03.SM_PH_CharShow_Constellation_03,SM_PH_CharShow_Constellation_03,StaticMesh,占位/白盒/破碎测试
SilverPalace/Content/ArtRes/EnvRes/OpenWorld/PeerageDistrict/PlaceHolder/Constellation/SM_PH_CharShow_Constellation_04.SM_PH_CharShow_Constellation_04,SM_PH_CharShow_Constellation_04,StaticMesh,占位/白盒/破碎测试
SilverPalace/Content/ArtRes/EnvRes/OpenWorld/PeerageDistrict/PlaceHolder/Prop/GangsterTerritory/PH_Gangster_Box_01.PH_Gangster_Box_01,PH_Gangster_Box_01,StaticMesh,占位/白盒/破碎测试
SilverPalace/Content/ArtRes/EnvRes/OpenWorld/PeerageDistrict/PlaceHolder/Prop/GangsterTerritory/PH_Gangster_BoxCloth_01.PH_Gangster_BoxCloth_01,PH_Gangster_BoxCloth_01,StaticMesh,占位/白盒/破碎测试
SilverPalace/Content/ArtRes/EnvRes/OpenWorld/PeerageDistrict/PlaceHolder/Prop/GangsterTerritory/PH_Gangster_Bucket_02.PH_Gangster_Bucket_02,PH_Gangster_Bucket_02,StaticMesh,占位/白盒/破碎测试
SilverPalace/Content/ArtRes/EnvRes/OpenWorld/PeerageDistrict/PlaceHolder/Prop/GangsterTerritory/PH_Gangster_Cage_01.PH_Gangster_Cage_01,PH_Gangster_Cage_01,StaticMesh,占位/白盒/破碎测试
SilverPalace/Content/ArtRes/EnvRes/OpenWorld/PeerageDistrict/PlaceHolder/Prop/GangsterTerritory/PH_Gangster_Chain_01.PH_Gangster_Chain_01,PH_Gangster_Chain_01,StaticMesh,占位/白盒/破碎测试
SilverPalace/Content/ArtRes/EnvRes/OpenWorld/PeerageDistrict/PlaceHolder/Prop/GangsterTerritory/PH_Gangster_Chain_04.PH_Gangster_Chain_04,PH_Gangster_Chain_04,StaticMesh,占位/白盒/破碎测试
SilverPalace/Content/ArtRes/EnvRes/OpenWorld/PeerageDistrict/PlaceHolder/Prop/GangsterTerritory/PH_Gangster_MetalSteady_01.PH_Gangster_MetalSteady_01,PH_Gangster_MetalSteady_01,StaticMesh,占位/白盒/破碎测试
SilverPalace/Content/ArtRes/EnvRes/OpenWorld/PeerageDistrict/PlaceHolder/Prop/GulliverStreet/PH_PD_BLDN_ArtStreet_Decal_01B.PH_PD_BLDN_ArtStreet_Decal_01B,PH_PD_BLDN_ArtStreet_Decal_01B,StaticMesh,占位/白盒/破碎测试
SilverPalace/Content/ArtRes/EnvRes/OpenWorld/PeerageDistrict/PlaceHolder/Prop/GulliverStreet/PH_PD_BLDN_ArtStreet_Decal_01D.PH_PD_BLDN_ArtStreet_Decal_01D,PH_PD_BLDN_ArtStreet_Decal_01D,StaticMesh,占位/白盒/破碎测试
SilverPalace/Content/ArtRes/EnvRes/OpenWorld/PeerageDistrict/PlaceHolder/Prop/GulliverStreet/PH_PD_BLDN_CarpetClips_01.PH_PD_BLDN_CarpetClips_01,PH_PD_BLDN_CarpetClips_01,StaticMesh,占位/白盒/破碎测试
SilverPalace/Content/ArtRes/EnvRes/OpenWorld/PeerageDistrict/PlaceHolder/Prop/HarnessStreet/PH_HarnessStreet_Boots_01.PH_HarnessStreet_Boots_01,PH_HarnessStreet_Boots_01,StaticMesh,占位/白盒/破碎测试
SilverPalace/Content/ArtRes/EnvRes/OpenWorld/PeerageDistrict/PlaceHolder/Prop/HarnessStreet/PH_HarnessStreet_Frame_01.PH_HarnessStreet_Frame_01,PH_HarnessStreet_Frame_01,StaticMesh,占位/白盒/破碎测试
SilverPalace/Content/ArtRes/EnvRes/OpenWorld/PeerageDistrict/PlaceHolder/Prop/HarnessStreet/PH_HarnessStreet_Stable_01.PH_HarnessStreet_Stable_01,PH_HarnessStreet_Stable_01,StaticMesh,占位/白盒/破碎测试
SilverPalace/Content/ArtRes/EnvRes/OpenWorld/PeerageDistrict/PlaceHolder/Prop/JoyceHome/PH_JoyceHome_Bag.PH_JoyceHome_Bag,PH_JoyceHome_Bag,StaticMesh,占位/白盒/破碎测试
SilverPalace/Content/ArtRes/EnvRes/OpenWorld/PeerageDistrict/PlaceHolder/Prop/JoyceHome/PH_JoyceHome_Bed.PH_JoyceHome_Bed,PH_JoyceHome_Bed,StaticMesh,占位/白盒/破碎测试
SilverPalace/Content/ArtRes/EnvRes/OpenWorld/PeerageDistrict/PlaceHolder/Prop/JoyceHome/PH_JoyceHome_Crayon_01.PH_JoyceHome_Crayon_01,PH_JoyceHome_Crayon_01,StaticMesh,占位/白盒/破碎测试
SilverPalace/Content/ArtRes/EnvRes/OpenWorld/PeerageDistrict/PlaceHolder/Prop/JoyceHome/PH_JoyceHome_Crayon_02.PH_JoyceHome_Crayon_02,PH_JoyceHome_Crayon_02,StaticMesh,占位/白盒/破碎测试
SilverPalace/Content/ArtRes/EnvRes/OpenWorld/PeerageDistrict/PlaceHolder/Prop/JoyceHome/PH_JoyceHome_CrayonBox.PH_JoyceHome_CrayonBox,PH_JoyceHome_CrayonBox,StaticMesh,占位/白盒/破碎测试
SilverPalace/Content/ArtRes/EnvRes/OpenWorld/PeerageDistrict/PlaceHolder/Prop/JoyceHome/PH_JoyceHome_Curtain_01.PH_JoyceHome_Curtain_01,PH_JoyceHome_Curtain_01,StaticMesh,占位/白盒/破碎测试
SilverPalace/Content/ArtRes/EnvRes/OpenWorld/PeerageDistrict/PlaceHolder/Prop/JoyceHome/PH_JoyceHome_Curtain_02.PH_JoyceHome_Curtain_02,PH_JoyceHome_Curtain_02,StaticMesh,占位/白盒/破碎测试
SilverPalace/Content/ArtRes/EnvRes/OpenWorld/PeerageDistrict/PlaceHolder/Prop/JoyceHome/PH_JoyceHome_Curtain_03.PH_JoyceHome_Curtain_03,PH_JoyceHome_Curtain_03,StaticMesh,占位/白盒/破碎测试
SilverPalace/Content/ArtRes/EnvRes/OpenWorld/PeerageDistrict/PlaceHolder/Prop/JoyceHome/PH_JoyceHome_Fireplace.PH_JoyceHome_Fireplace,PH_JoyceHome_Fireplace,StaticMesh,占位/白盒/破碎测试
SilverPalace/Content/ArtRes/EnvRes/OpenWorld/PeerageDistrict/PlaceHolder/Prop/JoyceHome/PH_JoyceHome_Liquid_01.PH_JoyceHome_Liquid_01,PH_JoyceHome_Liquid_01,StaticMesh,占位/白盒/破碎测试
SilverPalace/Content/ArtRes/EnvRes/OpenWorld/PeerageDistrict/PlaceHolder/Prop/JoyceHome/PH_JoyceHome_Pendant.PH_JoyceHome_Pendant,PH_JoyceHome_Pendant,StaticMesh,占位/白盒/破碎测试
SilverPalace/Content/ArtRes/EnvRes/OpenWorld/PeerageDistrict/PlaceHolder/Prop/JoyceHome/PH_JoyceHome_Toy_01.PH_JoyceHome_Toy_01,PH_JoyceHome_Toy_01,StaticMesh,占位/白盒/破碎测试
SilverPalace/Content/ArtRes/EnvRes/OpenWorld/PeerageDistrict/PlaceHolder/Prop/JoyceHome/PH_JoyceHome_Toy_02.PH_JoyceHome_Toy_02,PH_JoyceHome_Toy_02,StaticMesh,占位/白盒/破碎测试
SilverPalace/Content/ArtRes/EnvRes/OpenWorld/PeerageDistrict/PlaceHolder/Prop/JoyceHome/PH_JoyceHome_Toy_03.PH_JoyceHome_Toy_03,PH_JoyceHome_Toy_03,StaticMesh,占位/白盒/破碎测试
SilverPalace/Content/ArtRes/EnvRes/OpenWorld/PeerageDistrict/PlaceHolder/Prop/JoyceHome/PH_JoyceHome_Toy_04.PH_JoyceHome_Toy_04,PH_JoyceHome_Toy_04,StaticMesh,占位/白盒/破碎测试
SilverPalace/Content/ArtRes/EnvRes/OpenWorld/PeerageDistrict/PlaceHolder/Prop/JoyceHome/PH_JoyceHome_Toy_05.PH_JoyceHome_Toy_05,PH_JoyceHome_Toy_05,StaticMesh,占位/白盒/破碎测试
SilverPalace/Content/ArtRes/EnvRes/OpenWorld/PeerageDistrict/PlaceHolder/Prop/Meshes/PH_Cloth_04.PH_Cloth_04,PH_Cloth_04,StaticMesh,占位/白盒/破碎测试
SilverPalace/Content/ArtRes/EnvRes/OpenWorld/PeerageDistrict/PlaceHolder/Prop/Meshes/PH_Cloth_05.PH_Cloth_05,PH_Cloth_05,StaticMesh,占位/白盒/破碎测试
SilverPalace/Content/ArtRes/EnvRes/OpenWorld/PeerageDistrict/PlaceHolder/Prop/Meshes/PH_CommABuilding_Arch_01.PH_CommABuilding_Arch_01,PH_CommABuilding_Arch_01,StaticMesh,占位/白盒/破碎测试
SilverPalace/Content/ArtRes/EnvRes/OpenWorld/PeerageDistrict/PlaceHolder/Prop/Meshes/PH_Door_03.PH_Door_03,PH_Door_03,StaticMesh,占位/白盒/破碎测试
SilverPalace/Content/ArtRes/EnvRes/OpenWorld/PeerageDistrict/PlaceHolder/Prop/Meshes/PH_easel_01.PH_easel_01,PH_easel_01,StaticMesh,占位/白盒/破碎测试
SilverPalace/Content/ArtRes/EnvRes/OpenWorld/PeerageDistrict/PlaceHolder/Prop/Meshes/PH_Flagpole_01.PH_Flagpole_01,PH_Flagpole_01,StaticMesh,占位/白盒/破碎测试
SilverPalace/Content/ArtRes/EnvRes/OpenWorld/PeerageDistrict/PlaceHolder/Prop/Meshes/PH_Foundation_01.PH_Foundation_01,PH_Foundation_01,StaticMesh,占位/白盒/破碎测试
SilverPalace/Content/ArtRes/EnvRes/OpenWorld/PeerageDistrict/PlaceHolder/Prop/Meshes/PH_Gen_BLDN_Indoor_Wall_B_Merge_Stone_light.PH_Gen_BLDN_Indoor_Wall_B_Merge_Stone_light,PH_Gen_BLDN_Indoor_Wall_B_Merge_Stone_light,StaticMesh,占位/白盒/破碎测试
SilverPalace/Content/ArtRes/EnvRes/OpenWorld/PeerageDistrict/PlaceHolder/Prop/Meshes/PH_Huohuade_Bed_01.PH_Huohuade_Bed_01,PH_Huohuade_Bed_01,StaticMesh,占位/白盒/破碎测试
SilverPalace/Content/ArtRes/EnvRes/OpenWorld/PeerageDistrict/PlaceHolder/Prop/Meshes/PH_Huohuade_CoatRack_01.PH_Huohuade_CoatRack_01,PH_Huohuade_CoatRack_01,StaticMesh,占位/白盒/破碎测试
SilverPalace/Content/ArtRes/EnvRes/OpenWorld/PeerageDistrict/PlaceHolder/Prop/Meshes/PH_MetalAwning_03.PH_MetalAwning_03,PH_MetalAwning_03,StaticMesh,占位/白盒/破碎测试
SilverPalace/Content/ArtRes/EnvRes/OpenWorld/PeerageDistrict/PlaceHolder/Prop/Meshes/PH_MetalFence_03.PH_MetalFence_03,PH_MetalFence_03,StaticMesh,占位/白盒/破碎测试
SilverPalace/Content/ArtRes/EnvRes/OpenWorld/PeerageDistrict/PlaceHolder/Prop/Meshes/PH_Obstacle_05.PH_Obstacle_05,PH_Obstacle_05,StaticMesh,占位/白盒/破碎测试
SilverPalace/Content/ArtRes/EnvRes/OpenWorld/PeerageDistrict/PlaceHolder/Prop/Meshes/PH_PoliceOffice_Door_A.PH_PoliceOffice_Door_A,PH_PoliceOffice_Door_A,StaticMesh,占位/白盒/破碎测试
SilverPalace/Content/ArtRes/EnvRes/OpenWorld/PeerageDistrict/PlaceHolder/Prop/Meshes/PH_Sealthewindow_01.PH_Sealthewindow_01,PH_Sealthewindow_01,StaticMesh,占位/白盒/破碎测试
SilverPalace/Content/ArtRes/EnvRes/OpenWorld/PeerageDistrict/PlaceHolder/Prop/MetalPlatform/PH_MetalPlatform_pillar_01.PH_MetalPlatform_pillar_01,PH_MetalPlatform_pillar_01,StaticMesh,占位/白盒/破碎测试
SilverPalace/Content/ArtRes/EnvRes/OpenWorld/PeerageDistrict/PlaceHolder/Prop/MetalPlatform/PH_MetalPlatform_platform_02.PH_MetalPlatform_platform_02,PH_MetalPlatform_platform_02,StaticMesh,占位/白盒/破碎测试
SilverPalace/Content/ArtRes/EnvRes/OpenWorld/PeerageDistrict/PlaceHolder/Prop/MetalPlatform/PH_MetalPlatform_rail_02.PH_MetalPlatform_rail_02,PH_MetalPlatform_rail_02,StaticMesh,占位/白盒/破碎测试
SilverPalace/Content/ArtRes/EnvRes/OpenWorld/PeerageDistrict/PlaceHolder/Prop/MetalPlatform/PH_MetalPlatform_rail_03.PH_MetalPlatform_rail_03,PH_MetalPlatform_rail_03,StaticMesh,占位/白盒/破碎测试
SilverPalace/Content/ArtRes/EnvRes/OpenWorld/PeerageDistrict/PlaceHolder/Prop/MetalPlatform/PH_MetalPlatform_rail_04.PH_MetalPlatform_rail_04,PH_MetalPlatform_rail_04,StaticMesh,占位/白盒/破碎测试
SilverPalace/Content/ArtRes/EnvRes/OpenWorld/PeerageDistrict/PlaceHolder/Prop/MetalPlatform/PH_MetalPlatform_stairs_02.PH_MetalPlatform_stairs_02,PH_MetalPlatform_stairs_02,StaticMesh,占位/白盒/破碎测试
SilverPalace/Content/ArtRes/EnvRes/OpenWorld/PeerageDistrict/PlaceHolder/Prop/RingTower/PH_Carpet_01.PH_Carpet_01,PH_Carpet_01,StaticMesh,占位/白盒/破碎测试
SilverPalace/Content/ArtRes/EnvRes/OpenWorld/PeerageDistrict/PlaceHolder/Prop/RingTower/PH_Decorativelight_01.PH_Decorativelight_01,PH_Decorativelight_01,StaticMesh,占位/白盒/破碎测试
SilverPalace/Content/ArtRes/EnvRes/OpenWorld/PeerageDistrict/PlaceHolder/Prop/RingTower/PH_Grocerystore_01.PH_Grocerystore_01,PH_Grocerystore_01,StaticMesh,占位/白盒/破碎测试
SilverPalace/Content/ArtRes/EnvRes/OpenWorld/PeerageDistrict/PlaceHolder/Prop/RingTower/PH_Grocerystore_02.PH_Grocerystore_02,PH_Grocerystore_02,StaticMesh,占位/白盒/破碎测试
SilverPalace/Content/ArtRes/EnvRes/OpenWorld/PeerageDistrict/PlaceHolder/Prop/RingTower/PH_Grocerystore_03.PH_Grocerystore_03,PH_Grocerystore_03,StaticMesh,占位/白盒/破碎测试
SilverPalace/Content/ArtRes/EnvRes/OpenWorld/PeerageDistrict/PlaceHolder/Prop/RingTower/PH_Grocerystore_04.PH_Grocerystore_04,PH_Grocerystore_04,StaticMesh,占位/白盒/破碎测试
SilverPalace/Content/ArtRes/EnvRes/OpenWorld/PeerageDistrict/PlaceHolder/Prop/RingTower/PH_Grocerystore_05.PH_Grocerystore_05,PH_Grocerystore_05,StaticMesh,占位/白盒/破碎测试
SilverPalace/Content/ArtRes/EnvRes/OpenWorld/PeerageDistrict/PlaceHolder/Prop/RingTower/PH_Jellyfishlamp_01.PH_Jellyfishlamp_01,PH_Jellyfishlamp_01,StaticMesh,占位/白盒/破碎测试
SilverPalace/Content/ArtRes/EnvRes/OpenWorld/PeerageDistrict/PlaceHolder/Prop/RingTower/PH_Jellyfishlamp_02.PH_Jellyfishlamp_02,PH_Jellyfishlamp_02,StaticMesh,占位/白盒/破碎测试
SilverPalace/Content/ArtRes/EnvRes/OpenWorld/PeerageDistrict/PlaceHolder/Prop/RingTower/PH_Reactionkettle_01.PH_Reactionkettle_01,PH_Reactionkettle_01,StaticMesh,占位/白盒/破碎测试
SilverPalace/Content/ArtRes/EnvRes/OpenWorld/PeerageDistrict/PlaceHolder/Prop/RingTower/PH_Reactionkettle_02.PH_Reactionkettle_02,PH_Reactionkettle_02,StaticMesh,占位/白盒/破碎测试
SilverPalace/Content/ArtRes/EnvRes/OpenWorld/PeerageDistrict/PlaceHolder/Prop/RingTower/PH_Reactionkettle_03.PH_Reactionkettle_03,PH_Reactionkettle_03,StaticMesh,占位/白盒/破碎测试
SilverPalace/Content/ArtRes/EnvRes/OpenWorld/PeerageDistrict/PlaceHolder/Prop/RingTower/PH_Ribbon_01.PH_Ribbon_01,PH_Ribbon_01,StaticMesh,占位/白盒/破碎测试
SilverPalace/Content/ArtRes/EnvRes/OpenWorld/PeerageDistrict/PlaceHolder/Prop/RingTower/PH_Ribbon_02.PH_Ribbon_02,PH_Ribbon_02,StaticMesh,占位/白盒/破碎测试
SilverPalace/Content/ArtRes/EnvRes/OpenWorld/PeerageDistrict/PlaceHolder/Prop/RingTower/PH_Sacrificiaaltar_01.PH_Sacrificiaaltar_01,PH_Sacrificiaaltar_01,StaticMesh,占位/白盒/破碎测试
SilverPalace/Content/ArtRes/EnvRes/OpenWorld/PeerageDistrict/PlaceHolder/Prop/RingTower/PH_ShopComponent_01.PH_ShopComponent_01,PH_ShopComponent_01,StaticMesh,占位/白盒/破碎测试
SilverPalace/Content/ArtRes/EnvRes/OpenWorld/PeerageDistrict/PlaceHolder/Prop/RingTower/PH_ShopComponent_02.PH_ShopComponent_02,PH_ShopComponent_02,StaticMesh,占位/白盒/破碎测试
SilverPalace/Content/ArtRes/EnvRes/OpenWorld/PeerageDistrict/PlaceHolder/Prop/RingTower/PH_ShopComponent_03.PH_ShopComponent_03,PH_ShopComponent_03,StaticMesh,占位/白盒/破碎测试
SilverPalace/Content/ArtRes/EnvRes/OpenWorld/PeerageDistrict/PlaceHolder/Prop/RingTower/PH_ShopComponent_04.PH_ShopComponent_04,PH_ShopComponent_04,StaticMesh,占位/白盒/破碎测试
SilverPalace/Content/ArtRes/EnvRes/OpenWorld/PeerageDistrict/PlaceHolder/Prop/RingTower/PH_ShopComponent_05.PH_ShopComponent_05,PH_ShopComponent_05,StaticMesh,占位/白盒/破碎测试
SilverPalace/Content/ArtRes/EnvRes/OpenWorld/PeerageDistrict/PlaceHolder/Prop/RingTower/PH_ShopComponent_06.PH_ShopComponent_06,PH_ShopComponent_06,StaticMesh,占位/白盒/破碎测试
SilverPalace/Content/ArtRes/EnvRes/OpenWorld/PeerageDistrict/PlaceHolder/Prop/RingTower/PH_Snowflake_01.PH_Snowflake_01,PH_Snowflake_01,StaticMesh,占位/白盒/破碎测试
SilverPalace/Content/ArtRes/EnvRes/OpenWorld/PeerageDistrict/PlaceHolder/Prop/RingTower/PH_Snowman_01.PH_Snowman_01,PH_Snowman_01,StaticMesh,占位/白盒/破碎测试
SilverPalace/Content/ArtRes/EnvRes/OpenWorld/PeerageDistrict/PlaceHolder/Prop/RingTower/PH_Vase_01.PH_Vase_01,PH_Vase_01,StaticMesh,占位/白盒/破碎测试
SilverPalace/Content/ArtRes/EnvRes/OpenWorld/PeerageDistrict/PlaceHolder/Prop/RingTower/PH_Wreath_01.PH_Wreath_01,PH_Wreath_01,StaticMesh,占位/白盒/破碎测试
SilverPalace/Content/ArtRes/EnvRes/OpenWorld/PeerageDistrict/PlaceHolder/Prop/StreetProps/PH_CornerClock_Base_01.PH_CornerClock_Base_01,PH_CornerClock_Base_01,StaticMesh,占位/白盒/破碎测试
SilverPalace/Content/ArtRes/EnvRes/OpenWorld/PeerageDistrict/PlaceHolder/Prop/StreetProps/PH_GroceryKiosk_Billboard_01.PH_GroceryKiosk_Billboard_01,PH_GroceryKiosk_Billboard_01,StaticMesh,占位/白盒/破碎测试
SilverPalace/Content/ArtRes/EnvRes/OpenWorld/PeerageDistrict/PlaceHolder/Prop/Train/PH_Dambody.PH_Dambody,PH_Dambody,StaticMesh,占位/白盒/破碎测试
SilverPalace/Content/ArtRes/EnvRes/OpenWorld/PeerageDistrict/PlaceHolder/Prop/Train/PH_Road_1500X400X20.PH_Road_1500X400X20,PH_Road_1500X400X20,StaticMesh,占位/白盒/破碎测试
SilverPalace/Content/ArtRes/EnvRes/OpenWorld/PeerageDistrict/PlaceHolder/Prop/Train/PH_Road_500X400X20.PH_Road_500X400X20,PH_Road_500X400X20,StaticMesh,占位/白盒/破碎测试
SilverPalace/Content/ArtRes/EnvRes/OpenWorld/PeerageDistrict/PlaceHolder/Prop/Train/PH_tunnel_01.PH_tunnel_01,PH_tunnel_01,StaticMesh,占位/白盒/破碎测试
SilverPalace/Content/ArtRes/EnvRes/OpenWorld/PeerageDistrict/PlaceHolder/Road/Meshes/BG_Diban_010.BG_Diban_010,BG_Diban_010,StaticMesh,占位/白盒/破碎测试
SilverPalace/Content/ArtRes/EnvRes/OpenWorld/PeerageDistrict/PlaceHolder/Road/Meshes/PH_Floor_02.PH_Floor_02,PH_Floor_02,StaticMesh,占位/白盒/破碎测试
SilverPalace/Content/ArtRes/EnvRes/OpenWorld/PeerageDistrict/PlaceHolder/Road/Meshes/PH_Floor_03.PH_Floor_03,PH_Floor_03,StaticMesh,占位/白盒/破碎测试
SilverPalace/Content/ArtRes/EnvRes/OpenWorld/PeerageDistrict/PlaceHolder/Road/Meshes/SM_Diban_YC.SM_Diban_YC,SM_Diban_YC,StaticMesh,占位/白盒/破碎测试
SilverPalace/Content/ArtRes/EnvRes/OpenWorld/PeerageDistrict/PlaceHolder/Road/Meshes/SM_MP_Water_02.SM_MP_Water_02,SM_MP_Water_02,StaticMesh,占位/白盒/破碎测试
SilverPalace/Content/ArtRes/EnvRes/OpenWorld/PeerageDistrict/PlaceHolder/Road/Meshes/SM_Water_YC.SM_Water_YC,SM_Water_YC,StaticMesh,占位/白盒/破碎测试
SilverPalace/Content/ArtRes/EnvRes/OpenWorld/PeerageDistrict/WhiteBox/Airship/Banquet_Hall/Meshes/WB_BanquetHall_A_Glass_01.WB_BanquetHall_A_Glass_01,WB_BanquetHall_A_Glass_01,StaticMesh,占位/白盒/破碎测试
SilverPalace/Content/ArtRes/EnvRes/OpenWorld/PeerageDistrict/WhiteBox/Airship/Banquet_Hall/Meshes/WB_BanquetHall_A_Relief_02.WB_BanquetHall_A_Relief_02,WB_BanquetHall_A_Relief_02,StaticMesh,占位/白盒/破碎测试
SilverPalace/Content/ArtRes/EnvRes/OpenWorld/PeerageDistrict/WhiteBox/Airship/Banquet_Hall/Meshes/WB_BanquetHall_C_Effects_01.WB_BanquetHall_C_Effects_01,WB_BanquetHall_C_Effects_01,StaticMesh,占位/白盒/破碎测试
SilverPalace/Content/ArtRes/EnvRes/OpenWorld/PeerageDistrict/WhiteBox/Airship/Lobby/Meshes/WB_Lobby_Door_02.WB_Lobby_Door_02,WB_Lobby_Door_02,StaticMesh,占位/白盒/破碎测试
SilverPalace/Content/ArtRes/EnvRes/OpenWorld/PeerageDistrict/WhiteBox/GenericAsset/Building/Shop/Gen_BLDN_Shop_MissWoodsTailoring/Meshes/WB_Gen_BLDN_Shop_MissWoodsTailoring_A_Pillar_Stone_01.WB_Gen_BLDN_Shop_MissWoodsTailoring_A_Pillar_Stone_01,WB_Gen_BLDN_Shop_MissWoodsTailoring_A_Pillar_Stone_01,StaticMesh,占位/白盒/破碎测试
SilverPalace/Content/ArtRes/EnvRes/OpenWorld/PeerageDistrict/WhiteBox/GenericAsset/Building/Shop/Gen_BLDN_Shop_MissWoodsTailoring/Meshes/WB_Gen_BLDN_Shop_MissWoodsTailoring_A_Wall_Wood_01.WB_Gen_BLDN_Shop_MissWoodsTailoring_A_Wall_Wood_01,WB_Gen_BLDN_Shop_MissWoodsTailoring_A_Wall_Wood_01,StaticMesh,占位/白盒/破碎测试
SilverPalace/Content/ArtRes/EnvRes/OpenWorld/PeerageDistrict/WhiteBox/GenericAsset/Building/Shop/Gen_BLDN_Shop_TreeShadeCafe/Meshes/WB_Gen_BLDN_Shop_TreeShadeCafe_A_Pillar_Wood_01.WB_Gen_BLDN_Shop_TreeShadeCafe_A_Pillar_Wood_01,WB_Gen_BLDN_Shop_TreeShadeCafe_A_Pillar_Wood_01,StaticMesh,占位/白盒/破碎测试
SilverPalace/Content/ArtRes/EnvRes/OpenWorld/PeerageDistrict/WhiteBox/GenericAsset/Building/Shop/Gen_BLDN_Shop_TreeShadeCafe/Meshes/WB_Gen_BLDN_Shop_TreeShadeCafe_A_Pillar_Wood_02.WB_Gen_BLDN_Shop_TreeShadeCafe_A_Pillar_Wood_02,WB_Gen_BLDN_Shop_TreeShadeCafe_A_Pillar_Wood_02,StaticMesh,占位/白盒/破碎测试
SilverPalace/Content/ArtRes/EnvRes/OpenWorld/PeerageDistrict/WhiteBox/GenericAsset/Building/Shop/Gen_BLDN_Shop_TreeShadeCafe/Meshes/WB_Gen_BLDN_Shop_TreeShadeCafe_A_Signboard_Metal_01.WB_Gen_BLDN_Shop_TreeShadeCafe_A_Signboard_Metal_01,WB_Gen_BLDN_Shop_TreeShadeCafe_A_Signboard_Metal_01,StaticMesh,占位/白盒/破碎测试
SilverPalace/Content/ArtRes/EnvRes/OpenWorld/PeerageDistrict/WhiteBox/GenericAsset/Building/Shop/Gen_BLDN_Shop_TreeShadeCafe/Meshes/WB_Gen_BLDN_Shop_TreeShadeCafe_A_Signboard_Metal_02.WB_Gen_BLDN_Shop_TreeShadeCafe_A_Signboard_Metal_02,WB_Gen_BLDN_Shop_TreeShadeCafe_A_Signboard_Metal_02,StaticMesh,占位/白盒/破碎测试
SilverPalace/Content/ArtRes/EnvRes/OpenWorld/PeerageDistrict/WhiteBox/GenericAsset/Building/Shop/Gen_BLDN_Shop_TreeShadeCafe/Meshes/WB_Gen_BLDN_Shop_TreeShadeCafe_A_Wall_Wood_01.WB_Gen_BLDN_Shop_TreeShadeCafe_A_Wall_Wood_01,WB_Gen_BLDN_Shop_TreeShadeCafe_A_Wall_Wood_01,StaticMesh,占位/白盒/破碎测试
SilverPalace/Content/ArtRes/EnvRes/OpenWorld/PeerageDistrict/WhiteBox/GenericAsset/Building/Shop/Gen_BLDN_Shop_TreeShadeCafe/Meshes/WB_Gen_BLDN_Shop_TreeShadeCafe_A_Wall_Wood_02.WB_Gen_BLDN_Shop_TreeShadeCafe_A_Wall_Wood_02,WB_Gen_BLDN_Shop_TreeShadeCafe_A_Wall_Wood_02,StaticMesh,占位/白盒/破碎测试
SilverPalace/Content/ArtRes/EnvRes/OpenWorld/PeerageDistrict/WhiteBox/GenericAsset/Building/Shop/Gen_BLDN_Shop_TreeShadeCafe/Meshes/WB_Gen_BLDN_Shop_TreeShadeCafe_A_Wall_Wood_03.WB_Gen_BLDN_Shop_TreeShadeCafe_A_Wall_Wood_03,WB_Gen_BLDN_Shop_TreeShadeCafe_A_Wall_Wood_03,StaticMesh,占位/白盒/破碎测试
SilverPalace/Content/ArtRes/EnvRes/OpenWorld/PeerageDistrict/WhiteBox/GenericAsset/Building/Shop/Gen_BLDN_Shop_TreeShadeCafe/Meshes/WB_Gen_BLDN_Shop_TreeShadeCafe_A_Wall_Wood_04.WB_Gen_BLDN_Shop_TreeShadeCafe_A_Wall_Wood_04,WB_Gen_BLDN_Shop_TreeShadeCafe_A_Wall_Wood_04,StaticMesh,占位/白盒/破碎测试
SilverPalace/Content/ArtRes/EnvRes/OpenWorld/PeerageDistrict/WhiteBox/LevelWhiteBox/PeerageDistrict/BuilWhiteBox/SM_PD_WB_BuilA_04.SM_PD_WB_BuilA_04,SM_PD_WB_BuilA_04,StaticMesh,占位/白盒/破碎测试
SilverPalace/Content/ArtRes/EnvRes/OpenWorld/PeerageDistrict/WhiteBox/LevelWhiteBox/PeerageDistrict/BuilWhiteBox/SM_PD_WB_BuilA_07.SM_PD_WB_BuilA_07,SM_PD_WB_BuilA_07,StaticMesh,占位/白盒/破碎测试
SilverPalace/Content/ArtRes/EnvRes/OpenWorld/PeerageDistrict/WhiteBox/LevelWhiteBox/PeerageDistrict/BuilWhiteBox/SM_PD_WB_BuilA_09.SM_PD_WB_BuilA_09,SM_PD_WB_BuilA_09,StaticMesh,占位/白盒/破碎测试
SilverPalace/Content/ArtRes/EnvRes/OpenWorld/PeerageDistrict/WhiteBox/LevelWhiteBox/PeerageDistrict/BuilWhiteBox/SM_PD_WB_BuilA_15.SM_PD_WB_BuilA_15,SM_PD_WB_BuilA_15,StaticMesh,占位/白盒/破碎测试
SilverPalace/Content/ArtRes/EnvRes/OpenWorld/PeerageDistrict/WhiteBox/LevelWhiteBox/PeerageDistrict/BuilWhiteBox/SM_PD_WB_CoveredBridgeA_01.SM_PD_WB_CoveredBridgeA_01,SM_PD_WB_CoveredBridgeA_01,StaticMesh,占位/白盒/破碎测试
SilverPalace/Content/ArtRes/EnvRes/OpenWorld/PeerageDistrict/WhiteBox/LevelWhiteBox/PeerageDistrict/BuilWhiteBox/SM_PD_WB_CoveredBridgeA_02.SM_PD_WB_CoveredBridgeA_02,SM_PD_WB_CoveredBridgeA_02,StaticMesh,占位/白盒/破碎测试
SilverPalace/Content/ArtRes/EnvRes/OpenWorld/PeerageDistrict/WhiteBox/LevelWhiteBox/PeerageDistrict/LevelWhiteBox/SneakBattle/Meshes/SM_PD_Barricade.SM_PD_Barricade,SM_PD_Barricade,StaticMesh,占位/白盒/破碎测试
SilverPalace/Content/ArtRes/EnvRes/OpenWorld/PeerageDistrict/WhiteBox/LevelWhiteBox/PeerageDistrict/LevelWhiteBox/SneakBattle/Meshes/SM_PD_Base_D01_A_Alley_03.SM_PD_Base_D01_A_Alley_03,SM_PD_Base_D01_A_Alley_03,StaticMesh,占位/白盒/破碎测试
SilverPalace/Content/ArtRes/EnvRes/OpenWorld/PeerageDistrict/WhiteBox/LevelWhiteBox/PeerageDistrict/LevelWhiteBox/SneakBattle/Meshes/SM_PD_CMP_Scaffold_A_Facade_04.SM_PD_CMP_Scaffold_A_Facade_04,SM_PD_CMP_Scaffold_A_Facade_04,StaticMesh,占位/白盒/破碎测试
SilverPalace/Content/ArtRes/EnvRes/OpenWorld/PeerageDistrict/WhiteBox/LevelWhiteBox/PeerageDistrict/LevelWhiteBox/SneakBattle/Meshes/SM_PD_CMP_Scaffold_A_Facade_05.SM_PD_CMP_Scaffold_A_Facade_05,SM_PD_CMP_Scaffold_A_Facade_05,StaticMesh,占位/白盒/破碎测试
SilverPalace/Content/ArtRes/EnvRes/OpenWorld/PeerageDistrict/WhiteBox/LevelWhiteBox/PeerageDistrict/LevelWhiteBox/SneakBattle/Meshes/SM_PD_CMP_Scaffold_A_Facade_07.SM_PD_CMP_Scaffold_A_Facade_07,SM_PD_CMP_Scaffold_A_Facade_07,StaticMesh,占位/白盒/破碎测试
SilverPalace/Content/ArtRes/EnvRes/OpenWorld/PeerageDistrict/WhiteBox/LevelWhiteBox/PeerageDistrict/LevelWhiteBox/SneakBattle/Meshes/SM_PD_CMP_Scaffold_A_Facade_08.SM_PD_CMP_Scaffold_A_Facade_08,SM_PD_CMP_Scaffold_A_Facade_08,StaticMesh,占位/白盒/破碎测试
SilverPalace/Content/ArtRes/EnvRes/OpenWorld/PeerageDistrict/WhiteBox/LevelWhiteBox/PeerageDistrict/LevelWhiteBox/SneakBattle/Meshes/SM_PD_Pipe_01.SM_PD_Pipe_01,SM_PD_Pipe_01,StaticMesh,占位/白盒/破碎测试
SilverPalace/Content/ArtRes/EnvRes/OpenWorld/PeerageDistrict/WhiteBox/LevelWhiteBox/PeerageDistrict/LevelWhiteBox/SneakBattle/Meshes/SM_PD_Pipe_02.SM_PD_Pipe_02,SM_PD_Pipe_02,StaticMesh,占位/白盒/破碎测试
SilverPalace/Content/ArtRes/EnvRes/OpenWorld/PeerageDistrict/WhiteBox/LevelWhiteBox/PeerageDistrict/LevelWhiteBox/SneakBattle/Meshes/SM_PD_Pipe_03.SM_PD_Pipe_03,SM_PD_Pipe_03,StaticMesh,占位/白盒/破碎测试
SilverPalace/Content/ArtRes/EnvRes/OpenWorld/PeerageDistrict/WhiteBox/LevelWhiteBox/PeerageDistrict/LevelWhiteBox/SneakBattle/Meshes/SM_PD_Pipe_04.SM_PD_Pipe_04,SM_PD_Pipe_04,StaticMesh,占位/白盒/破碎测试
SilverPalace/Content/ArtRes/EnvRes/OpenWorld/PeerageDistrict/WhiteBox/LevelWhiteBox/PeerageDistrict/LevelWhiteBox/SneakBattle/Meshes/SM_PD_Scaffold_A.SM_PD_Scaffold_A,SM_PD_Scaffold_A,StaticMesh,占位/白盒/破碎测试
SilverPalace/Content/ArtRes/EnvRes/OpenWorld/PeerageDistrict/WhiteBox/LevelWhiteBox/PeerageDistrict/LevelWhiteBox/SneakBattle/Meshes/SM_PD_Scaffold_B.SM_PD_Scaffold_B,SM_PD_Scaffold_B,StaticMesh,占位/白盒/破碎测试
SilverPalace/Content/ArtRes/EnvRes/OpenWorld/PeerageDistrict/WhiteBox/LevelWhiteBox/PeerageDistrict/PlantWhiteBox/SM_PD_WB_Bush_03.SM_PD_WB_Bush_03,SM_PD_WB_Bush_03,StaticMesh,占位/白盒/破碎测试
SilverPalace/Content/ArtRes/EnvRes/OpenWorld/PeerageDistrict/WhiteBox/LevelWhiteBox/PeerageDistrict/PlantWhiteBox/SM_PD_WB_Flower_05.SM_PD_WB_Flower_05,SM_PD_WB_Flower_05,StaticMesh,占位/白盒/破碎测试
SilverPalace/Content/ArtRes/EnvRes/OpenWorld/PeerageDistrict/WhiteBox/LevelWhiteBox/PeerageDistrict/PropWhiteBox/SM_PD_WB_IronDoor_02.SM_PD_WB_IronDoor_02,SM_PD_WB_IronDoor_02,StaticMesh,占位/白盒/破碎测试
SilverPalace/Content/ArtRes/EnvRes/OpenWorld/PeerageDistrict/WhiteBox/LevelWhiteBox/PeerageDistrict/PropWhiteBox/SM_PD_WB_ParasolC_01.SM_PD_WB_ParasolC_01,SM_PD_WB_ParasolC_01,StaticMesh,占位/白盒/破碎测试
SilverPalace/Content/ArtRes/EnvRes/OpenWorld/PeerageDistrict/WhiteBox/LevelWhiteBox/PeerageDistrict/PropWhiteBox/SM_PD_WB_Statues_01.SM_PD_WB_Statues_01,SM_PD_WB_Statues_01,StaticMesh,占位/白盒/破碎测试
SilverPalace/Content/ArtRes/EnvRes/OpenWorld/PeerageDistrict/WhiteBox/LevelWhiteBox/PeerageDistrict/TerrainWhiteBox/SM_PD_WB_EdgeA_02.SM_PD_WB_EdgeA_02,SM_PD_WB_EdgeA_02,StaticMesh,占位/白盒/破碎测试
SilverPalace/Content/ArtRes/EnvRes/OpenWorld/PeerageDistrict/WhiteBox/LevelWhiteBox/PeerageDistrict/TerrainWhiteBox/SM_PD_WB_Ground_02.SM_PD_WB_Ground_02,SM_PD_WB_Ground_02,StaticMesh,占位/白盒/破碎测试
SilverPalace/Content/ArtRes/EnvRes/OpenWorld/PeerageDistrict/WhiteBox/Plant/Flowers/Meshes/SM_Plants_Flowers_Anemone_Group_01_E.SM_Plants_Flowers_Anemone_Group_01_E,SM_Plants_Flowers_Anemone_Group_01_E,StaticMesh,占位/白盒/破碎测试
SilverPalace/Content/ArtRes/EnvRes/OpenWorld/PeerageDistrict/WhiteBox/Plant/Flowers/Meshes/SM_Plants_Flowers_Rose_Climbing_01_B.SM_Plants_Flowers_Rose_Climbing_01_B,SM_Plants_Flowers_Rose_Climbing_01_B,StaticMesh,占位/白盒/破碎测试
SilverPalace/Content/ArtRes/EnvRes/OpenWorld/PeerageDistrict/WhiteBox/Plant/Flowers/Meshes/SM_Plants_Flowers_Rose_Climbing_01_E.SM_Plants_Flowers_Rose_Climbing_01_E,SM_Plants_Flowers_Rose_Climbing_01_E,StaticMesh,占位/白盒/破碎测试
SilverPalace/Content/ArtRes/EnvRes/OpenWorld/PeerageDistrict/WhiteBox/Plant/Flowers/Meshes/SM_Plants_Flowers_Rose_Climbing_02_A.SM_Plants_Flowers_Rose_Climbing_02_A,SM_Plants_Flowers_Rose_Climbing_02_A,StaticMesh,占位/白盒/破碎测试
SilverPalace/Content/ArtRes/EnvRes/OpenWorld/PeerageDistrict/WhiteBox/Plant/Flowers/Meshes/SM_Plants_Flowers_Rose_Climbing_04_A.SM_Plants_Flowers_Rose_Climbing_04_A,SM_Plants_Flowers_Rose_Climbing_04_A,StaticMesh,占位/白盒/破碎测试
SilverPalace/Content/ArtRes/EnvRes/OpenWorld/PeerageDistrict/WhiteBox/Plant/Grass/Meshes/SM_Gen_Foliage_Grass_Lawn_A_Merge_CBT2.SM_Gen_Foliage_Grass_Lawn_A_Merge_CBT2,SM_Gen_Foliage_Grass_Lawn_A_Merge_CBT2,StaticMesh,占位/白盒/破碎测试
SilverPalace/Content/ArtRes/EnvRes/OpenWorld/PeerageDistrict/WhiteBox/Plant/Leaves/PD_Leaves_Leafpile_B/Meshes/SM_PD_Leaves_Leafpile_B_02.SM_PD_Leaves_Leafpile_B_02,SM_PD_Leaves_Leafpile_B_02,StaticMesh,占位/白盒/破碎测试
SilverPalace/Content/ArtRes/EnvRes/OpenWorld/PeerageDistrict/WhiteBox/Plant/PottedPlants/PottedPlants_A_01/Meshes/SM_PottedPlants_A_01.SM_PottedPlants_A_01,SM_PottedPlants_A_01,StaticMesh,占位/白盒/破碎测试
SilverPalace/Content/ArtRes/EnvRes/OpenWorld/PeerageDistrict/WhiteBox/Plant/Shrub/PD_Shrub_Hedge_A_01/Meshes/SM_PD_Shrub_Hedge_A_01.SM_PD_Shrub_Hedge_A_01,SM_PD_Shrub_Hedge_A_01,StaticMesh,占位/白盒/破碎测试
SilverPalace/Content/ArtRes/EnvRes/OpenWorld/PeerageDistrict/WhiteBox/Plant/Tree/PD_Tree_Sycamore_B_01/Meshes/SM_PD_Tree_Sycamore_B_02.SM_PD_Tree_Sycamore_B_02,SM_PD_Tree_Sycamore_B_02,StaticMesh,占位/白盒/破碎测试
SilverPalace/Content/ArtRes/EnvRes/OpenWorld/PeerageDistrict/WhiteBox/POI/Factory_A/Props/PH_Factory_Notice_Board_02A.PH_Factory_Notice_Board_02A,PH_Factory_Notice_Board_02A,StaticMesh,占位/白盒/破碎测试
SilverPalace/Content/ArtRes/EnvRes/OpenWorld/PeerageDistrict/WhiteBox/POI/Greenshore/Meshes/WB_GreenShoreSelection_01.WB_GreenShoreSelection_01,WB_GreenShoreSelection_01,StaticMesh,占位/白盒/破碎测试
SilverPalace/Content/ArtRes/EnvRes/OpenWorld/PeerageDistrict/WhiteBox/POI/Greenshore/Meshes/WB_GreenShoreSelection_02.WB_GreenShoreSelection_02,WB_GreenShoreSelection_02,StaticMesh,占位/白盒/破碎测试
SilverPalace/Content/ArtRes/EnvRes/OpenWorld/PeerageDistrict/WhiteBox/POI/ResearchLab/Meshes/WB_Paper_05.WB_Paper_05,WB_Paper_05,StaticMesh,占位/白盒/破碎测试
SilverPalace/Content/ArtRes/EnvRes/OpenWorld/PeerageDistrict/WhiteBox/POI/WB_OldEmbassy_A/PD_POI_OldEmbassy_Prison/Meshes/WB_PD_POI_OldEmbassy_Prison_A_Door_Metal_01.WB_PD_POI_OldEmbassy_Prison_A_Door_Metal_01,WB_PD_POI_OldEmbassy_Prison_A_Door_Metal_01,StaticMesh,占位/白盒/破碎测试
SilverPalace/Content/ArtRes/EnvRes/OpenWorld/PeerageDistrict/WhiteBox/POI/WB_OldEmbassy_A/PD_POI_OldEmbassy_Prison/Meshes/WB_PD_POI_OldEmbassy_Prison_A_Ground_Stone_01.WB_PD_POI_OldEmbassy_Prison_A_Ground_Stone_01,WB_PD_POI_OldEmbassy_Prison_A_Ground_Stone_01,StaticMesh,占位/白盒/破碎测试
SilverPalace/Content/ArtRes/EnvRes/OpenWorld/PeerageDistrict/WhiteBox/POI/WB_OldEmbassy_A/PD_POI_OldEmbassy_Prison/Meshes/WB_PD_POI_OldEmbassy_Prison_A_Wall_Stone_01.WB_PD_POI_OldEmbassy_Prison_A_Wall_Stone_01,WB_PD_POI_OldEmbassy_Prison_A_Wall_Stone_01,StaticMesh,占位/白盒/破碎测试
SilverPalace/Content/ArtRes/EnvRes/OpenWorld/PeerageDistrict/WhiteBox/POI/WB_OldEmbassy_A/PD_POI_OldEmbassy_Prison/Meshes/WB_PD_POI_OldEmbassy_Prison_A_Wall_Stone_02.WB_PD_POI_OldEmbassy_Prison_A_Wall_Stone_02,WB_PD_POI_OldEmbassy_Prison_A_Wall_Stone_02,StaticMesh,占位/白盒/破碎测试
SilverPalace/Content/ArtRes/EnvRes/OpenWorld/PeerageDistrict/WhiteBox/POI/WB_OldEmbassy_A/PD_POI_OldEmbassy_Prison/Meshes/WB_PD_POI_OldEmbassy_Prison_A_Wall_Stone_03.WB_PD_POI_OldEmbassy_Prison_A_Wall_Stone_03,WB_PD_POI_OldEmbassy_Prison_A_Wall_Stone_03,StaticMesh,占位/白盒/破碎测试
SilverPalace/Content/ArtRes/EnvRes/OpenWorld/PeerageDistrict/WhiteBox/POI/WB_OldEmbassy_A/PD_POI_OldEmbassy_Prison/Meshes/WB_PD_POI_OldEmbassy_Prison_A_Wall_Stone_04.WB_PD_POI_OldEmbassy_Prison_A_Wall_Stone_04,WB_PD_POI_OldEmbassy_Prison_A_Wall_Stone_04,StaticMesh,占位/白盒/破碎测试
SilverPalace/Content/ArtRes/EnvRes/OpenWorld/PeerageDistrict/WhiteBox/POI/WB_OldEmbassy_A/PD_POI_OldEmbassy_Prison/Meshes/WB_PD_POI_OldEmbassy_Prison_A_Wall_Stone_05.WB_PD_POI_OldEmbassy_Prison_A_Wall_Stone_05,WB_PD_POI_OldEmbassy_Prison_A_Wall_Stone_05,StaticMesh,占位/白盒/破碎测试
SilverPalace/Content/ArtRes/EnvRes/OpenWorld/PeerageDistrict/WhiteBox/POI/WB_Patisserie_A/Meshes/WB_PD_POI_ThePatisserieClub_Out_A_Pillar_Stone_01.WB_PD_POI_ThePatisserieClub_Out_A_Pillar_Stone_01,WB_PD_POI_ThePatisserieClub_Out_A_Pillar_Stone_01,StaticMesh,占位/白盒/破碎测试
SilverPalace/Content/ArtRes/EnvRes/OpenWorld/PeerageDistrict/WhiteBox/POI/WB_Patisserie_A/Meshes/WB_PD_POI_ThePatisserieClub_Out_A_Pillar_Stone_02.WB_PD_POI_ThePatisserieClub_Out_A_Pillar_Stone_02,WB_PD_POI_ThePatisserieClub_Out_A_Pillar_Stone_02,StaticMesh,占位/白盒/破碎测试
SilverPalace/Content/ArtRes/EnvRes/OpenWorld/PeerageDistrict/WhiteBox/POI/WB_Patisserie_A/Meshes/WB_PD_POI_ThePatisserieClub_Out_A_Pillar_Stone_03.WB_PD_POI_ThePatisserieClub_Out_A_Pillar_Stone_03,WB_PD_POI_ThePatisserieClub_Out_A_Pillar_Stone_03,StaticMesh,占位/白盒/破碎测试
SilverPalace/Content/ArtRes/EnvRes/OpenWorld/PeerageDistrict/WhiteBox/POI/WB_Patisserie_A/Meshes/WB_PD_POI_ThePatisserieClub_Out_A_Signboard_Metal_01.WB_PD_POI_ThePatisserieClub_Out_A_Signboard_Metal_01,WB_PD_POI_ThePatisserieClub_Out_A_Signboard_Metal_01,StaticMesh,占位/白盒/破碎测试
SilverPalace/Content/ArtRes/EnvRes/OpenWorld/PeerageDistrict/WhiteBox/POI/WB_Patisserie_A/Meshes/WB_PD_POI_ThePatisserieClub_Out_A_Signboard_Metal_02.WB_PD_POI_ThePatisserieClub_Out_A_Signboard_Metal_02,WB_PD_POI_ThePatisserieClub_Out_A_Signboard_Metal_02,StaticMesh,占位/白盒/破碎测试
SilverPalace/Content/ArtRes/EnvRes/OpenWorld/PeerageDistrict/WhiteBox/POI/WB_Patisserie_A/Meshes/WB_PD_POI_ThePatisserieClub_Out_A_Signboard_Metal_03.WB_PD_POI_ThePatisserieClub_Out_A_Signboard_Metal_03,WB_PD_POI_ThePatisserieClub_Out_A_Signboard_Metal_03,StaticMesh,占位/白盒/破碎测试
SilverPalace/Content/ArtRes/EnvRes/OpenWorld/PeerageDistrict/WhiteBox/POI/WB_Patisserie_A/Meshes/WB_PD_POI_ThePatisserieClub_Out_A_Signboard_Wood_01.WB_PD_POI_ThePatisserieClub_Out_A_Signboard_Wood_01,WB_PD_POI_ThePatisserieClub_Out_A_Signboard_Wood_01,StaticMesh,占位/白盒/破碎测试
SilverPalace/Content/ArtRes/EnvRes/OpenWorld/PeerageDistrict/WhiteBox/POI/WB_Patisserie_A/Meshes/WB_PD_POI_ThePatisserieClub_Out_A_Wall_Stone_01.WB_PD_POI_ThePatisserieClub_Out_A_Wall_Stone_01,WB_PD_POI_ThePatisserieClub_Out_A_Wall_Stone_01,StaticMesh,占位/白盒/破碎测试
SilverPalace/Content/ArtRes/EnvRes/OpenWorld/PeerageDistrict/WhiteBox/POI/WB_Patisserie_A/Meshes/WB_PD_POI_ThePatisserieClub_Out_A_Wall_Stone_02.WB_PD_POI_ThePatisserieClub_Out_A_Wall_Stone_02,WB_PD_POI_ThePatisserieClub_Out_A_Wall_Stone_02,StaticMesh,占位/白盒/破碎测试
SilverPalace/Content/ArtRes/EnvRes/OpenWorld/PeerageDistrict/WhiteBox/POI/WB_RealEstate_A/Meshes/WB_Gen_BLDN_Shop_UnitedRealEstate_A_Door_Wood_01.WB_Gen_BLDN_Shop_UnitedRealEstate_A_Door_Wood_01,WB_Gen_BLDN_Shop_UnitedRealEstate_A_Door_Wood_01,StaticMesh,占位/白盒/破碎测试
SilverPalace/Content/ArtRes/EnvRes/OpenWorld/PeerageDistrict/WhiteBox/POI/WB_RealEstate_A/Meshes/WB_Gen_BLDN_Shop_UnitedRealEstate_A_Pillar_Wood_01.WB_Gen_BLDN_Shop_UnitedRealEstate_A_Pillar_Wood_01,WB_Gen_BLDN_Shop_UnitedRealEstate_A_Pillar_Wood_01,StaticMesh,占位/白盒/破碎测试
SilverPalace/Content/ArtRes/EnvRes/OpenWorld/PeerageDistrict/WhiteBox/POI/WB_RealEstate_A/Meshes/WB_Gen_BLDN_Shop_UnitedRealEstate_A_Pillar_Wood_02.WB_Gen_BLDN_Shop_UnitedRealEstate_A_Pillar_Wood_02,WB_Gen_BLDN_Shop_UnitedRealEstate_A_Pillar_Wood_02,StaticMesh,占位/白盒/破碎测试
SilverPalace/Content/ArtRes/EnvRes/OpenWorld/PeerageDistrict/WhiteBox/POI/WB_RealEstate_A/Meshes/WB_Gen_BLDN_Shop_UnitedRealEstate_A_Rail_Metal_01.WB_Gen_BLDN_Shop_UnitedRealEstate_A_Rail_Metal_01,WB_Gen_BLDN_Shop_UnitedRealEstate_A_Rail_Metal_01,StaticMesh,占位/白盒/破碎测试
SilverPalace/Content/ArtRes/EnvRes/OpenWorld/PeerageDistrict/WhiteBox/POI/WB_RealEstate_A/Meshes/WB_Gen_BLDN_Shop_UnitedRealEstate_A_Signboard_Metal_01.WB_Gen_BLDN_Shop_UnitedRealEstate_A_Signboard_Metal_01,WB_Gen_BLDN_Shop_UnitedRealEstate_A_Signboard_Metal_01,StaticMesh,占位/白盒/破碎测试
SilverPalace/Content/ArtRes/EnvRes/OpenWorld/PeerageDistrict/WhiteBox/POI/WB_RealEstate_A/Meshes/WB_Gen_BLDN_Shop_UnitedRealEstate_A_Signboard_Wood_01.WB_Gen_BLDN_Shop_UnitedRealEstate_A_Signboard_Wood_01,WB_Gen_BLDN_Shop_UnitedRealEstate_A_Signboard_Wood_01,StaticMesh,占位/白盒/破碎测试
SilverPalace/Content/ArtRes/EnvRes/OpenWorld/PeerageDistrict/WhiteBox/POI/WB_RealEstate_A/Meshes/WB_Gen_BLDN_Shop_UnitedRealEstate_A_Signboard_Wood_02.WB_Gen_BLDN_Shop_UnitedRealEstate_A_Signboard_Wood_02,WB_Gen_BLDN_Shop_UnitedRealEstate_A_Signboard_Wood_02,StaticMesh,占位/白盒/破碎测试
SilverPalace/Content/ArtRes/EnvRes/OpenWorld/PeerageDistrict/WhiteBox/POI/WB_RealEstate_A/Meshes/WB_Gen_BLDN_Shop_UnitedRealEstate_A_Signboard_Wood_03.WB_Gen_BLDN_Shop_UnitedRealEstate_A_Signboard_Wood_03,WB_Gen_BLDN_Shop_UnitedRealEstate_A_Signboard_Wood_03,StaticMesh,占位/白盒/破碎测试
SilverPalace/Content/ArtRes/EnvRes/OpenWorld/PeerageDistrict/WhiteBox/POI/WB_RealEstate_A/Meshes/WB_Gen_BLDN_Shop_UnitedRealEstate_A_Signboard_Wood_04.WB_Gen_BLDN_Shop_UnitedRealEstate_A_Signboard_Wood_04,WB_Gen_BLDN_Shop_UnitedRealEstate_A_Signboard_Wood_04,StaticMesh,占位/白盒/破碎测试
SilverPalace/Content/ArtRes/EnvRes/OpenWorld/PeerageDistrict/WhiteBox/POI/WB_RealEstate_A/Meshes/WB_Gen_BLDN_Shop_UnitedRealEstate_A_Wall_Wood_01.WB_Gen_BLDN_Shop_UnitedRealEstate_A_Wall_Wood_01,WB_Gen_BLDN_Shop_UnitedRealEstate_A_Wall_Wood_01,StaticMesh,占位/白盒/破碎测试
SilverPalace/Content/ArtRes/EnvRes/OpenWorld/PeerageDistrict/WhiteBox/POI/WB_RealEstate_A/Meshes/WB_Gen_BLDN_Shop_UnitedRealEstate_A_Wall_Wood_02.WB_Gen_BLDN_Shop_UnitedRealEstate_A_Wall_Wood_02,WB_Gen_BLDN_Shop_UnitedRealEstate_A_Wall_Wood_02,StaticMesh,占位/白盒/破碎测试
SilverPalace/Content/ArtRes/EnvRes/OpenWorld/PeerageDistrict/WhiteBox/POI/WB_RealEstate_A/Meshes/WB_Gen_BLDN_Shop_UnitedRealEstate_A_Wall_Wood_03.WB_Gen_BLDN_Shop_UnitedRealEstate_A_Wall_Wood_03,WB_Gen_BLDN_Shop_UnitedRealEstate_A_Wall_Wood_03,StaticMesh,占位/白盒/破碎测试
SilverPalace/Content/ArtRes/EnvRes/OpenWorld/PeerageDistrict/WhiteBox/POI/WB_RealEstate_A/Meshes/WB_Gen_BLDN_Shop_UnitedRealEstate_A_Wall_Wood_04.WB_Gen_BLDN_Shop_UnitedRealEstate_A_Wall_Wood_04,WB_Gen_BLDN_Shop_UnitedRealEstate_A_Wall_Wood_04,StaticMesh,占位/白盒/破碎测试
SilverPalace/Content/ArtRes/EnvRes/Trigger/Bakery/Meshes/SM_PD_POI_Bakery_Out_A_Trigger_Stone_01.SM_PD_POI_Bakery_Out_A_Trigger_Stone_01,SM_PD_POI_Bakery_Out_A_Trigger_Stone_01,StaticMesh,天气/触发器
SilverPalace/Content/ArtRes/EnvRes/Trigger/CableCarStation/Meshes/SM_PD_BLDN_CableCarStation_In_A_Trigger_Stone_01.SM_PD_BLDN_CableCarStation_In_A_Trigger_Stone_01,SM_PD_BLDN_CableCarStation_In_A_Trigger_Stone_01,StaticMesh,天气/触发器
SilverPalace/Content/ArtRes/EnvRes/Trigger/Casinos/Meshes/Trigger_PD_POI_Casinos_Out_A_Wall_Stone_01.Trigger_PD_POI_Casinos_Out_A_Wall_Stone_01,Trigger_PD_POI_Casinos_Out_A_Wall_Stone_01,StaticMesh,天气/触发器
SilverPalace/Content/ArtRes/EnvRes/Trigger/Dairy/Meshes/SM_PD_POI_Dairy_Out_A_Trigger_Stone_01.SM_PD_POI_Dairy_Out_A_Trigger_Stone_01,SM_PD_POI_Dairy_Out_A_Trigger_Stone_01,StaticMesh,天气/触发器
SilverPalace/Content/ArtRes/EnvRes/Trigger/Factory/Meshes/Trigger_Dungeon_Factory_Wall_A_Stone_01.Trigger_Dungeon_Factory_Wall_A_Stone_01,Trigger_Dungeon_Factory_Wall_A_Stone_01,StaticMesh,天气/触发器
SilverPalace/Content/ArtRes/EnvRes/Trigger/HeartsArrows/Meshes/Trigger_PD_POI_HeartsArrows_Out_A_Wall_Stone_01.Trigger_PD_POI_HeartsArrows_Out_A_Wall_Stone_01,Trigger_PD_POI_HeartsArrows_Out_A_Wall_Stone_01,StaticMesh,天气/触发器
SilverPalace/Content/ArtRes/EnvRes/Trigger/HygieiaMedical/Meshes/SM_PD_POI_HygieiaMedical_A_Trigger_Stone_01.SM_PD_POI_HygieiaMedical_A_Trigger_Stone_01,SM_PD_POI_HygieiaMedical_A_Trigger_Stone_01,StaticMesh,天气/触发器
SilverPalace/Content/ArtRes/EnvRes/Trigger/MidsummerNightsBar/Meshes/SM_PD_POI_MidsummerNightsBar_Out_A_Trigger_Stone_01.SM_PD_POI_MidsummerNightsBar_Out_A_Trigger_Stone_01,SM_PD_POI_MidsummerNightsBar_Out_A_Trigger_Stone_01,StaticMesh,天气/触发器
SilverPalace/Content/ArtRes/EnvRes/Trigger/NightfallBoozers/Meshes/SM_PD_POI_NightfallBoozers_Out_A_Trigger_Stone_01.SM_PD_POI_NightfallBoozers_Out_A_Trigger_Stone_01,SM_PD_POI_NightfallBoozers_Out_A_Trigger_Stone_01,StaticMesh,天气/触发器
SilverPalace/Content/ArtRes/EnvRes/Trigger/Perfume/Meshes/SM_PD_POI_Perfume_Out_A_Trigger_Stone_01.SM_PD_POI_Perfume_Out_A_Trigger_Stone_01,SM_PD_POI_Perfume_Out_A_Trigger_Stone_01,StaticMesh,天气/触发器
SilverPalace/Content/ArtRes/EnvRes/Trigger/PierreKitchen/Meshes/Trigger_PD_POI_PierreKitchen_Wall_Stone_01.Trigger_PD_POI_PierreKitchen_Wall_Stone_01,Trigger_PD_POI_PierreKitchen_Wall_Stone_01,StaticMesh,天气/触发器
SilverPalace/Content/ArtRes/EnvRes/Trigger/PizzaShop/Meshes/SM_PD_POI_PizzaShop_Out_A_Trigger_Stone_01.SM_PD_POI_PizzaShop_Out_A_Trigger_Stone_01,SM_PD_POI_PizzaShop_Out_A_Trigger_Stone_01,StaticMesh,天气/触发器
SilverPalace/Content/ArtRes/EnvRes/Trigger/PoliceOffice/Meshes/SM_PD_BLDN_PoliceOffice_A_Trigger_Box01.SM_PD_BLDN_PoliceOffice_A_Trigger_Box01,SM_PD_BLDN_PoliceOffice_A_Trigger_Box01,StaticMesh,天气/触发器
SilverPalace/Content/ArtRes/EnvRes/Trigger/PostOffice/Meshes/SM_PD_POI_PostOffice_Out_A_Trigger_Stone_01.SM_PD_POI_PostOffice_Out_A_Trigger_Stone_01,SM_PD_POI_PostOffice_Out_A_Trigger_Stone_01,StaticMesh,天气/触发器
SilverPalace/Content/ArtRes/EnvRes/Trigger/QuadricMall/Meshes/SM_PD_POI_QuadricMall_Out_A_Trigger_Stone_01.SM_PD_POI_QuadricMall_Out_A_Trigger_Stone_01,SM_PD_POI_QuadricMall_Out_A_Trigger_Stone_01,StaticMesh,天气/触发器
SilverPalace/Content/ArtRes/EnvRes/Trigger/RoyalBank/Meshes/SM_PD_POI_BankVIPRoom_Out_A_Trigger_Stone_01.SM_PD_POI_BankVIPRoom_Out_A_Trigger_Stone_01,SM_PD_POI_BankVIPRoom_Out_A_Trigger_Stone_01,StaticMesh,天气/触发器
SilverPalace/Content/ArtRes/EnvRes/Trigger/RoyalBank/Meshes/SM_PD_POI_RoyalBank_Out_A_Trigger_Stone_01.SM_PD_POI_RoyalBank_Out_A_Trigger_Stone_01,SM_PD_POI_RoyalBank_Out_A_Trigger_Stone_01,StaticMesh,天气/触发器
SilverPalace/Content/ArtRes/EnvRes/Trigger/Solferino/Meshes/SM_PD_POI_Solferino_Out_A_Trigger_Stone_01.SM_PD_POI_Solferino_Out_A_Trigger_Stone_01,SM_PD_POI_Solferino_Out_A_Trigger_Stone_01,StaticMesh,天气/触发器
SilverPalace/Content/ArtRes/EnvRes/Trigger/SolferinoBranch/Meshes/SM_PD_POI_SolferinoBranch_Out_A_Trigger_Stone_01.SM_PD_POI_SolferinoBranch_Out_A_Trigger_Stone_01,SM_PD_POI_SolferinoBranch_Out_A_Trigger_Stone_01,StaticMesh,天气/触发器
SilverPalace/Content/ArtRes/EnvRes/Trigger/STATS/Meshes/SM_PD_POI_STATS_Out_A_Trigger_Stone_01.SM_PD_POI_STATS_Out_A_Trigger_Stone_01,SM_PD_POI_STATS_Out_A_Trigger_Stone_01,StaticMesh,天气/触发器
SilverPalace/Content/ArtRes/EnvRes/Trigger/TheCornerClinic/Meshes/SM_PD_POI_TheCornerClinic_In_A_Trigger_Box_01.SM_PD_POI_TheCornerClinic_In_A_Trigger_Box_01,SM_PD_POI_TheCornerClinic_In_A_Trigger_Box_01,StaticMesh,天气/触发器
SilverPalace/Content/ArtRes/EnvRes/Trigger/Warehouse/Meshes/SM_PD_POI_Warehouse_Out_A_Trigger_Stone_01.SM_PD_POI_Warehouse_Out_A_Trigger_Stone_01,SM_PD_POI_Warehouse_Out_A_Trigger_Stone_01,StaticMesh,天气/触发器
SilverPalace/Content/ArtRes/EnvRes/Weather/Mesh/Cloud.Cloud,Cloud,StaticMesh,天气/触发器
SilverPalace/Content/ArtRes/EnvRes/Weather/Mesh/FakeCloud/SM_FakeCloud_01.SM_FakeCloud_01,SM_FakeCloud_01,StaticMesh,天气/触发器
SilverPalace/Content/ArtRes/EnvRes/Weather/Mesh/FakeCloud/SM_FakeCloud_04.SM_FakeCloud_04,SM_FakeCloud_04,StaticMesh,天气/触发器
SilverPalace/Content/ArtRes/EnvRes/Weather/Mesh/FakeCloud/SM_FakeCloud_05.SM_FakeCloud_05,SM_FakeCloud_05,StaticMesh,天气/触发器
SilverPalace/Content/ArtRes/EnvRes/Weather/Mesh/FakeCloud/SM_FakeCloud_06.SM_FakeCloud_06,SM_FakeCloud_06,StaticMesh,天气/触发器
SilverPalace/Content/ArtRes/EnvRes/Weather/Mesh/FakeCloud/SM_FakeCloud_08.SM_FakeCloud_08,SM_FakeCloud_08,StaticMesh,天气/触发器
SilverPalace/Content/ArtRes/EnvRes/Weather/Mesh/FakeCloud/SM_FakeCloud_601.SM_FakeCloud_601,SM_FakeCloud_601,StaticMesh,天气/触发器
SilverPalace/Content/ArtRes/EnvRes/Weather/Mesh/FakeCloud/SM_FakeCloud_602.SM_FakeCloud_602,SM_FakeCloud_602,StaticMesh,天气/触发器
SilverPalace/Content/ArtRes/EnvRes/Weather/Mesh/FakeCloud/SM_FakeCloud_604.SM_FakeCloud_604,SM_FakeCloud_604,StaticMesh,天气/触发器
SilverPalace/Content/ArtRes/EnvRes/Weather/Mesh/FakeCloud/SM_FakeCloud_607.SM_FakeCloud_607,SM_FakeCloud_607,StaticMesh,天气/触发器
SilverPalace/Content/ArtRes/EnvRes/Weather/Mesh/FakeCloud/SM_FakeCloud_608.SM_FakeCloud_608,SM_FakeCloud_608,StaticMesh,天气/触发器
SilverPalace/Content/ArtRes/EnvRes/Weather/Mesh/Ocean/SM_Ocean_001.SM_Ocean_001,SM_Ocean_001,StaticMesh,天气/触发器
SilverPalace/Content/ArtRes/EnvRes/Weather/Mesh/SkySphere_Big.SkySphere_Big,SkySphere_Big,StaticMesh,天气/触发器
SilverPalace/Content/ArtRes/EnvRes/Weather/Mesh/SkySphereCloud.SkySphereCloud,SkySphereCloud,StaticMesh,天气/触发器
SilverPalace/Content/ArtRes/EnvRes/Weather/Mesh/SM_LightBeam.SM_LightBeam,SM_LightBeam,StaticMesh,天气/触发器
SilverPalace/Content/ArtRes/EnvRes/Weather/Mesh/SM_PlanetRing.SM_PlanetRing,SM_PlanetRing,StaticMesh,天气/触发器
SilverPalace/Content/ArtRes/EnvRes/Weather/Mesh/Smoke/SM_SplineSmoke_001.SM_SplineSmoke_001,SM_SplineSmoke_001,StaticMesh,天气/触发器
SilverPalace/Content/ArtRes/EnvRes/Weather/Mesh/Smoke/SM_SplineSmoke_002.SM_SplineSmoke_002,SM_SplineSmoke_002,StaticMesh,天气/触发器
SilverPalace/Content/ArtRes/EnvRes/Weather/Mesh/Smoke/SM_SplineSmoke_003.SM_SplineSmoke_003,SM_SplineSmoke_003,StaticMesh,天气/触发器
